原料ID,原料名称,阶段,下一步动作,问题代码,问题详情,主档案 USDA 食物,主档案 FDC ID,主档案状态,主档案入库状态,次级 USDA 档案数,总档案映射数,待审 USDA 候选数,已确认 USDA 候选数,已拒绝 USDA 候选数,最佳候选ID,最佳候选 FDC ID,最佳候选食物,最佳候选分数,最佳候选置信度,Agent 状态,Ingredient 当前来源,Ingredient 当前 externalId
122bd9c9-5fc3-408f-b807-a2cbe6b6011d,青口贝,需要重新查找/导入 USDA 候选,重新查找 USDA 候选，或手动导入 USDA FDC ID,,,,,,,0,0,0,0,0,,,,0,,,,
a096a894-c964-474e-99d0-65bfcc20e8ff,沙丁鱼,需要重新查找/导入 USDA 候选,重新查找 USDA 候选，或手动导入 USDA FDC ID,,,,,,,0,0,0,0,0,,,,0,,,,
d04a0466-bcff-4b76-bdf3-e0d95718f779,鸭心,需要重新查找/导入 USDA 候选,重新查找 USDA 候选，或手动导入 USDA FDC ID,,,,,,,0,0,0,0,0,,,,0,,,,
ffef50ee-c786-4985-9ce1-a447d30415ec,鸭胗,需要重新查找/导入 USDA 候选,重新查找 USDA 候选，或手动导入 USDA FDC ID,,,,,,,0,0,0,0,0,,,,0,,,,
95c363e3-8ec9-4507-97f3-7536eec36bd3,薏仁米,需要重新查找/导入 USDA 候选,重新查找 USDA 候选，或手动导入 USDA FDC ID,,,,,,,0,0,0,0,0,,,,0,,,,
7f3985db-ea12-49a1-8ff7-8d196e018b28,鹌鹑蛋,已有 USDA 主档案,已入库；后续只需抽样验收或补充次级档案,,,"Egg, quail, whole, fresh, raw",172191,生 / 整体 / 未加工,VERIFIED,0,1,1,0,0,339ba997-889e-4cae-a458-8e63fbb93e39,172191,"Egg, quail, whole, fresh, raw",0.87,HIGH,,USDA,172191
150f1238-375a-40a4-a41a-46836a400759,巴旦木,已有 USDA 主档案,已入库；后续只需抽样验收或补充次级档案,,,"Nuts, almonds",170567,干 / 标准可食部 / 未加工,VERIFIED,0,1,2,0,0,344c01bf-d281-4b91-aad2-054de5619d55,170568,"Nuts, almonds, blanched",0.87,HIGH,,USDA,170567
11b57ce1-1e24-432a-87a4-230bad0a453c,巴西坚果,已有 USDA 主档案,已入库；后续只需抽样验收或补充次级档案,,,"Nuts, brazilnuts, dried, unblanched",170569,干 / 标准可食部 / 未加工,VERIFIED,0,1,1,0,0,b75024a5-5fab-4519-8cbf-bd3163c13535,170569,"Nuts, brazilnuts, dried, unblanched",0.87,HIGH,,USDA,170569
65116a1d-b26d-4c4d-96b7-d01d0b72321f,白萝卜,已有 USDA 主档案,已入库；后续只需抽样验收或补充次级档案,,,"Radishes, oriental, raw",168451,生 / 标准可食部 / 未加工,VERIFIED,1,2,1,0,0,6a90f9e6-5afb-444a-bb4d-4f3a4aeca2b1,168451,"Radishes, oriental, raw",0.98,HIGH,COMPLETED,USDA,168451
2fe3160a-d025-4432-a43e-56f6198fe425,白蘑菇,已有 USDA 主档案,已入库；后续只需抽样验收或补充次级档案,,,"Mushrooms, white, raw",169251,生 / 标准可食部 / 未加工,VERIFIED,1,2,0,0,0,,,,0,,,USDA,169251
0d74f165-d928-4b11-9ed0-d8ed36580e52,白芝麻,已有 USDA 主档案,已入库；后续只需抽样验收或补充次级档案,,,"Seeds, sesame seed kernels, dried (decorticated)",169412,干 / 标准可食部 / 未加工,VERIFIED,0,1,2,0,0,4c2999da-3885-4323-8307-d23f9c7786de,170150,"Seeds, sesame seeds, whole, dried",0.87,HIGH,,USDA,169412
8e16edd0-9463-4dfc-b28f-36cd6feca1e6,比目鱼,已有 USDA 主档案,已入库；后续只需抽样验收或补充次级档案,,,"Fish, flatfish (flounder and sole species), raw",174196,生 / 标准可食部 / 未加工,VERIFIED,1,2,2,0,0,187c14f4-0f53-4cdd-a83d-a86cb7d48993,174196,"Fish, flatfish (flounder and sole species), raw",0.95,HIGH,,USDA,174196
232f7522-78e2-4a4a-83e5-55feebddb618,菠菜,已有 USDA 主档案,已入库；后续只需抽样验收或补充次级档案,,,"Spinach, raw",168462,生 / 标准可食部 / 未加工,VERIFIED,1,2,2,0,0,191d1e49-54ea-482e-be78-ce2620272b5c,168462,"Spinach, raw",0.98,HIGH,COMPLETED,USDA,168462
74ab3c12-e25f-464e-a12b-b24e3e9ef2b8,菠萝,已有 USDA 主档案,已入库；后续只需抽样验收或补充次级档案,,,"Pineapple, raw, traditional varieties",168193,生 / 标准可食部 / 未加工,VERIFIED,0,1,2,0,0,38e0af4d-0d89-42cf-95fd-ef0b454002f2,168193,"Pineapple, raw, traditional varieties",0.98,HIGH,COMPLETED,USDA,168193
7dff8839-3134-48e4-b46f-f34792b7e13e,糙米,已有 USDA 主档案,已入库；后续只需抽样验收或补充次级档案,,,"Rice, brown, long-grain, raw (Includes foods for USDA's Food Distribution Program)",169703,生 / 标准可食部 / 未加工,VERIFIED,1,2,2,0,0,472e025a-cf37-4b68-acad-5c731ed5f715,169706,"Rice, brown, medium-grain, raw (Includes foods for USDA's Food Distribution Program)",0.95,HIGH,,USDA,169703
403bc179-a556-450d-8138-482d5bfae1c6,大豆,已有 USDA 主档案,已入库；后续只需抽样验收或补充次级档案,,,"Soybeans, mature seeds, raw",174270,生 / 标准可食部 / 未加工,VERIFIED,0,1,2,0,0,f88c8683-acb4-4d09-bca9-a533647402c4,169284,"Soybeans, mature seeds, sprouted, raw",0.98,HIGH,COMPLETED,USDA,174270
51077e61-6382-44cc-a949-1cab2b21f6ae,大米,已有 USDA 主档案,已入库；后续只需抽样验收或补充次级档案,,,"Rice, white, long-grain, regular, raw, unenriched",169756,生 / 标准可食部 / 未加工,VERIFIED,1,2,2,0,0,b3a1b2c7-2917-49de-a3a6-4cae8383370e,168877,"Rice, white, long-grain, regular, raw, enriched",0.98,HIGH,COMPLETED,USDA,169756
3d23cb09-98a5-405a-831c-e6c555a0b6d5,丁香粉,已有 USDA 主档案,已入库；后续只需抽样验收或补充次级档案,,,"Spices, cloves, ground",171321,粉 / 标准可食部 / 粉碎,VERIFIED,0,1,1,0,0,1a62ee83-b566-436f-89b8-51f42d1cb38d,171321,"Spices, cloves, ground",0.87,HIGH,,USDA,171321
dd4d71d0-e080-4565-9667-79ba62457801,冬瓜,已有 USDA 主档案,已入库；后续只需抽样验收或补充次级档案,,,"Waxgourd, (chinese preserving melon), raw",170069,生 / 标准可食部 / 未加工,VERIFIED,1,2,1,0,0,776f1555-41bb-468b-9daa-0b07f24a1911,170069,"Waxgourd, (chinese preserving melon), raw",0.95,HIGH,,USDA,170069
7c2ca065-0f8e-4c80-88e7-949469cacdcb,豆腐,已有 USDA 主档案,已入库；后续只需抽样验收或补充次级档案,,,"Tofu, raw, firm, prepared with calcium sulfate",172475,生 / 标准可食部 / 未加工,VERIFIED,0,1,2,0,0,23c43c8d-01e9-4997-bd15-149b95a1cda0,172476,"Tofu, raw, regular, prepared with calcium sulfate",0.98,HIGH,COMPLETED,USDA,172475
b79627c1-5242-41e4-8995-a3968a9873e7,鹅肝,已有 USDA 主档案,已入库；后续只需抽样验收或补充次级档案,,,"Goose, liver, raw",172415,生 / 标准可食部 / 未加工,VERIFIED,0,1,2,0,0,b7a6e02a-4037-4d65-9c71-ae9880909433,172415,"Goose, liver, raw",0.98,HIGH,,USDA,172415
b3d7b819-0740-4f1e-9dd5-2686af3c0f42,鹅胸肉,已有 USDA 主档案,已入库；后续只需抽样验收或补充次级档案,,,"Goose, domesticated, meat only, raw",172413,生 / 标准可食部 / 未加工,VERIFIED,1,2,2,0,0,9432d3ee-5129-427f-96f4-04e20f64ecd0,172413,"Goose, domesticated, meat only, raw",0.75,MEDIUM,,USDA,172413
11109405-71c3-4aec-81f9-7fa57941c77f,橄榄油,已有 USDA 主档案,已入库；后续只需抽样验收或补充次级档案,,,"Oil, olive, salad or cooking",171413,油脂 / 标准可食部 / 未加工,VERIFIED,0,1,2,0,0,e9252639-203e-4d9a-b268-3450553c0297,171413,"Oil, olive, salad or cooking",0.87,HIGH,,USDA,171413
b9ff898d-2ecc-41d1-8b46-df6986548386,核桃,已有 USDA 主档案,已入库；后续只需抽样验收或补充次级档案,,,"Nuts, walnuts, english",170187,干 / 标准可食部 / 未加工,VERIFIED,0,1,2,0,0,40290ee7-b565-475b-a0e8-62ac21613a6b,170187,"Nuts, walnuts, english",0.87,HIGH,,USDA,170187
d72da578-0faa-4ed3-9e64-1665365904d0,黑木耳,已有 USDA 主档案,已入库；后续只需抽样验收或补充次级档案,,,"Jew's ear, (pepeao), raw",169237,生 / 标准可食部 / 未加工,VERIFIED,0,1,0,0,0,,,,0,,,USDA,169237
f00e71ae-d647-409c-b012-d6cd992bf868,红薯,已有 USDA 主档案,已入库；后续只需抽样验收或补充次级档案,,,"Sweet potato, raw, unprepared (Includes foods for USDA's Food Distribution Program)",168482,生 / 标准可食部 / 未加工,VERIFIED,1,2,2,0,0,f881d19b-480d-4047-bae7-fe2e655e087a,169303,"Sweet potato leaves, raw",0.98,HIGH,COMPLETED,USDA,168482
55c55405-9c9a-41ec-8bd6-6a67eed92528,红甜椒,已有 USDA 主档案,已入库；后续只需抽样验收或补充次级档案,,,"Peppers, sweet, red, raw",170108,生 / 标准可食部 / 未加工,VERIFIED,1,2,2,0,0,a7ba4dfb-32a3-4671-ab45-3a88b7f9fd41,170108,"Peppers, sweet, red, raw",0.95,HIGH,,USDA,170108
91a7901b-4875-42a6-a4c2-e1180084a253,红小豆,已有 USDA 主档案,已入库；后续只需抽样验收或补充次级档案,,,"Beans, adzuki, mature seeds, raw",173727,生 / 标准可食部 / 未加工,VERIFIED,1,2,2,0,0,3cf4dc76-62e6-4a0c-a925-9378cdf94f47,173727,"Beans, adzuki, mature seeds, raw",0.95,HIGH,,USDA,173727
3342def2-9f87-4457-87b0-1095631d98e1,胡萝卜,已有 USDA 主档案,已入库；后续只需抽样验收或补充次级档案,,,"Carrots, raw",170393,生 / 标准可食部 / 未加工,VERIFIED,1,2,2,0,0,cbe21848-1332-4023-a70e-8473c13f71cc,170393,"Carrots, raw",0.95,HIGH,,USDA,170393
1c25509f-7a38-4885-afe2-f9e925e32819,花椰菜,已有 USDA 主档案,已入库；后续只需抽样验收或补充次级档案,,,"Cauliflower, raw",169986,生 / 标准可食部 / 未加工,VERIFIED,1,2,2,0,0,79f76c65-b071-4e98-a176-c0e130c57d0e,169389,"Cauliflower, green, raw",0.98,HIGH,COMPLETED,USDA,169986
a8d6cb88-03d7-4bb2-a2d4-8a4ecf9960dc,黄瓜,已有 USDA 主档案,已入库；后续只需抽样验收或补充次级档案,,,"Cucumber, with peel, raw",168409,生 / 带皮 / 未加工,VERIFIED,1,2,0,2,0,,,,0,,,USDA,168409
777d61fa-55cb-49e0-83f6-852e3c63e8f5,火鸡胸,已有 USDA 主档案,已入库；后续只需抽样验收或补充次级档案,,,"Turkey, whole, breast, meat only, raw",171098,生 / 标准可食部 / 未加工,VERIFIED,1,2,2,0,0,e2eb84df-f857-4e81-8005-b3fe5eb95c9d,172962,"Chicken breast, fat-free, mesquite flavor, sliced",0.85,HIGH,,USDA,171098
edb7d4b7-9fc3-4daa-ac3e-509d325a94a6,火麻籽,已有 USDA 主档案,已入库；后续只需抽样验收或补充次级档案,,,"Seeds, hemp seed, hulled",170148,干 / 标准可食部 / 未加工,VERIFIED,0,1,1,0,0,05c50f7f-1ccd-48ff-ac00-d55ab10cca94,170148,"Seeds, hemp seed, hulled",0.87,HIGH,,USDA,170148
59f0ca5c-5e6e-448b-baf0-8d7e82e92750,鸡蛋,已有 USDA 主档案,已入库；后续只需抽样验收或补充次级档案,,,"Egg, whole, raw, fresh",171287,生 / 整体 / 未加工,VERIFIED,1,2,4,0,0,36e1bb26-625f-4740-8c74-de38fcc48c8a,323604,"Egg, whole, raw, frozen, pasteurized",0.98,HIGH,COMPLETED,USDA,171287
d4c3da92-2631-411c-8dde-fd6aff0f1955,鸡肝,已有 USDA 主档案,已入库；后续只需抽样验收或补充次级档案,,,"Chicken, liver, all classes, raw",171060,生 / 标准可食部 / 未加工,VERIFIED,1,2,2,0,0,eb88955b-3e6d-43d2-a088-8f6b7d1e4498,171060,"Chicken, liver, all classes, raw",0.98,HIGH,,USDA,171060
4614cac9-7037-4a26-9bd6-b3d1157a11a7,鸡腿肉,已有 USDA 主档案,已入库；后续只需抽样验收或补充次级档案,,,"Chicken, broilers or fryers, dark meat, thigh, meat only, raw",173627,生 / 标准可食部 / 未加工,VERIFIED,1,2,2,0,0,8a02c2e4-901c-4c87-a6df-19ee3760e289,172855,"Chicken, skin (drumsticks and thighs), raw",0.98,HIGH,,USDA,173627
f52e2b3a-619f-436b-a673-dd3f59511aeb,鸡心,已有 USDA 主档案,已入库；后续只需抽样验收或补充次级档案,,,"Chicken, heart, all classes, raw",171458,生 / 标准可食部 / 未加工,VERIFIED,1,2,2,0,0,396267fa-f9bc-4f19-94b8-b77cf202fc19,171458,"Chicken, heart, all classes, raw",0.98,HIGH,,USDA,171458
4cdd7736-cc6b-47a0-93f2-bb97bb42a49f,鸡胸,已有 USDA 主档案,已入库；后续只需抽样验收或补充次级档案,,,"Chicken, broiler or fryers, breast, skinless, boneless, meat only, raw",171077,生 / 去皮 / 未加工,VERIFIED,1,2,2,0,0,1e69c4dc-fdeb-457c-be4d-6a3906aabb30,172962,"Chicken breast, fat-free, mesquite flavor, sliced",0.85,HIGH,,USDA,171077
87843f88-c311-44a1-b9a9-726430b484e6,鸡胸【有机】,已有 USDA 主档案,已入库；后续只需抽样验收或补充次级档案,,,"Chicken, broiler or fryers, breast, skinless, boneless, meat only, raw",171077,生 / 去皮 / 未加工,VERIFIED,1,2,2,0,0,9e628096-f4d8-4d0a-9fcb-fd6605ff9339,172962,"Chicken breast, fat-free, mesquite flavor, sliced",0.85,HIGH,,USDA,171077
657419c4-2dd3-4c73-ad59-5e939eecbb32,鸡胗,已有 USDA 主档案,已入库；后续只需抽样验收或补充次级档案,,,"Chicken, gizzard, all classes, raw",171456,生 / 标准可食部 / 未加工,VERIFIED,1,2,2,0,0,c43e4b83-98df-466d-88e8-b16059dc27ba,171456,"Chicken, gizzard, all classes, raw",0.98,HIGH,,USDA,171456
0e162e27-1eed-4d52-b776-52303902acd0,茄子,已有 USDA 主档案,已入库；后续只需抽样验收或补充次级档案,,,"Eggplant, raw",169228,生 / 标准可食部 / 未加工,VERIFIED,1,2,2,0,0,32d9a716-58d6-48ce-acba-62efdbfd2497,169228,"Eggplant, raw",0.98,HIGH,COMPLETED,USDA,169228
92e0314a-5a6d-44c5-a2f3-ed6ddfa6311d,姜粉,已有 USDA 主档案,已入库；后续只需抽样验收或补充次级档案,,,"Spices, ginger, ground",170926,粉 / 标准可食部 / 粉碎,VERIFIED,0,1,1,0,0,f3a99bee-6c6e-4a27-bd16-59cb013b1b0f,170926,"Spices, ginger, ground",0.87,HIGH,,USDA,170926
a17130e6-fe75-4efc-88b6-4bfc325073a4,姜黄粉,已有 USDA 主档案,已入库；后续只需抽样验收或补充次级档案,,,"Spices, turmeric, ground",172231,粉 / 标准可食部 / 粉碎,VERIFIED,0,1,1,0,0,ce2d912d-5bf9-4d38-b4e3-918d6210837c,172231,"Spices, turmeric, ground",0.87,HIGH,,USDA,172231
c047e345-1958-4eaf-865a-565360b0b097,金针菇,已有 USDA 主档案,已入库；后续只需抽样验收或补充次级档案,,,"Mushrooms, enoki, raw",169382,生 / 标准可食部 / 未加工,VERIFIED,0,1,1,0,0,573ea11d-c85e-494e-bd86-aa4adff455ba,169382,"Mushrooms, enoki, raw",0.95,HIGH,,USDA,169382
6469b51f-0a73-4982-afea-1777170cdf6a,卷心菜,已有 USDA 主档案,已入库；后续只需抽样验收或补充次级档案,,,"Cabbage, common (danish, domestic, and pointed types), freshly harvest, raw",169335,生 / 标准可食部 / 未加工,VERIFIED,1,2,2,0,3,3c1f9ab4-2529-4da8-ba1e-4822593d5e7c,169336,"Cabbage, common (danish, domestic, and pointed types), stored, raw",0.9,HIGH,COMPLETED,USDA,169335
362af701-3985-4b4e-a692-9c0ec46262e5,咖喱粉,已有 USDA 主档案,已入库；后续只需抽样验收或补充次级档案,,,"Spices, curry powder",170924,粉 / 标准可食部 / 粉碎,VERIFIED,0,1,1,0,0,846e9328-ac7e-4242-b88d-9ea13f4d4718,170924,"Spices, curry powder",0.87,HIGH,,USDA,170924
640fa120-3110-4cfb-8e1a-f4b1e848d608,葵花籽油,已有 USDA 主档案,已入库；后续只需抽样验收或补充次级档案,,,"Oil, sunflower, linoleic (less than 60%)",171017,油脂 / 标准可食部 / 未加工,VERIFIED,0,1,2,0,0,3ae34aa1-aa29-4e46-9603-71acabc4db98,171025,"Oil, sunflower, linoleic, (approx. 65%)",0.87,HIGH,,USDA,171017
aad5895e-e7cd-4aab-aa1a-6d237c3e1131,蓝莓,已有 USDA 主档案,已入库；后续只需抽样验收或补充次级档案,,,"Blueberries, raw",171711,生 / 标准可食部 / 未加工,VERIFIED,0,1,2,0,0,c8864ec3-aa06-4baa-8383-543c03d35fb7,171711,"Blueberries, raw",0.98,HIGH,COMPLETED,USDA,171711
79cd6603-3d7a-439e-b0fa-8ee89f6c03c8,梨（鲜）,已有 USDA 主档案,已入库；后续只需抽样验收或补充次级档案,,,"Pears, raw",169118,生 / 标准可食部 / 未加工,VERIFIED,0,1,2,0,0,6cb9c22c-42ae-41b1-8ff0-cb1ee7fc20d8,746773,"Pears, raw, bartlett",0.98,HIGH,COMPLETED,USDA,169118
1f095b44-dd15-4f2b-846a-c62c7668b786,藜麦,已有 USDA 主档案,已入库；后续只需抽样验收或补充次级档案,,,"Quinoa, uncooked",168874,生 / 标准可食部 / 未加工,VERIFIED,1,2,2,0,0,0d84c584-9ea8-40c6-9a98-895eef170fc5,168874,"Quinoa, uncooked",0.72,MEDIUM,,USDA,168874
c42b2e6b-f558-4038-b5eb-3605628290f2,芦笋,已有 USDA 主档案,已入库；后续只需抽样验收或补充次级档案,,,"Asparagus, raw",168389,生 / 标准可食部 / 未加工,VERIFIED,1,2,2,0,0,1be75136-bc99-45ac-8ee2-e5d0fb9ec2d1,168389,"Asparagus, raw",0.98,HIGH,COMPLETED,USDA,168389
a88da3aa-0f5d-487f-aa46-8b0338fea689,鹿腿肉,已有 USDA 主档案,已入库；后续只需抽样验收或补充次级档案,,,"Game meat, deer, raw",173855,生 / 标准可食部 / 未加工,VERIFIED,1,2,1,0,0,306a31e6-5ed4-4e6d-bfd7-6a614b79c7ab,167622,"Deer (venison), sitka, raw (Alaska Native)",0.95,HIGH,,USDA,173855
1c70d7d0-c674-41c6-95c2-ddd51319610e,绿豆,已有 USDA 主档案,已入库；后续只需抽样验收或补充次级档案,,,"Mung beans, mature seeds, raw",174256,生 / 标准可食部 / 未加工,VERIFIED,1,2,2,0,0,2793de5c-4b98-42d0-b7b5-d2c25a17f459,174256,"Mung beans, mature seeds, raw",0.98,HIGH,COMPLETED,USDA,174256
2b2d66a5-f276-443a-b898-7d5ec6a4efb2,绿豆芽,已有 USDA 主档案,已入库；后续只需抽样验收或补充次级档案,,,"Mung beans, mature seeds, sprouted, raw",169957,生 / 标准可食部 / 未加工,VERIFIED,1,2,2,0,0,c9a93aa9-6400-49de-8ef8-2d544affff14,169957,"Mung beans, mature seeds, sprouted, raw",0.98,HIGH,COMPLETED,USDA,169957
d96db83b-aee2-438c-935c-d0f31f6a70db,罗非鱼,已有 USDA 主档案,已入库；后续只需抽样验收或补充次级档案,,,"Fish, tilapia, raw",175176,生 / 标准可食部 / 未加工,VERIFIED,1,2,2,0,0,8fbd714d-a237-42db-97cb-2927ca41e1a3,175176,"Fish, tilapia, raw",0.95,HIGH,,USDA,175176
0f4d72fe-f403-44af-83a6-7f12033eba35,马肉,已有 USDA 主档案,已入库；后续只需抽样验收或补充次级档案,,,"Game meat, horse, raw",175086,生 / 标准可食部 / 未加工,VERIFIED,1,2,0,0,0,,,,0,,,USDA,175086
acfa60ff-e014-4289-92eb-7d38a6216ecc,木瓜,已有 USDA 主档案,已入库；后续只需抽样验收或补充次级档案,,,"Papayas, raw",169926,生 / 标准可食部 / 未加工,VERIFIED,0,1,2,0,0,45b31de8-51aa-4cdb-8276-981abf947f56,169926,"Papayas, raw",0.95,HIGH,,USDA,169926
b337ed6b-629a-4c4c-b818-45fff49b46b4,南瓜,已有 USDA 主档案,已入库；后续只需抽样验收或补充次级档案,,,"Pumpkin, raw",168448,生 / 标准可食部 / 未加工,VERIFIED,1,2,1,0,3,d7a8728c-6193-43df-a662-1bcbad53ec04,168448,"Pumpkin, raw",0.8,MEDIUM,,USDA,168448
952cc178-8ce5-4bd6-b11b-b25a6b3ce604,牛肝,已有 USDA 主档案,已入库；后续只需抽样验收或补充次级档案,,,"Beef, variety meats and by-products, liver, raw",169451,生 / 标准可食部 / 未加工,VERIFIED,1,2,2,0,0,e93478a0-d240-4ff1-b683-44186d222ad2,169451,"Beef, variety meats and by-products, liver, raw",0.98,HIGH,COMPLETED,USDA,169451
c0ca032c-7a96-49ba-bd6d-4bd7a15f95ee,牛里脊,已有 USDA 主档案,已入库；后续只需抽样验收或补充次级档案,,,"Beef, loin, tenderloin steak, boneless, separable lean only, trimmed to 0"" fat, all grades, raw",171767,生 / 标准可食部 / 未加工,VERIFIED,1,2,0,0,0,,,,0,,,USDA,171767
e210a4ed-224d-4806-9f07-90ff34d0b271,牛霖,已有 USDA 主档案,已入库；后续只需抽样验收或补充次级档案,,,"Beef, round, tip round, roast, separable lean and fat, trimmed to 0"" fat, choice, raw",168646,生 / 标准可食部 / 未加工,VERIFIED,1,2,2,0,0,95c93b3b-456c-4926-9233-c3bad2e6fe4d,746761,"Beef, round, top round roast, boneless, separable lean only, trimmed to 0"" fat, select, raw",0.98,HIGH,COMPLETED,USDA,168646
4c6faf75-9d21-4ed7-a90c-92b9d0893e81,牛脾,已有 USDA 主档案,已入库；后续只需抽样验收或补充次级档案,,,"Beef, variety meats and by-products, spleen, raw",169454,生 / 标准可食部 / 未加工,VERIFIED,1,2,2,0,0,fccefe64-2b5e-45f3-b700-26da0319a72b,169454,"Beef, variety meats and by-products, spleen, raw",0.98,HIGH,COMPLETED,USDA,169454
8aadc685-7294-4395-98d2-a94d78dc7146,牛心,已有 USDA 主档案,已入库；后续只需抽样验收或补充次级档案,,,"Beef, variety meats and by-products, heart, raw",168625,生 / 标准可食部 / 未加工,VERIFIED,1,2,2,0,0,92de1f99-3ae2-4c07-9c8d-747ec364d90e,168625,"Beef, variety meats and by-products, heart, raw",0.98,HIGH,COMPLETED,USDA,168625
9214e1fe-dbb5-4f13-b461-4b2bcf115469,苹果,已有 USDA 主档案,已入库；后续只需抽样验收或补充次级档案,,,"Apples, raw, with skin (Includes foods for USDA's Food Distribution Program)",171688,生 / 带皮 / 未加工,VERIFIED,0,1,3,0,0,800746f4-2d52-40ef-987b-1e4e257675e6,168194,"Pineapple, raw, extra sweet variety",0.95,HIGH,,USDA,171688
4c727aaf-f83d-4524-84d2-7a31243866cf,奇亚籽,已有 USDA 主档案,已入库；后续只需抽样验收或补充次级档案,,,"Seeds, chia seeds, dried",170554,干 / 标准可食部 / 未加工,VERIFIED,0,1,1,0,0,8fbb69e1-29ab-4bb3-912e-01eb1a860a67,170554,"Seeds, chia seeds, dried",0.87,HIGH,,USDA,170554
e10e4a17-1e37-4a8b-b7d2-0e565525f047,芹菜,已有 USDA 主档案,已入库；后续只需抽样验收或补充次级档案,,,"Celery, raw",169988,生 / 标准可食部 / 未加工,VERIFIED,1,2,2,0,0,10dd7399-e264-47ef-ad80-54fc00a6f9de,169988,"Celery, raw",0.98,HIGH,COMPLETED,USDA,169988
f07026e6-0d3f-47c2-954a-917b0ac754f3,青花鱼,已有 USDA 主档案,已入库；后续只需抽样验收或补充次级档案,,,"Fish, mackerel, Pacific and jack, mixed species, raw",173672,生 / 标准可食部 / 未加工,VERIFIED,1,2,2,0,0,da311de5-7aee-494c-a57f-d14fc73c8d75,173673,"Fish, mackerel, spanish, raw",0.95,HIGH,,USDA,173672
ef0b3c7a-5fdd-484b-8757-a8e562c53ed6,秋葵,已有 USDA 主档案,已入库；后续只需抽样验收或补充次级档案,,,"Okra, raw",169260,生 / 标准可食部 / 未加工,VERIFIED,1,2,2,0,0,a7704b44-5ccb-4fe7-90cf-08a2d590542b,169260,"Okra, raw",0.98,HIGH,COMPLETED,USDA,169260
5ac7843c-7671-485c-9738-30bfd9388e0b,肉桂粉,已有 USDA 主档案,已入库；后续只需抽样验收或补充次级档案,,,"Spices, cinnamon, ground",171320,粉 / 标准可食部 / 粉碎,VERIFIED,0,1,1,0,0,46342a51-8872-46d6-a9b1-d72509da9740,171320,"Spices, cinnamon, ground",0.87,HIGH,,USDA,171320
7c48d4a1-7873-415f-9ce7-86a0f668dbd9,三文鱼,已有 USDA 主档案,已入库；后续只需抽样验收或补充次级档案,,,"Fish, salmon, Atlantic, farmed, raw",175167,生 / 标准可食部 / 未加工,VERIFIED,1,2,2,0,0,5749a997-4fbb-4995-aabc-4fde8fb71136,168045,"Fish, salmon, sockeye (red), raw (Alaska Native)",0.95,HIGH,,USDA,175167
ee065214-a64a-40d9-8e20-d5bb1a212b05,山药,已有 USDA 主档案,已入库；后续只需抽样验收或补充次级档案,,,"Yam, raw",170071,生 / 标准可食部 / 未加工,VERIFIED,1,2,2,0,0,a5893db4-9a27-4d8e-9814-1918f585049b,170071,"Yam, raw",0.98,HIGH,COMPLETED,USDA,170071
4433dd9b-ef94-4c7e-9a27-f91503bed31b,上海青,已有 USDA 主档案,已入库；后续只需抽样验收或补充次级档案,,,"Cabbage, chinese (pak-choi), raw",170390,生 / 标准可食部 / 未加工,VERIFIED,1,2,0,0,0,,,,0,,,USDA,170390
21b3de6f-a95a-4131-a126-b442edc211d4,生菜,已有 USDA 主档案,已入库；后续只需抽样验收或补充次级档案,,,"Lettuce, green leaf, raw",169249,生 / 标准可食部 / 未加工,VERIFIED,0,1,2,0,0,5339670a-5270-49d1-b4fd-90c519a8e49b,168431,"Lettuce, red leaf, raw",0.98,HIGH,COMPLETED,USDA,169249
65829ba2-a3f1-4422-a903-0e630783cdd0,生蚝,已有 USDA 主档案,已入库；后续只需抽样验收或补充次级档案,,,"Mollusks, oyster, eastern, farmed, raw",175172,生 / 标准可食部 / 未加工,VERIFIED,1,2,2,0,0,62063ea1-52a1-4935-942e-c0d104838581,169277,"Salsify, (vegetable oyster), raw",0.95,HIGH,,USDA,175172
ffce8ced-7875-4365-b2aa-7ba9aa84fc91,生葵花籽仁,已有 USDA 主档案,已入库；后续只需抽样验收或补充次级档案,,,"Seeds, sunflower seed kernels, dried",170562,干 / 标准可食部 / 未加工,VERIFIED,0,1,2,0,0,cfcc7716-651d-45d2-9f90-5b55effc935b,170154,"Seeds, sunflower seed kernels, toasted, without salt",0.87,HIGH,,USDA,170562
50d65c4c-9a50-46d1-bb05-3e03e40ef6e0,生南瓜籽仁,已有 USDA 主档案,已入库；后续只需抽样验收或补充次级档案,,,"Seeds, pumpkin and squash seed kernels, dried",170556,干 / 标准可食部 / 未加工,VERIFIED,0,1,2,0,0,ddf26a3b-90f7-453e-a9d2-49879f7bf526,170556,"Seeds, pumpkin and squash seed kernels, dried",0.87,HIGH,,USDA,170556
99f266ff-eeee-4439-9386-ee076f509ed9,食用盐,已有 USDA 主档案,已入库；后续只需抽样验收或补充次级档案,,,"Salt, table",173468,干 / 标准可食部 / 未加工,VERIFIED,0,1,2,0,0,8ebd4228-e311-45ec-a436-6a5d2b630cad,173468,"Salt, table",0.97,HIGH,,USDA,173468
6f2e375f-d0ee-472c-bbea-0705ea5577fc,树莓,已有 USDA 主档案,已入库；后续只需抽样验收或补充次级档案,,,"Raspberries, raw",167755,生 / 标准可食部 / 未加工,VERIFIED,0,1,2,0,0,f7fc9335-0c5a-43e9-91b7-d5e3e3a2d122,167755,"Raspberries, raw",0.98,HIGH,COMPLETED,USDA,167755
27f57c5f-894f-4736-99a8-3db905cf7de6,四季豆,已有 USDA 主档案,已入库；后续只需抽样验收或补充次级档案,,,"Beans, snap, green, raw",169961,生 / 标准可食部 / 未加工,VERIFIED,1,2,0,0,0,,,,0,,,USDA,169961
ef9dc214-9f3d-4584-9ff3-25dbc3ea32ee,土豆,已有 USDA 主档案,已入库；后续只需抽样验收或补充次级档案,,,"Potatoes, flesh and skin, raw",170026,生 / 标准可食部 / 未加工,VERIFIED,1,2,2,0,1,5670ace6-a93f-4aa1-9d90-cb3f7d190884,170026,"Potatoes, flesh and skin, raw",0.98,HIGH,COMPLETED,USDA,170026
2936be0f-6900-419d-b3a8-8c8b4fdafce4,兔里脊,已有 USDA 主档案,已入库；后续只需抽样验收或补充次级档案,,,"Game meat, rabbit, domesticated, composite of cuts, raw",172521,生 / 标准可食部 / 未加工,VERIFIED,1,2,2,0,0,7bc189a4-06c6-4994-8b9b-71091958ce2d,174347,"Game meat, rabbit, wild, raw",0.95,HIGH,,USDA,172521
2e605462-4045-4fdf-8773-8ec6209618d4,娃娃菜,已有 USDA 主档案,已入库；后续只需抽样验收或补充次级档案,,,"Cabbage, chinese (pe-tsai), raw",169979,生 / 标准可食部 / 未加工,VERIFIED,1,2,2,0,0,4f245de3-f601-4484-a1fe-ae3353b1c333,169979,"Cabbage, chinese (pe-tsai), raw",0.95,HIGH,,USDA,169979
985f75c4-81df-4b1b-a93f-486939ebe430,豌豆,已有 USDA 主档案,已入库；后续只需抽样验收或补充次级档案,,,"Peas, green, raw",170419,生 / 标准可食部 / 未加工,VERIFIED,1,2,2,0,0,923483ef-ed01-4eb3-9d9a-005edfb22ef3,170419,"Peas, green, raw",0.98,HIGH,COMPLETED,USDA,170419
d791410c-f603-436a-aea5-ea47dba3c2e2,舞茸,已有 USDA 主档案,已入库；后续只需抽样验收或补充次级档案,,,"Mushrooms, maitake, raw",169403,生 / 标准可食部 / 未加工,VERIFIED,0,1,1,0,0,6fe60207-9f73-44ee-b9dc-7f69fe773f24,169403,"Mushrooms, maitake, raw",0.95,HIGH,,USDA,169403
a45c73c2-2479-4679-a0be-567a278b3ad3,西红柿,已有 USDA 主档案,已入库；后续只需抽样验收或补充次级档案,,,"Tomatoes, red, ripe, raw, year round average",170457,生 / 标准可食部 / 未加工,VERIFIED,1,2,1,0,0,3a96d6a1-b0b3-4701-83cb-d4525017e5af,170457,"Tomatoes, red, ripe, raw, year round average",0.98,HIGH,COMPLETED,USDA,170457
7a7b205f-4c0c-4480-a649-053bdc43ea91,西葫芦,已有 USDA 主档案,已入库；后续只需抽样验收或补充次级档案,,,"Squash, zucchini, baby, raw",168565,生 / 标准可食部 / 未加工,VERIFIED,1,2,2,0,0,a579ef98-6cf5-4aa9-a658-2fb047ee8978,168565,"Squash, zucchini, baby, raw",0.95,HIGH,,USDA,168565
60f75789-74f6-486b-9f41-c2b27f5f8a19,西兰花,已有 USDA 主档案,已入库；后续只需抽样验收或补充次级档案,,,"Broccoli, raw",170379,生 / 标准可食部 / 未加工,VERIFIED,1,2,2,0,0,32ce4fe0-3ced-48fd-87fd-dd6410dc78b6,169329,"Broccoli, leaves, raw",0.98,HIGH,COMPLETED,USDA,170379
da6ee1c6-7b10-4036-9a17-ff0e507f8689,西芹,已有 USDA 主档案,已入库；后续只需抽样验收或补充次级档案,,,"Celery, raw",169988,生 / 标准可食部 / 未加工,VERIFIED,1,2,2,0,0,a8400da3-d837-4c4f-a116-bd3074f1576f,169988,"Celery, raw",0.98,HIGH,COMPLETED,USDA,169988
9b95dff7-c838-4bbf-9fe9-fbd5b7b595ec,狭鳕鱼柳,已有 USDA 主档案,已入库；后续只需抽样验收或补充次级档案,,,"Fish, pollock, Alaska, raw",173725,生 / 标准可食部 / 未加工,VERIFIED,1,2,2,0,0,094a39d9-8c51-4d3e-b900-81a99c8500e5,333476,"Fish, pollock, raw",0.98,HIGH,,USDA,173725
8c7f83f2-c197-4e54-b523-e94d82f4391b,鲜香菇,已有 USDA 主档案,已入库；后续只需抽样验收或补充次级档案,,,"Mushrooms, shiitake, raw",169242,生 / 标准可食部 / 未加工,VERIFIED,1,2,1,0,0,c654ae6f-a146-4667-bbd6-44c67b841791,169242,"Mushrooms, shiitake, raw",0.95,HIGH,,USDA,169242
7b905c5d-3b9b-452e-8c7d-4ff3dc77ede9,香菜,已有 USDA 主档案,已入库；后续只需抽样验收或补充次级档案,,,"Coriander (cilantro) leaves, raw",169997,生 / 标准可食部 / 未加工,VERIFIED,0,1,1,0,0,2b2d318d-4482-47c3-ba13-5d8a1a08288b,169997,"Coriander (cilantro) leaves, raw",0.98,HIGH,FAILED,USDA,169997
4543eab0-f638-49f8-b4db-fdd08e78ae46,香蕉,已有 USDA 主档案,已入库；后续只需抽样验收或补充次级档案,,,"Bananas, raw",173944,生 / 标准可食部 / 未加工,VERIFIED,0,1,2,0,0,3b9a9498-bca9-427f-aa34-adeacfd2d3bc,1105314,"Bananas, ripe and slightly ripe, raw",0.98,HIGH,,USDA,173944
3b899943-9565-4de5-a868-c582fcbd8e8f,小白菜,已有 USDA 主档案,已入库；后续只需抽样验收或补充次级档案,,,"Cabbage, chinese (pak-choi), raw",170390,生 / 标准可食部 / 未加工,VERIFIED,1,2,0,0,0,,,,0,,,USDA,170390
96cc4fd8-4fc5-4070-8d34-b23a376b7bc8,小麦胚芽油,已有 USDA 主档案,已入库；后续只需抽样验收或补充次级档案,,,"Oil, wheat germ",171014,油脂 / 标准可食部 / 未加工,VERIFIED,0,1,1,0,0,a8fcea4c-e3a0-447b-bb2b-4b6698463dfc,171014,"Oil, wheat germ",0.87,HIGH,,USDA,171014
50d618e6-8163-4c84-ace0-f867e24846c3,小米,已有 USDA 主档案,已入库；后续只需抽样验收或补充次级档案,,,"Millet, raw",169702,生 / 标准可食部 / 未加工,VERIFIED,1,2,2,0,0,11753338-ca92-4ddd-8109-25668a94d3fa,169702,"Millet, raw",0.98,HIGH,COMPLETED,USDA,169702
6d06ece2-37da-4c98-8738-9ec56f639fe1,鳕鱼颈背肉,已有 USDA 主档案,已入库；后续只需抽样验收或补充次级档案,,,"Fish, cod, Atlantic, raw",171955,生 / 标准可食部 / 未加工,VERIFIED,1,2,2,0,0,97bdd74f-f44b-44cd-bbb9-361a81389251,169809,"Fish, lingcod, meat, raw (Alaska Native)",0.95,HIGH,,USDA,171955
ed8de0c2-0720-4e86-b5ba-b4b3be75a187,鸭蛋,已有 USDA 主档案,已入库；后续只需抽样验收或补充次级档案,,,"Egg, duck, whole, fresh, raw",172189,生 / 整体 / 未加工,VERIFIED,0,1,1,0,0,76f3714f-c4cc-4459-8c97-c0f2a0987582,172189,"Egg, duck, whole, fresh, raw",0.87,HIGH,,USDA,172189
1bf47dc9-30f6-456b-8cb6-962636f74e14,鸭肝,已有 USDA 主档案,已入库；后续只需抽样验收或补充次级档案,,,"Duck, domesticated, liver, raw",174467,生 / 标准可食部 / 未加工,VERIFIED,0,1,1,0,0,2cf71b70-50cd-4b79-9526-c60590da5c70,174467,"Duck, domesticated, liver, raw",0.98,HIGH,,USDA,174467
31ecac81-6ae6-4df3-af9b-1609fe58b6de,鸭胸,已有 USDA 主档案,已入库；后续只需抽样验收或补充次级档案,,,"Duck, domesticated, meat only, raw",172410,生 / 标准可食部 / 未加工,VERIFIED,0,1,1,0,0,cf3aa372-75b9-4b39-abf2-7ba88a2b5837,172410,"Duck, domesticated, meat only, raw",0.75,MEDIUM,,USDA,172410
d478b1d9-a698-419e-a397-819756083a02,亚麻籽,已有 USDA 主档案,已入库；后续只需抽样验收或补充次级档案,,,"Seeds, flaxseed",169414,干 / 标准可食部 / 未加工,VERIFIED,0,1,1,0,0,050e9f52-2745-40fc-9025-abc2afd9343a,169414,"Seeds, flaxseed",0.87,HIGH,,USDA,169414
abf559c9-c7ce-40c7-8f67-736cc1816cf4,亚麻籽油,已有 USDA 主档案,已入库；后续只需抽样验收或补充次级档案,,,"Oil, flaxseed, cold pressed",167702,油脂 / 标准可食部 / 未加工,VERIFIED,0,1,2,0,0,00baee17-e1bd-4ba1-b0da-0fe149a978c9,171442,"Oil, flaxseed, contains added sliced flaxseed",0.87,HIGH,,USDA,167702
ee32dc1f-17cf-4d26-ad04-626d3077836b,燕麦,已有 USDA 主档案,已入库；后续只需抽样验收或补充次级档案,,,"Cereals, oats, regular and quick, not fortified, dry",173904,干 / 标准可食部 / 未加工,VERIFIED,1,2,1,0,0,ea682cf2-b8e6-44d9-a21a-c5a1deacbe18,173904,"Cereals, oats, regular and quick, not fortified, dry",0.97,HIGH,,USDA,173904
29c41b2f-f5f4-4930-9edc-4c70e8d8ebd2,羊肚菌（鲜）,已有 USDA 主档案,已入库；后续只需抽样验收或补充次级档案,,,"Mushrooms, morel, raw",168423,生 / 标准可食部 / 未加工,VERIFIED,0,1,0,0,0,,,,0,,,USDA,168423
280b5e89-4435-4a90-bb43-1639db85e5d5,羊里脊,已有 USDA 主档案,已入库；后续只需抽样验收或补充次级档案,,,"Lamb, loin, separable lean only, trimmed to 1/4"" fat, choice, raw",172491,生 / 标准可食部 / 未加工,VERIFIED,1,2,2,0,0,e6b51b09-dea1-4311-b0bc-69b9360e1e6a,172488,"Lamb, leg, sirloin half, separable lean and fat, trimmed to 1/4"" fat, choice, raw",0.98,HIGH,COMPLETED,USDA,172491
8777c105-427e-4723-9445-41b1ef1ab625,羽衣甘蓝,已有 USDA 主档案,已入库；后续只需抽样验收或补充次级档案,,,"Kale, raw",168421,生 / 标准可食部 / 未加工,VERIFIED,1,2,2,0,0,6f6c4f82-30f4-44a2-9b60-09f5c08ba78d,168421,"Kale, raw",0.98,HIGH,COMPLETED,USDA,168421
badc249e-76a0-4e2d-89ea-11f9065a540e,玉米粒,已有 USDA 主档案,已入库；后续只需抽样验收或补充次级档案,,,"Corn, sweet, yellow, raw",169998,生 / 标准可食部 / 未加工,VERIFIED,1,2,2,0,0,234629af-327d-4476-9634-6e3f47809051,169998,"Corn, sweet, yellow, raw",0.98,HIGH,COMPLETED,USDA,169998
78e94a25-4761-4079-884b-c7e1130eea39,玉米油,已有 USDA 主档案,已入库；后续只需抽样验收或补充次级档案,,,"Oil, corn, industrial and retail, all purpose salad or cooking",171029,油脂 / 标准可食部 / 未加工,VERIFIED,0,1,0,0,0,,,,0,,,USDA,171029
ee6b0e4c-d5c6-4f54-bbfa-42f1c16b8d01,芋头,已有 USDA 主档案,已入库；后续只需抽样验收或补充次级档案,,,"Taro, raw",169308,生 / 标准可食部 / 未加工,VERIFIED,1,2,0,0,0,,,,0,,,USDA,169308
138971bf-c599-4453-97d4-ae230193e813,猪肝,已有 USDA 主档案,已入库；后续只需抽样验收或补充次级档案,,,"Pork, fresh, variety meats and by-products, liver, raw",167862,生 / 标准可食部 / 未加工,VERIFIED,1,2,2,0,0,9c6a43db-99ce-4d50-b246-9262e84cbefb,167862,"Pork, fresh, variety meats and by-products, liver, raw",0.98,HIGH,COMPLETED,USDA,167862
727dcc77-41b8-422c-be63-3df2f6f512c6,猪里脊,已有 USDA 主档案,已入库；后续只需抽样验收或补充次级档案,,,"Pork, fresh, loin, tenderloin, separable lean only, raw",168249,生 / 标准可食部 / 未加工,VERIFIED,1,2,2,0,0,052eb101-c038-43ed-a45a-0fa3e3c71d3d,168312,"Pork, fresh, loin, tenderloin, separable lean and fat, raw",0.98,HIGH,COMPLETED,USDA,168249
4db096fd-60c3-438c-ba3d-d962b6c7112f,猪肾,已有 USDA 主档案,已入库；后续只需抽样验收或补充次级档案,,,"Pork, fresh, variety meats and by-products, kidneys, raw",168270,生 / 标准可食部 / 未加工,VERIFIED,1,2,2,0,0,005d1908-fda1-4c2e-b0ae-5f9e8e220e85,168270,"Pork, fresh, variety meats and by-products, kidneys, raw",0.98,HIGH,COMPLETED,USDA,168270
8cf8b78c-ed17-44b6-a702-95a0179e9567,猪心,已有 USDA 主档案,已入库；后续只需抽样验收或补充次级档案,,,"Pork, fresh, variety meats and by-products, heart, raw",168267,生 / 标准可食部 / 未加工,VERIFIED,1,2,2,0,0,1c964b9f-1e46-467e-a171-5efd63205758,168267,"Pork, fresh, variety meats and by-products, heart, raw",0.98,HIGH,COMPLETED,USDA,168267
f913e6f4-48c5-409d-8a81-603344244cb1,紫甘蓝,已有 USDA 主档案,已入库；后续只需抽样验收或补充次级档案,,,"Cabbage, red, raw",169977,生 / 标准可食部 / 未加工,VERIFIED,1,2,2,0,0,d1907c10-6175-40b4-ba26-19daf514df70,169977,"Cabbage, red, raw",0.95,HIGH,,USDA,169977
2f3ef88e-1f29-419d-bee7-636346fc097a,紫薯,已有 USDA 主档案,已入库；后续只需抽样验收或补充次级档案,,,"Sweet potato, raw, unprepared (Includes foods for USDA's Food Distribution Program)",168482,生 / 标准可食部 / 未加工,VERIFIED,1,2,2,0,0,d6b5e125-3acc-4197-b09a-971bbf41f1c0,168482,"Sweet potato, raw, unprepared (Includes foods for USDA's Food Distribution Program)",0.98,HIGH,COMPLETED,USDA,168482
