食谱名称,食谱状态,版本,原料,当前营养档案,当前生熟,设计器原选营养档案,原选生熟,处理建议,食谱行ID
燕麦米比目鱼鸭肉,PRIVATE_CUSTOM,2,南瓜,南瓜（生）,生,南瓜（水煮沥干，不加盐）,熟,可按设计意图修复,5c11007b-f456-455c-bca3-ebf2d2ac7263
燕麦米比目鱼鸭肉,PRIVATE_CUSTOM,2,西葫芦,西葫芦（带皮，生）,生,西葫芦（带皮，水煮沥干，不加盐）,熟,可按设计意图修复,5c11007b-f456-455c-bca3-ebf2d2ac7263
财宝的定制20260911,PRIVATE_CUSTOM,2,南瓜,南瓜（生）,生,南瓜（水煮沥干，不加盐）,熟,可按设计意图修复,0b60e85c-c5ef-4bf9-b06e-9c45495ebbb2
财宝的定制20260911,PRIVATE_CUSTOM,2,大米,大米（长粒白米，生，未强化）,生,米饭（长粒白米，熟，不加盐，未强化）,熟,可按设计意图修复,0b60e85c-c5ef-4bf9-b06e-9c45495ebbb2
财宝的定制20260911,PRIVATE_CUSTOM,2,土豆,土豆（去皮，生）,生,土豆（去皮，水煮）,熟,可按设计意图修复,0b60e85c-c5ef-4bf9-b06e-9c45495ebbb2
财宝的定制20260911,PRIVATE_CUSTOM,2,紫薯,紫薯（去皮，生）,生,紫薯（去皮，蒸熟）,熟,可按设计意图修复,0b60e85c-c5ef-4bf9-b06e-9c45495ebbb2
鸭肉梨,PRIVATE_CUSTOM,2,白蘑菇,白蘑菇（生）,生,白蘑菇（水煮沥干，不加盐）,熟,可按设计意图修复,742bb54d-90e1-4a53-9b79-771034f04634
秋葵藜麦米牛肉鸡胸,PRIVATE_CUSTOM,3,大米,大米（长粒白米，生，未强化）,生,米饭（长粒白米，熟，不加盐，未强化）,熟,可按设计意图修复,aa1e27d6-b76f-4abd-bd97-d409bc0b131e
秋葵藜麦米牛肉鸡胸,PRIVATE_CUSTOM,3,土豆,土豆（去皮，生）,生,土豆（去皮，水煮）,熟,可按设计意图修复,aa1e27d6-b76f-4abd-bd97-d409bc0b131e
秋葵藜麦米牛肉鸡胸,PRIVATE_CUSTOM,3,西兰花,西兰花（生）,生,西兰花（水煮沥干，不加盐）,熟,可按设计意图修复,aa1e27d6-b76f-4abd-bd97-d409bc0b131e
秋葵藜麦米牛肉鸡胸,PRIVATE_CUSTOM,3,秋葵,秋葵（生）,生,秋葵（水煮沥干，不加盐）,熟,可按设计意图修复,aa1e27d6-b76f-4abd-bd97-d409bc0b131e
秋葵藜麦米牛肉鸡胸,PRIVATE_CUSTOM,3,胡萝卜,胡萝卜（生）,生,胡萝卜（水煮沥干，不加盐）,熟,可按设计意图修复,aa1e27d6-b76f-4abd-bd97-d409bc0b131e
燕麦鳕鱼猪肉,PUBLIC,3,猪里脊,（空）,—,鲜猪里脊（纯瘦，生）,生,可按设计意图修复,8e2e4f42-2359-4e93-a9fa-e98de4cb85f4
燕麦鳕鱼猪肉,PUBLIC,3,猪肝,（空）,—,鲜猪肝（生）,生,可按设计意图修复,8e2e4f42-2359-4e93-a9fa-e98de4cb85f4
燕麦鳕鱼猪肉,PUBLIC,3,狭鳕鱼柳,（空）,—,狭鳕鱼（生）,生,可按设计意图修复,8e2e4f42-2359-4e93-a9fa-e98de4cb85f4
燕麦鳕鱼猪肉,PUBLIC,3,生蚝,（空）,—,生蚝（太平洋养殖，生）,生,可按设计意图修复,8e2e4f42-2359-4e93-a9fa-e98de4cb85f4
燕麦鳕鱼猪肉,PUBLIC,3,红薯,（空）,—,红薯/甘薯（水煮，去皮）,熟,可按设计意图修复,8e2e4f42-2359-4e93-a9fa-e98de4cb85f4
燕麦鳕鱼猪肉,PUBLIC,3,燕麦,（空）,—,燕麦片（常规/快熟，干，未强化）,干,可按设计意图修复,8e2e4f42-2359-4e93-a9fa-e98de4cb85f4
燕麦鳕鱼猪肉,PUBLIC,3,西兰花,（空）,—,西兰花（水煮沥干，不加盐）,熟,可按设计意图修复,8e2e4f42-2359-4e93-a9fa-e98de4cb85f4
燕麦鳕鱼猪肉,PUBLIC,3,红甜椒,（空）,—,红甜椒（生）,生,可按设计意图修复,8e2e4f42-2359-4e93-a9fa-e98de4cb85f4
燕麦鳕鱼猪肉,PUBLIC,3,生葵花籽仁,（空）,—,葵花籽仁（干）,干,可按设计意图修复,8e2e4f42-2359-4e93-a9fa-e98de4cb85f4
燕麦鳕鱼猪肉,PUBLIC,3,小麦胚芽油,（空）,—,小麦胚芽油,油脂,可按设计意图修复,8e2e4f42-2359-4e93-a9fa-e98de4cb85f4
燕麦鳕鱼猪肉,PUBLIC,3,食用盐,（空）,—,食盐（精制食盐）,干,可按设计意图修复,8e2e4f42-2359-4e93-a9fa-e98de4cb85f4
燕麦鳕鱼猪肉,PUBLIC,3,碳酸钙粉,（空）,—,碳酸钙粉 · NOW FOODS · 600mg钙/1.7克，340g/罐,浓缩补剂,可按设计意图修复,8e2e4f42-2359-4e93-a9fa-e98de4cb85f4
燕麦鳕鱼猪肉,PUBLIC,3,维生素D3胶囊,（空）,—,维生素D3胶囊 · NOW FOODS · 1000IU维D3/粒，180粒/瓶,浓缩补剂,可按设计意图修复,8e2e4f42-2359-4e93-a9fa-e98de4cb85f4
燕麦鳕鱼猪肉,PUBLIC,3,海藻粉,（空）,—,海藻粉 · NOW FOODS · 227g/瓶，450mcg碘/平勺，2522平勺/瓶,浓缩补剂,可按设计意图修复,8e2e4f42-2359-4e93-a9fa-e98de4cb85f4
燕麦鳕鱼猪肉,PUBLIC,3,胆碱片,（空）,—,胆碱片 · NATURE'S WAY · 500mg胆碱/片 100 片/瓶,浓缩补剂,可按设计意图修复,8e2e4f42-2359-4e93-a9fa-e98de4cb85f4
燕麦鳕鱼猪肉,PUBLIC,3,葡萄糖酸锌片,（空）,—,葡萄糖酸锌片 · NOW FOODS · 50mg锌/片 100片/瓶,浓缩补剂,可按设计意图修复,8e2e4f42-2359-4e93-a9fa-e98de4cb85f4
西葫芦大米比目鱼鸡肉,DRAFT,3,鸡胸,（空）,—,鸡胸肉（去皮去骨，仅肉，炖煮熟制）,熟,可按设计意图修复,68737443-65e2-4981-91cf-442a311dd557
西葫芦大米比目鱼鸡肉,DRAFT,3,比目鱼,（空）,—,比目鱼/鳎鱼类（生）,生,可按设计意图修复,68737443-65e2-4981-91cf-442a311dd557
西葫芦大米比目鱼鸡肉,DRAFT,3,鸡蛋,（空）,—,全鸡蛋（鲜蛋，生）,生,可按设计意图修复,68737443-65e2-4981-91cf-442a311dd557
西葫芦大米比目鱼鸡肉,DRAFT,3,青口贝,（空）,—,新西兰青口贝肉（生）,生,可按设计意图修复,68737443-65e2-4981-91cf-442a311dd557
西葫芦大米比目鱼鸡肉,DRAFT,3,鸡心,（空）,—,鸡心（生）,生,可按设计意图修复,68737443-65e2-4981-91cf-442a311dd557
西葫芦大米比目鱼鸡肉,DRAFT,3,鸡肝,（空）,—,鸡肝（生）,生,可按设计意图修复,68737443-65e2-4981-91cf-442a311dd557
西葫芦大米比目鱼鸡肉,DRAFT,3,大米,（空）,—,米饭（长粒白米，熟，不加盐，未强化）,熟,可按设计意图修复,68737443-65e2-4981-91cf-442a311dd557
西葫芦大米比目鱼鸡肉,DRAFT,3,燕麦,（空）,—,燕麦片（常规/快熟，干，未强化）,干,可按设计意图修复,68737443-65e2-4981-91cf-442a311dd557
西葫芦大米比目鱼鸡肉,DRAFT,3,红薯,（空）,—,红薯/甘薯（水煮，去皮）,熟,可按设计意图修复,68737443-65e2-4981-91cf-442a311dd557
西葫芦大米比目鱼鸡肉,DRAFT,3,西葫芦,（空）,—,西葫芦（带皮，水煮沥干，不加盐）,熟,可按设计意图修复,68737443-65e2-4981-91cf-442a311dd557
西葫芦大米比目鱼鸡肉,DRAFT,3,胡萝卜,（空）,—,胡萝卜（水煮沥干，不加盐）,熟,可按设计意图修复,68737443-65e2-4981-91cf-442a311dd557
西葫芦大米比目鱼鸡肉,DRAFT,3,上海青,（空）,—,小白菜/上海青（水煮沥干，不加盐）,熟,可按设计意图修复,68737443-65e2-4981-91cf-442a311dd557
西葫芦大米比目鱼鸡肉,DRAFT,3,小麦胚芽油,（空）,—,小麦胚芽油,油脂,可按设计意图修复,68737443-65e2-4981-91cf-442a311dd557
西葫芦大米比目鱼鸡肉,DRAFT,3,鱼肝油,（空）,—,鱼肝油 · NOW FOODS · 250粒/瓶,浓缩补剂,可按设计意图修复,68737443-65e2-4981-91cf-442a311dd557
西葫芦大米比目鱼鸡肉,DRAFT,3,食用盐,（空）,—,食盐（精制食盐）,干,可按设计意图修复,68737443-65e2-4981-91cf-442a311dd557
西葫芦大米比目鱼鸡肉,DRAFT,3,葡萄糖酸锌片,（空）,—,葡萄糖酸锌片 · NOW FOODS · 50mg锌/片 100片/瓶,浓缩补剂,可按设计意图修复,68737443-65e2-4981-91cf-442a311dd557
西葫芦大米比目鱼鸡肉,DRAFT,3,海藻粉,（空）,—,海藻粉 · NOW FOODS · 227g/瓶，450mcg碘/平勺，2522平勺/瓶,浓缩补剂,可按设计意图修复,68737443-65e2-4981-91cf-442a311dd557
西葫芦大米比目鱼鸡肉,DRAFT,3,鸡蛋壳粉,（空）,—,鸡蛋壳粉 · 西知堂 · 500g/罐,浓缩补剂,可按设计意图修复,68737443-65e2-4981-91cf-442a311dd557
小米三文鱼猪里脊(幺鸡),PRIVATE_CUSTOM,3,娃娃菜,大白菜/娃娃菜（生）,生,大白菜/娃娃菜（水煮沥干，不加盐）,熟,可按设计意图修复,e7ee5c43-63c0-43da-8485-85251c0c2565
糙米三文鱼猪里脊(烟花),PRIVATE_CUSTOM,3,娃娃菜,大白菜/娃娃菜（生）,生,大白菜/娃娃菜（水煮沥干，不加盐）,熟,可按设计意图修复,46aa2283-6a92-447a-8302-22e58123fb8e
糙米三文鱼鸭胸鹿腿,PUBLIC,2,鹿腿肉,（空）,—,鹿肉（生）,生,可按设计意图修复,7caac737-6ea0-4f7c-86e4-4ed8de228f93
糙米三文鱼鸭胸鹿腿,PUBLIC,2,鸭胸,（空）,—,鸭肉（仅肉，生）,生,可按设计意图修复,7caac737-6ea0-4f7c-86e4-4ed8de228f93
糙米三文鱼鸭胸鹿腿,PUBLIC,2,鸡蛋,（空）,—,全鸡蛋（鲜蛋，生）,生,可按设计意图修复,7caac737-6ea0-4f7c-86e4-4ed8de228f93
糙米三文鱼鸭胸鹿腿,PUBLIC,2,三文鱼,（空）,—,三文鱼（大西洋鲑，养殖，生）,生,可按设计意图修复,7caac737-6ea0-4f7c-86e4-4ed8de228f93
糙米三文鱼鸭胸鹿腿,PUBLIC,2,生蚝,（空）,—,生蚝（太平洋养殖，生）,生,可按设计意图修复,7caac737-6ea0-4f7c-86e4-4ed8de228f93
糙米三文鱼鸭胸鹿腿,PUBLIC,2,青口贝,（空）,—,新西兰青口贝肉（生）,生,可按设计意图修复,7caac737-6ea0-4f7c-86e4-4ed8de228f93
糙米三文鱼鸭胸鹿腿,PUBLIC,2,鸭肝,（空）,—,鸭肝（生）,生,可按设计意图修复,7caac737-6ea0-4f7c-86e4-4ed8de228f93
糙米三文鱼鸭胸鹿腿,PUBLIC,2,糙米,（空）,—,糙米饭（长粒，熟）,熟,可按设计意图修复,7caac737-6ea0-4f7c-86e4-4ed8de228f93
糙米三文鱼鸭胸鹿腿,PUBLIC,2,藜麦,（空）,—,藜麦（未煮）,生,可按设计意图修复,7caac737-6ea0-4f7c-86e4-4ed8de228f93
糙米三文鱼鸭胸鹿腿,PUBLIC,2,西兰花,（空）,—,西兰花（水煮沥干，不加盐）,熟,可按设计意图修复,7caac737-6ea0-4f7c-86e4-4ed8de228f93
糙米三文鱼鸭胸鹿腿,PUBLIC,2,红甜椒,（空）,—,红甜椒（生）,生,可按设计意图修复,7caac737-6ea0-4f7c-86e4-4ed8de228f93
糙米三文鱼鸭胸鹿腿,PUBLIC,2,绿豆芽,（空）,—,绿豆芽（生）,生,可按设计意图修复,7caac737-6ea0-4f7c-86e4-4ed8de228f93
糙米三文鱼鸭胸鹿腿,PUBLIC,2,梨（鲜）,（空）,—,梨（生）,生,可按设计意图修复,7caac737-6ea0-4f7c-86e4-4ed8de228f93
糙米三文鱼鸭胸鹿腿,PUBLIC,2,小麦胚芽油,（空）,—,小麦胚芽油,油脂,可按设计意图修复,7caac737-6ea0-4f7c-86e4-4ed8de228f93
糙米三文鱼鸭胸鹿腿,PUBLIC,2,食用盐,（空）,—,食盐（精制食盐）,干,可按设计意图修复,7caac737-6ea0-4f7c-86e4-4ed8de228f93
糙米三文鱼鸭胸鹿腿,PUBLIC,2,海藻粉,（空）,—,海藻粉 · NOW FOODS · 227g/瓶，450mcg碘/平勺，2522平勺/瓶,浓缩补剂,可按设计意图修复,7caac737-6ea0-4f7c-86e4-4ed8de228f93
糙米三文鱼鸭胸鹿腿,PUBLIC,2,胆碱片,（空）,—,胆碱片 · NATURE'S WAY · 500mg胆碱/片 100 片/瓶,浓缩补剂,可按设计意图修复,7caac737-6ea0-4f7c-86e4-4ed8de228f93
糙米三文鱼鸭胸鹿腿,PUBLIC,2,葡萄糖酸锌片,（空）,—,葡萄糖酸锌片 · NOW FOODS · 50mg锌/片 100片/瓶,浓缩补剂,可按设计意图修复,7caac737-6ea0-4f7c-86e4-4ed8de228f93
糙米三文鱼鸭胸鹿腿,PUBLIC,2,骨粉,（空）,—,骨粉 · KAL · 450g/罐,浓缩补剂,可按设计意图修复,7caac737-6ea0-4f7c-86e4-4ed8de228f93
兔里脊大米土豆(小满),PRIVATE_CUSTOM,3,大米,大米（长粒白米，生，未强化）,生,米饭（长粒白米，熟，不加盐，未强化）,熟,可按设计意图修复,c03b109e-322d-4a19-b10c-6713227d5b29
兔里脊大米土豆(小满),PRIVATE_CUSTOM,3,土豆,土豆（去皮，生）,生,土豆（去皮，水煮）,熟,可按设计意图修复,c03b109e-322d-4a19-b10c-6713227d5b29
兔里脊大米土豆(小满),PRIVATE_CUSTOM,3,南瓜,南瓜（生）,生,南瓜（水煮沥干，不加盐）,熟,可按设计意图修复,c03b109e-322d-4a19-b10c-6713227d5b29
红薯鳕鱼鸭胸,DRAFT,3,鸭胸,（空）,—,鸭肉（仅肉，生）,生,可按设计意图修复,715ca361-c792-4fa0-aa44-48d746118502
红薯鳕鱼鸭胸,DRAFT,3,狭鳕鱼柳,（空）,—,狭鳕鱼（生）,生,可按设计意图修复,715ca361-c792-4fa0-aa44-48d746118502
红薯鳕鱼鸭胸,DRAFT,3,青口贝,（空）,—,新西兰青口贝肉（水煮）,熟,可按设计意图修复,715ca361-c792-4fa0-aa44-48d746118502
红薯鳕鱼鸭胸,DRAFT,3,红薯,（空）,—,红薯/甘薯（水煮，去皮）,熟,可按设计意图修复,715ca361-c792-4fa0-aa44-48d746118502
红薯鳕鱼鸭胸,DRAFT,3,大米,（空）,—,米饭（长粒白米，熟，不加盐，未强化）,熟,可按设计意图修复,715ca361-c792-4fa0-aa44-48d746118502
红薯鳕鱼鸭胸,DRAFT,3,四季豆,（空）,—,四季豆（水煮沥干，不加盐）,熟,可按设计意图修复,715ca361-c792-4fa0-aa44-48d746118502
红薯鳕鱼鸭胸,DRAFT,3,西葫芦,（空）,—,西葫芦（带皮，水煮沥干，不加盐）,熟,可按设计意图修复,715ca361-c792-4fa0-aa44-48d746118502
红薯鳕鱼鸭胸,DRAFT,3,白蘑菇,（空）,—,白蘑菇（水煮沥干，不加盐）,熟,可按设计意图修复,715ca361-c792-4fa0-aa44-48d746118502
红薯鳕鱼鸭胸,DRAFT,3,火麻籽,（空）,—,火麻仁（去壳）,干,可按设计意图修复,715ca361-c792-4fa0-aa44-48d746118502
红薯鳕鱼鸭胸,DRAFT,3,食用盐,（空）,—,食盐（精制食盐）,干,可按设计意图修复,715ca361-c792-4fa0-aa44-48d746118502
红薯鳕鱼鸭胸,DRAFT,3,碳酸钙粉,（空）,—,碳酸钙粉 · NOW FOODS · 600mg钙/1.7克，340g/罐,浓缩补剂,可按设计意图修复,715ca361-c792-4fa0-aa44-48d746118502
红薯鳕鱼鸭胸,DRAFT,3,氨基酸螯合铜,（空）,—,Swanson Albion 铜 · 每片标签营养,浓缩补剂,可按设计意图修复,715ca361-c792-4fa0-aa44-48d746118502
红薯鳕鱼鸭胸,DRAFT,3,海藻粉,（空）,—,海藻粉 · NOW FOODS · 227g/瓶，450mcg碘/平勺，2522平勺/瓶,浓缩补剂,可按设计意图修复,715ca361-c792-4fa0-aa44-48d746118502
红薯鳕鱼鸭胸,DRAFT,3,葡萄糖酸锌片,（空）,—,葡萄糖酸锌片 · NOW FOODS · 50mg锌/片 100片/瓶,浓缩补剂,可按设计意图修复,715ca361-c792-4fa0-aa44-48d746118502
红薯鳕鱼鸭胸,DRAFT,3,维生素D3胶囊,（空）,—,维生素D3胶囊 · NOW FOODS · 1000IU维D3/粒，180粒/瓶,浓缩补剂,可按设计意图修复,715ca361-c792-4fa0-aa44-48d746118502
红薯鳕鱼鸭胸,DRAFT,3,维生素E胶囊 ,（空）,—,维生素E胶囊 · NOW FOODS · 200IU/粒，100粒/瓶,浓缩补剂,可按设计意图修复,715ca361-c792-4fa0-aa44-48d746118502
红薯鳕鱼鸭胸,DRAFT,3,营养酵母粉,（空）,—,营养酵母粉 · NOW FOODS · 284克/罐,浓缩补剂,可按设计意图修复,715ca361-c792-4fa0-aa44-48d746118502
红薯鳕鱼鸭胸,DRAFT,3,胆碱片,（空）,—,胆碱片 · NATURE'S WAY · 500mg胆碱/片 100 片/瓶,浓缩补剂,可按设计意图修复,715ca361-c792-4fa0-aa44-48d746118502
Foxy的鸭胸食谱,DRAFT,1,鸭胸,（空）,—,鸭肉（仅肉，生）,生,可按设计意图修复,2676c2b1-4235-4855-a5ca-3fb04b34cc7a
Foxy的鸭胸食谱,DRAFT,1,鸡蛋,（空）,—,全鸡蛋（鲜蛋，生）,生,可按设计意图修复,2676c2b1-4235-4855-a5ca-3fb04b34cc7a
Foxy的鸭胸食谱,DRAFT,1,鸭肝,（空）,—,鸭肝（生）,生,可按设计意图修复,2676c2b1-4235-4855-a5ca-3fb04b34cc7a
Foxy的鸭胸食谱,DRAFT,1,三文鱼,（空）,—,三文鱼（大西洋鲑，养殖，生）,生,可按设计意图修复,2676c2b1-4235-4855-a5ca-3fb04b34cc7a
Foxy的鸭胸食谱,DRAFT,1,花椰菜,（空）,—,花椰菜（水煮沥干，不加盐）,熟,可按设计意图修复,2676c2b1-4235-4855-a5ca-3fb04b34cc7a
Foxy的鸭胸食谱,DRAFT,1,胡萝卜,（空）,—,胡萝卜（水煮沥干，不加盐）,熟,可按设计意图修复,2676c2b1-4235-4855-a5ca-3fb04b34cc7a
Foxy的鸭胸食谱,DRAFT,1,黑米,（空）,—,黑米，熟/米饭,熟/米饭,可按设计意图修复,2676c2b1-4235-4855-a5ca-3fb04b34cc7a
Foxy的鸭胸食谱,DRAFT,1,土豆,（空）,—,土豆（去皮，水煮）,熟,可按设计意图修复,2676c2b1-4235-4855-a5ca-3fb04b34cc7a
Foxy的鸭胸食谱,DRAFT,1,燕麦,（空）,—,燕麦片（常规/快熟，干，未强化）,干,可按设计意图修复,2676c2b1-4235-4855-a5ca-3fb04b34cc7a
Foxy的鸭胸食谱,DRAFT,1,白蘑菇,（空）,—,白蘑菇（水煮沥干，不加盐）,熟,可按设计意图修复,2676c2b1-4235-4855-a5ca-3fb04b34cc7a
Foxy的鸭胸食谱,DRAFT,1,生葵花籽仁,（空）,—,葵花籽仁（干）,干,可按设计意图修复,2676c2b1-4235-4855-a5ca-3fb04b34cc7a
Foxy的鸭胸食谱,DRAFT,1,食用盐,（空）,—,食盐（精制食盐）,干,可按设计意图修复,2676c2b1-4235-4855-a5ca-3fb04b34cc7a
Foxy的鸭胸食谱,DRAFT,1,碳酸钙粉,（空）,—,碳酸钙粉 · NOW FOODS · 600mg钙/1.7克，340g/罐,浓缩补剂,可按设计意图修复,2676c2b1-4235-4855-a5ca-3fb04b34cc7a
Foxy的鸭胸食谱,DRAFT,1,海藻粉,（空）,—,海藻粉 · NOW FOODS · 227g/瓶，450mcg碘/平勺，2522平勺/瓶,浓缩补剂,可按设计意图修复,2676c2b1-4235-4855-a5ca-3fb04b34cc7a
Foxy的鸭胸食谱,DRAFT,1,葡萄糖酸锌片,（空）,—,葡萄糖酸锌片 · NOW FOODS · 50mg锌/片 100片/瓶,浓缩补剂,可按设计意图修复,2676c2b1-4235-4855-a5ca-3fb04b34cc7a
Foxy的鸭胸食谱,DRAFT,1,胆碱片,（空）,—,胆碱片 · NATURE'S WAY · 500mg胆碱/片 100 片/瓶,浓缩补剂,可按设计意图修复,2676c2b1-4235-4855-a5ca-3fb04b34cc7a
十字花科全谷物三文鱼鸡肉,PUBLIC,9,鸡胸,（空）,—,鸡胸肉（去皮去骨，仅肉，生）,生,可按设计意图修复,7493d9eb-7685-42d9-92f7-28ed2f874958
十字花科全谷物三文鱼鸡肉,PUBLIC,9,鸡心,（空）,—,鸡心（慢炖熟制）,熟,可按设计意图修复,7493d9eb-7685-42d9-92f7-28ed2f874958
十字花科全谷物三文鱼鸡肉,PUBLIC,9,鸡肝,（空）,—,鸡肝（生）,生,可按设计意图修复,7493d9eb-7685-42d9-92f7-28ed2f874958
十字花科全谷物三文鱼鸡肉,PUBLIC,9,三文鱼,（空）,—,三文鱼（大西洋鲑，养殖，生）,生,可按设计意图修复,7493d9eb-7685-42d9-92f7-28ed2f874958
十字花科全谷物三文鱼鸡肉,PUBLIC,9,生蚝,（空）,—,生蚝（太平洋养殖，生）,生,可按设计意图修复,7493d9eb-7685-42d9-92f7-28ed2f874958
十字花科全谷物三文鱼鸡肉,PUBLIC,9,糙米,（空）,—,糙米饭（长粒，熟）,熟,可按设计意图修复,7493d9eb-7685-42d9-92f7-28ed2f874958
十字花科全谷物三文鱼鸡肉,PUBLIC,9,红薯,（空）,—,红薯/甘薯（水煮，去皮）,熟,可按设计意图修复,7493d9eb-7685-42d9-92f7-28ed2f874958
十字花科全谷物三文鱼鸡肉,PUBLIC,9,西兰花,（空）,—,西兰花（水煮沥干，不加盐）,熟,可按设计意图修复,7493d9eb-7685-42d9-92f7-28ed2f874958
十字花科全谷物三文鱼鸡肉,PUBLIC,9,卷心菜,（空）,—,普通卷心菜（水煮沥干，不加盐）,熟,可按设计意图修复,7493d9eb-7685-42d9-92f7-28ed2f874958
十字花科全谷物三文鱼鸡肉,PUBLIC,9,白萝卜,（空）,—,白萝卜（水煮沥干，不加盐）,熟,可按设计意图修复,7493d9eb-7685-42d9-92f7-28ed2f874958
十字花科全谷物三文鱼鸡肉,PUBLIC,9,鲜香菇,（空）,—,鲜香菇（生）,生,可按设计意图修复,7493d9eb-7685-42d9-92f7-28ed2f874958
十字花科全谷物三文鱼鸡肉,PUBLIC,9,火麻籽,（空）,—,火麻仁（去壳）,干,可按设计意图修复,7493d9eb-7685-42d9-92f7-28ed2f874958
十字花科全谷物三文鱼鸡肉,PUBLIC,9,小麦胚芽油,（空）,—,小麦胚芽油,油脂,可按设计意图修复,7493d9eb-7685-42d9-92f7-28ed2f874958
十字花科全谷物三文鱼鸡肉,PUBLIC,9,食用盐,（空）,—,食盐（精制食盐）,干,可按设计意图修复,7493d9eb-7685-42d9-92f7-28ed2f874958
十字花科全谷物三文鱼鸡肉,PUBLIC,9,鸡蛋壳粉,（空）,—,鸡蛋壳粉 · 西知堂 · 500g/罐,浓缩补剂,可按设计意图修复,7493d9eb-7685-42d9-92f7-28ed2f874958
十字花科全谷物三文鱼鸡肉,PUBLIC,9,海藻粉,（空）,—,海藻粉 · NOW FOODS · 227g/瓶，450mcg碘/平勺，2522平勺/瓶,浓缩补剂,可按设计意图修复,7493d9eb-7685-42d9-92f7-28ed2f874958
十字花科全谷物三文鱼鸡肉,PUBLIC,9,葡萄糖酸锌片,（空）,—,葡萄糖酸锌片 · NOW FOODS · 50mg锌/片 100片/瓶,浓缩补剂,可按设计意图修复,7493d9eb-7685-42d9-92f7-28ed2f874958
十字花科全谷物三文鱼鸡肉,PUBLIC,9,胆碱片,（空）,—,胆碱片 · NATURE'S WAY · 500mg胆碱/片 100 片/瓶,浓缩补剂,可按设计意图修复,7493d9eb-7685-42d9-92f7-28ed2f874958
ID的兔肉定制,PRIVATE_CUSTOM,7,糙米,糙米（长粒，生）,生,糙米饭（长粒，熟）,熟,可按设计意图修复,e2509e0d-c5e2-421b-a0ce-897e9f0244d1
ID的兔肉定制,PRIVATE_CUSTOM,7,土豆,土豆（去皮，生）,生,土豆（去皮，水煮）,熟,可按设计意图修复,e2509e0d-c5e2-421b-a0ce-897e9f0244d1
大米红薯兔里脊,PRIVATE_CUSTOM,2,大米,大米（长粒白米，生，未强化）,生,米饭（长粒白米，熟，不加盐，未强化）,熟,可按设计意图修复,b6c6c8ad-c5c4-4cfa-ae85-43b4da34fb40
大米红薯兔里脊,PRIVATE_CUSTOM,2,红薯,红薯/甘薯（生，未加工）,生,红薯/甘薯（水煮，去皮）,熟,可按设计意图修复,b6c6c8ad-c5c4-4cfa-ae85-43b4da34fb40
大米红薯兔里脊,PRIVATE_CUSTOM,2,西兰花,西兰花（生）,生,西兰花（水煮沥干，不加盐）,熟,可按设计意图修复,b6c6c8ad-c5c4-4cfa-ae85-43b4da34fb40
大米红薯兔里脊,PRIVATE_CUSTOM,2,羽衣甘蓝,羽衣甘蓝（生）,生,羽衣甘蓝（水煮沥干，不加盐）,熟,可按设计意图修复,b6c6c8ad-c5c4-4cfa-ae85-43b4da34fb40
十字花科全谷物三文鱼鸡肉,PUBLIC,9,鸡胸,（空）,—,鸡胸肉（去皮去骨，仅肉，生）,生,可按设计意图修复,a2496a6e-fe03-4f5c-908a-87016bb0c941
十字花科全谷物三文鱼鸡肉,PUBLIC,9,鸡心,（空）,—,鸡心（慢炖熟制）,熟,可按设计意图修复,a2496a6e-fe03-4f5c-908a-87016bb0c941
十字花科全谷物三文鱼鸡肉,PUBLIC,9,鸡肝,（空）,—,鸡肝（生）,生,可按设计意图修复,a2496a6e-fe03-4f5c-908a-87016bb0c941
十字花科全谷物三文鱼鸡肉,PUBLIC,9,三文鱼,（空）,—,三文鱼（大西洋鲑，养殖，生）,生,可按设计意图修复,a2496a6e-fe03-4f5c-908a-87016bb0c941
十字花科全谷物三文鱼鸡肉,PUBLIC,9,生蚝,（空）,—,生蚝（太平洋养殖，生）,生,可按设计意图修复,a2496a6e-fe03-4f5c-908a-87016bb0c941
十字花科全谷物三文鱼鸡肉,PUBLIC,9,糙米,（空）,—,糙米饭（长粒，熟）,熟,可按设计意图修复,a2496a6e-fe03-4f5c-908a-87016bb0c941
十字花科全谷物三文鱼鸡肉,PUBLIC,9,红薯,（空）,—,红薯/甘薯（水煮，去皮）,熟,可按设计意图修复,a2496a6e-fe03-4f5c-908a-87016bb0c941
十字花科全谷物三文鱼鸡肉,PUBLIC,9,西兰花,（空）,—,西兰花（水煮沥干，不加盐）,熟,可按设计意图修复,a2496a6e-fe03-4f5c-908a-87016bb0c941
十字花科全谷物三文鱼鸡肉,PUBLIC,9,卷心菜,（空）,—,普通卷心菜（水煮沥干，不加盐）,熟,可按设计意图修复,a2496a6e-fe03-4f5c-908a-87016bb0c941
十字花科全谷物三文鱼鸡肉,PUBLIC,9,白萝卜,（空）,—,白萝卜（水煮沥干，不加盐）,熟,可按设计意图修复,a2496a6e-fe03-4f5c-908a-87016bb0c941
十字花科全谷物三文鱼鸡肉,PUBLIC,9,鲜香菇,（空）,—,鲜香菇（生）,生,可按设计意图修复,a2496a6e-fe03-4f5c-908a-87016bb0c941
十字花科全谷物三文鱼鸡肉,PUBLIC,9,火麻籽,（空）,—,火麻仁（去壳）,干,可按设计意图修复,a2496a6e-fe03-4f5c-908a-87016bb0c941
十字花科全谷物三文鱼鸡肉,PUBLIC,9,小麦胚芽油,（空）,—,小麦胚芽油,油脂,可按设计意图修复,a2496a6e-fe03-4f5c-908a-87016bb0c941
十字花科全谷物三文鱼鸡肉,PUBLIC,9,食用盐,（空）,—,食盐（精制食盐）,干,可按设计意图修复,a2496a6e-fe03-4f5c-908a-87016bb0c941
十字花科全谷物三文鱼鸡肉,PUBLIC,9,鸡蛋壳粉,（空）,—,鸡蛋壳粉 · 西知堂 · 500g/罐,浓缩补剂,可按设计意图修复,a2496a6e-fe03-4f5c-908a-87016bb0c941
十字花科全谷物三文鱼鸡肉,PUBLIC,9,海藻粉,（空）,—,海藻粉 · NOW FOODS · 227g/瓶，450mcg碘/平勺，2522平勺/瓶,浓缩补剂,可按设计意图修复,a2496a6e-fe03-4f5c-908a-87016bb0c941
十字花科全谷物三文鱼鸡肉,PUBLIC,9,葡萄糖酸锌片,（空）,—,葡萄糖酸锌片 · NOW FOODS · 50mg锌/片 100片/瓶,浓缩补剂,可按设计意图修复,a2496a6e-fe03-4f5c-908a-87016bb0c941
十字花科全谷物三文鱼鸡肉,PUBLIC,9,胆碱片,（空）,—,胆碱片 · NATURE'S WAY · 500mg胆碱/片 100 片/瓶,浓缩补剂,可按设计意图修复,a2496a6e-fe03-4f5c-908a-87016bb0c941
紫薯黑米猪里脊,DRAFT,1,猪里脊,（空）,—,鲜猪里脊（纯瘦，生）,生,可按设计意图修复,08a7938f-858e-4d6f-91f3-3ce9beb026ba
紫薯黑米猪里脊,DRAFT,1,鸡蛋,（空）,—,全鸡蛋（鲜蛋，生）,生,可按设计意图修复,08a7938f-858e-4d6f-91f3-3ce9beb026ba
紫薯黑米猪里脊,DRAFT,1,三文鱼,（空）,—,三文鱼（大西洋鲑，养殖，生）,生,可按设计意图修复,08a7938f-858e-4d6f-91f3-3ce9beb026ba
紫薯黑米猪里脊,DRAFT,1,牛肝,（空）,—,牛肝（生）,生,可按设计意图修复,08a7938f-858e-4d6f-91f3-3ce9beb026ba
紫薯黑米猪里脊,DRAFT,1,黑米,（空）,—,黑米，熟/米饭,熟/米饭,可按设计意图修复,08a7938f-858e-4d6f-91f3-3ce9beb026ba
紫薯黑米猪里脊,DRAFT,1,紫薯,（空）,—,紫薯（去皮，蒸熟）,熟,可按设计意图修复,08a7938f-858e-4d6f-91f3-3ce9beb026ba
紫薯黑米猪里脊,DRAFT,1,上海青,（空）,—,小白菜/上海青（水煮沥干，不加盐）,熟,可按设计意图修复,08a7938f-858e-4d6f-91f3-3ce9beb026ba
紫薯黑米猪里脊,DRAFT,1,红甜椒,（空）,—,红甜椒（生）,生,可按设计意图修复,08a7938f-858e-4d6f-91f3-3ce9beb026ba
紫薯黑米猪里脊,DRAFT,1,生葵花籽仁,（空）,—,葵花籽仁（干）,干,可按设计意图修复,08a7938f-858e-4d6f-91f3-3ce9beb026ba
紫薯黑米猪里脊,DRAFT,1,食用盐,（空）,—,食盐（精制食盐）,干,可按设计意图修复,08a7938f-858e-4d6f-91f3-3ce9beb026ba
紫薯黑米猪里脊,DRAFT,1,鸡蛋壳粉,（空）,—,鸡蛋壳粉 · 西知堂 · 500g/罐,浓缩补剂,可按设计意图修复,08a7938f-858e-4d6f-91f3-3ce9beb026ba
紫薯黑米猪里脊,DRAFT,1,海藻粉,（空）,—,海藻粉 · NOW FOODS · 227g/瓶，450mcg碘/平勺，2522平勺/瓶,浓缩补剂,可按设计意图修复,08a7938f-858e-4d6f-91f3-3ce9beb026ba
紫薯黑米猪里脊,DRAFT,1,双甘氨酸亚铁胶囊,（空）,—,双甘氨酸亚铁胶囊 · NOW FOODS · 18mg铁/粒，120粒/瓶,浓缩补剂,可按设计意图修复,08a7938f-858e-4d6f-91f3-3ce9beb026ba
紫薯黑米猪里脊,DRAFT,1,葡萄糖酸锌片,（空）,—,葡萄糖酸锌片 · NOW FOODS · 50mg锌/片 100片/瓶,浓缩补剂,可按设计意图修复,08a7938f-858e-4d6f-91f3-3ce9beb026ba
布丁定制食谱,PRIVATE_CUSTOM,8,西兰花,西兰花（生）,生,西兰花（水煮沥干，不加盐）,熟,可按设计意图修复,7e63ad1f-a9fb-4be7-bce4-8aebfae8ed58
布丁定制食谱,PRIVATE_CUSTOM,8,胡萝卜,胡萝卜（生）,生,胡萝卜（水煮沥干，不加盐）,熟,可按设计意图修复,7e63ad1f-a9fb-4be7-bce4-8aebfae8ed58
布丁定制食谱,PRIVATE_CUSTOM,8,南瓜,南瓜（生）,生,南瓜（水煮沥干，不加盐）,熟,可按设计意图修复,7e63ad1f-a9fb-4be7-bce4-8aebfae8ed58
青花鱼对虾牛肉(财宝),PRIVATE_CUSTOM,2,黑米,黑米，生/干,生/干,黑米，熟/米饭,熟/米饭,可按设计意图修复,b5d1de4a-a70b-4b38-badc-11317648a7a0
青花鱼对虾牛肉(财宝),PRIVATE_CUSTOM,2,红薯,红薯/甘薯（生，未加工）,生,红薯/甘薯（水煮，去皮）,熟,可按设计意图修复,b5d1de4a-a70b-4b38-badc-11317648a7a0
青花鱼对虾牛肉(财宝),PRIVATE_CUSTOM,2,紫甘蓝,紫甘蓝（生）,生,紫甘蓝（水煮沥干，不加盐）,熟,可按设计意图修复,b5d1de4a-a70b-4b38-badc-11317648a7a0
青花鱼对虾牛肉(财宝),PRIVATE_CUSTOM,2,西兰花,西兰花（生）,生,西兰花（水煮沥干，不加盐）,熟,可按设计意图修复,b5d1de4a-a70b-4b38-badc-11317648a7a0
青花鱼对虾牛肉(财宝),PRIVATE_CUSTOM,2,胡萝卜,胡萝卜（生）,生,胡萝卜（水煮沥干，不加盐）,熟,可按设计意图修复,b5d1de4a-a70b-4b38-badc-11317648a7a0
青花鱼对虾牛肉(财宝),PRIVATE_CUSTOM,2,绿豆芽,绿豆芽（生）,生,绿豆芽（水煮沥干，不加盐）,熟,可按设计意图修复,b5d1de4a-a70b-4b38-badc-11317648a7a0
小米鳕鱼鸡胸,PUBLIC,2,鸡胸,（空）,—,鸡胸肉（去皮去骨，仅肉，生）,生,可按设计意图修复,ff429cb0-4871-4edd-82af-6557f1867240
小米鳕鱼鸡胸,PUBLIC,2,狭鳕鱼柳,（空）,—,狭鳕鱼（生）,生,可按设计意图修复,ff429cb0-4871-4edd-82af-6557f1867240
小米鳕鱼鸡胸,PUBLIC,2,鸡蛋,（空）,—,全鸡蛋（鲜蛋，生）,生,可按设计意图修复,ff429cb0-4871-4edd-82af-6557f1867240
小米鳕鱼鸡胸,PUBLIC,2,鸭肝,（空）,—,鸭肝（生）,生,可按设计意图修复,ff429cb0-4871-4edd-82af-6557f1867240
小米鳕鱼鸡胸,PUBLIC,2,小米,（空）,—,小米粥/熟小米,熟,可按设计意图修复,ff429cb0-4871-4edd-82af-6557f1867240
小米鳕鱼鸡胸,PUBLIC,2,红薯,（空）,—,红薯/甘薯（水煮，去皮）,熟,可按设计意图修复,ff429cb0-4871-4edd-82af-6557f1867240
小米鳕鱼鸡胸,PUBLIC,2,秋葵,（空）,—,秋葵（水煮沥干，不加盐）,熟,可按设计意图修复,ff429cb0-4871-4edd-82af-6557f1867240
小米鳕鱼鸡胸,PUBLIC,2,苹果,（空）,—,苹果（带皮，生）,生,可按设计意图修复,ff429cb0-4871-4edd-82af-6557f1867240
小米鳕鱼鸡胸,PUBLIC,2,生葵花籽仁,（空）,—,葵花籽仁（干）,干,可按设计意图修复,ff429cb0-4871-4edd-82af-6557f1867240
小米鳕鱼鸡胸,PUBLIC,2,奇亚籽,（空）,—,奇亚籽（干）,干,可按设计意图修复,ff429cb0-4871-4edd-82af-6557f1867240
小米鳕鱼鸡胸,PUBLIC,2,食用盐,（空）,—,食盐（精制食盐）,干,可按设计意图修复,ff429cb0-4871-4edd-82af-6557f1867240
小米鳕鱼鸡胸,PUBLIC,2,葡萄糖酸锌片,（空）,—,葡萄糖酸锌片 · NOW FOODS · 50mg锌/片 100片/瓶,浓缩补剂,可按设计意图修复,ff429cb0-4871-4edd-82af-6557f1867240
小米鳕鱼鸡胸,PUBLIC,2,海藻粉,（空）,—,海藻粉 · NOW FOODS · 227g/瓶，450mcg碘/平勺，2522平勺/瓶,浓缩补剂,可按设计意图修复,ff429cb0-4871-4edd-82af-6557f1867240
小米鳕鱼鸡胸,PUBLIC,2,骨粉,（空）,—,骨粉 · KAL · 450g/罐,浓缩补剂,可按设计意图修复,ff429cb0-4871-4edd-82af-6557f1867240
小米鳕鱼鸡胸,PUBLIC,2,双甘氨酸亚铁胶囊,（空）,—,双甘氨酸亚铁胶囊 · NOW FOODS · 18mg铁/粒，120粒/瓶,浓缩补剂,可按设计意图修复,ff429cb0-4871-4edd-82af-6557f1867240
小米鳕鱼鸡胸,PUBLIC,2,鱼肝油,（空）,—,鱼肝油 · NOW FOODS · 250粒/瓶,浓缩补剂,可按设计意图修复,ff429cb0-4871-4edd-82af-6557f1867240
小米鳕鱼鸡胸,PUBLIC,2,胆碱片,（空）,—,胆碱片 · NATURE'S WAY · 500mg胆碱/片 100 片/瓶,浓缩补剂,可按设计意图修复,ff429cb0-4871-4edd-82af-6557f1867240
大米红薯兔里脊,PRIVATE_CUSTOM,2,西兰花,西兰花（生）,生,西兰花（水煮沥干，不加盐）,熟,可按设计意图修复,5fe009b0-2244-490e-bf4a-b42db0ea790a
燕麦鳕鱼猪肉,PUBLIC,2,猪里脊,（空）,—,鲜猪里脊（纯瘦，生）,生,可按设计意图修复,4e3450f4-362c-4f78-881e-3e72b8191703
燕麦鳕鱼猪肉,PUBLIC,2,猪肝,（空）,—,鲜猪肝（生）,生,可按设计意图修复,4e3450f4-362c-4f78-881e-3e72b8191703
燕麦鳕鱼猪肉,PUBLIC,2,狭鳕鱼柳,（空）,—,狭鳕鱼（生）,生,可按设计意图修复,4e3450f4-362c-4f78-881e-3e72b8191703
燕麦鳕鱼猪肉,PUBLIC,2,生蚝,（空）,—,生蚝（太平洋养殖，生）,生,可按设计意图修复,4e3450f4-362c-4f78-881e-3e72b8191703
燕麦鳕鱼猪肉,PUBLIC,2,大米,（空）,—,米饭（长粒白米，熟，不加盐，未强化）,熟,可按设计意图修复,4e3450f4-362c-4f78-881e-3e72b8191703
燕麦鳕鱼猪肉,PUBLIC,2,红薯,（空）,—,红薯/甘薯（水煮，去皮）,熟,可按设计意图修复,4e3450f4-362c-4f78-881e-3e72b8191703
燕麦鳕鱼猪肉,PUBLIC,2,燕麦,（空）,—,燕麦片（常规/快熟，干，未强化）,干,可按设计意图修复,4e3450f4-362c-4f78-881e-3e72b8191703
燕麦鳕鱼猪肉,PUBLIC,2,西兰花,（空）,—,西兰花（水煮沥干，不加盐）,熟,可按设计意图修复,4e3450f4-362c-4f78-881e-3e72b8191703
燕麦鳕鱼猪肉,PUBLIC,2,红甜椒,（空）,—,红甜椒（水煮沥干，不加盐）,熟,可按设计意图修复,4e3450f4-362c-4f78-881e-3e72b8191703
燕麦鳕鱼猪肉,PUBLIC,2,生葵花籽仁,（空）,—,葵花籽仁（干）,干,可按设计意图修复,4e3450f4-362c-4f78-881e-3e72b8191703
燕麦鳕鱼猪肉,PUBLIC,2,小麦胚芽油,（空）,—,小麦胚芽油,油脂,可按设计意图修复,4e3450f4-362c-4f78-881e-3e72b8191703
燕麦鳕鱼猪肉,PUBLIC,2,食用盐,（空）,—,食盐（精制食盐）,干,可按设计意图修复,4e3450f4-362c-4f78-881e-3e72b8191703
燕麦鳕鱼猪肉,PUBLIC,2,骨粉,（空）,—,骨粉 · KAL · 450g/罐,浓缩补剂,可按设计意图修复,4e3450f4-362c-4f78-881e-3e72b8191703
燕麦鳕鱼猪肉,PUBLIC,2,维生素D3胶囊,（空）,—,维生素D3胶囊 · NOW FOODS · 1000IU维D3/粒，180粒/瓶,浓缩补剂,可按设计意图修复,4e3450f4-362c-4f78-881e-3e72b8191703
燕麦鳕鱼猪肉,PUBLIC,2,海藻粉,（空）,—,海藻粉 · NOW FOODS · 227g/瓶，450mcg碘/平勺，2522平勺/瓶,浓缩补剂,可按设计意图修复,4e3450f4-362c-4f78-881e-3e72b8191703
燕麦鳕鱼猪肉,PUBLIC,2,双甘氨酸亚铁胶囊,（空）,—,双甘氨酸亚铁胶囊 · NOW FOODS · 18mg铁/粒，120粒/瓶,浓缩补剂,可按设计意图修复,4e3450f4-362c-4f78-881e-3e72b8191703
燕麦鳕鱼猪肉,PUBLIC,2,葡萄糖酸锌片,（空）,—,葡萄糖酸锌片 · NOW FOODS · 50mg锌/片 100片/瓶,浓缩补剂,可按设计意图修复,4e3450f4-362c-4f78-881e-3e72b8191703
燕麦鳕鱼猪肉,PUBLIC,2,胆碱片,（空）,—,胆碱片 · NATURE'S WAY · 500mg胆碱/片 100 片/瓶,浓缩补剂,可按设计意图修复,4e3450f4-362c-4f78-881e-3e72b8191703
鸡胸牛肉饭(幺鸡),DRAFT,7,牛里脊,（空）,—,牛里脊（牛柳，生）,生,可按设计意图修复,3884c97d-700f-4d4f-832c-8783788f6d70
鸡胸牛肉饭(幺鸡),DRAFT,7,鸡胸,（空）,—,鸡胸肉（去皮去骨，仅肉，生）,生,可按设计意图修复,3884c97d-700f-4d4f-832c-8783788f6d70
鸡胸牛肉饭(幺鸡),DRAFT,7,牛肝,（空）,—,牛肝（生）,生,可按设计意图修复,3884c97d-700f-4d4f-832c-8783788f6d70
鸡胸牛肉饭(幺鸡),DRAFT,7,鸡蛋,（空）,—,全鸡蛋（鲜蛋，生）,生,可按设计意图修复,3884c97d-700f-4d4f-832c-8783788f6d70
鸡胸牛肉饭(幺鸡),DRAFT,7,青花鱼,（空）,—,青花鱼（生）,生,可按设计意图修复,3884c97d-700f-4d4f-832c-8783788f6d70
鸡胸牛肉饭(幺鸡),DRAFT,7,大米,（空）,—,米饭（长粒白米，熟，不加盐，未强化）,熟,可按设计意图修复,3884c97d-700f-4d4f-832c-8783788f6d70
鸡胸牛肉饭(幺鸡),DRAFT,7,紫薯,（空）,—,紫薯（去皮，蒸熟）,熟,可按设计意图修复,3884c97d-700f-4d4f-832c-8783788f6d70
鸡胸牛肉饭(幺鸡),DRAFT,7,西葫芦,（空）,—,西葫芦（带皮，水煮沥干，不加盐）,熟,可按设计意图修复,3884c97d-700f-4d4f-832c-8783788f6d70
鸡胸牛肉饭(幺鸡),DRAFT,7,花椰菜,（空）,—,花椰菜（水煮沥干，不加盐）,熟,可按设计意图修复,3884c97d-700f-4d4f-832c-8783788f6d70
鸡胸牛肉饭(幺鸡),DRAFT,7,小麦胚芽油,（空）,—,小麦胚芽油,油脂,可按设计意图修复,3884c97d-700f-4d4f-832c-8783788f6d70
鸡胸牛肉饭(幺鸡),DRAFT,7,火麻籽,（空）,—,火麻仁（去壳）,干,可按设计意图修复,3884c97d-700f-4d4f-832c-8783788f6d70
鸡胸牛肉饭(幺鸡),DRAFT,7,食用盐,（空）,—,食盐（精制食盐）,干,可按设计意图修复,3884c97d-700f-4d4f-832c-8783788f6d70
鸡胸牛肉饭(幺鸡),DRAFT,7,丁香粉,（空）,—,丁香粉,粉,可按设计意图修复,3884c97d-700f-4d4f-832c-8783788f6d70
鸡胸牛肉饭(幺鸡),DRAFT,7,蛋氨酸锌(含铜),（空）,—,NOW Foods L-OptiZinc 锌 30mg · 每粒标签营养,浓缩补剂,可按设计意图修复,3884c97d-700f-4d4f-832c-8783788f6d70
鸡胸牛肉饭(幺鸡),DRAFT,7,海藻粉,（空）,—,海藻粉 · NOW FOODS · 227g/瓶，450mcg碘/平勺，2522平勺/瓶,浓缩补剂,可按设计意图修复,3884c97d-700f-4d4f-832c-8783788f6d70
鸡胸牛肉饭(幺鸡),DRAFT,7,碳酸钙粉,（空）,—,碳酸钙粉 · NOW FOODS · 600mg钙/1.7克，340g/罐,浓缩补剂,可按设计意图修复,3884c97d-700f-4d4f-832c-8783788f6d70
鸡胸牛肉饭(幺鸡),DRAFT,7,鱼肝油,（空）,—,鱼肝油 · NOW FOODS · 250粒/瓶,浓缩补剂,可按设计意图修复,3884c97d-700f-4d4f-832c-8783788f6d70
鸡胸牛肉饭(幺鸡),DRAFT,7,双甘氨酸亚铁胶囊,（空）,—,双甘氨酸亚铁胶囊 · NOW FOODS · 18mg铁/粒，120粒/瓶,浓缩补剂,可按设计意图修复,3884c97d-700f-4d4f-832c-8783788f6d70
鸡胸牛肉饭(幺鸡),DRAFT,7,柠檬酸镁胶囊,（空）,—,柠檬酸镁胶囊 · NOW FOODS · 133.33mg镁/粒，120粒/瓶,浓缩补剂,可按设计意图修复,3884c97d-700f-4d4f-832c-8783788f6d70
鸡胸牛肉饭(幺鸡),DRAFT,7,氨基酸螯合铜,（空）,—,Swanson Albion 铜 · 每片标签营养,浓缩补剂,可按设计意图修复,3884c97d-700f-4d4f-832c-8783788f6d70
鸡胸牛肉饭(幺鸡),DRAFT,7,B族维生素复合胶囊,（空）,—,Jarrow Formulas B-Right · 每粒标签营养,浓缩补剂,可按设计意图修复,3884c97d-700f-4d4f-832c-8783788f6d70
创伤恢复+红胡子(牛肉版),DRAFT,1,牛里脊,（空）,—,牛里脊（牛柳，生）,生,可按设计意图修复,05d1f95b-8cf3-4e74-b1bb-9a659eafc8a5
创伤恢复+红胡子(牛肉版),DRAFT,1,鸡蛋,（空）,—,全鸡蛋（鲜蛋，生）,生,可按设计意图修复,05d1f95b-8cf3-4e74-b1bb-9a659eafc8a5
创伤恢复+红胡子(牛肉版),DRAFT,1,三文鱼,（空）,—,三文鱼（大西洋鲑，养殖，生）,生,可按设计意图修复,05d1f95b-8cf3-4e74-b1bb-9a659eafc8a5
创伤恢复+红胡子(牛肉版),DRAFT,1,牛肝,（空）,—,牛肝（生）,生,可按设计意图修复,05d1f95b-8cf3-4e74-b1bb-9a659eafc8a5
创伤恢复+红胡子(牛肉版),DRAFT,1,糙米,（空）,—,糙米饭（长粒，熟）,熟,可按设计意图修复,05d1f95b-8cf3-4e74-b1bb-9a659eafc8a5
创伤恢复+红胡子(牛肉版),DRAFT,1,燕麦,（空）,—,燕麦片（常规/快熟，干，未强化）,干,可按设计意图修复,05d1f95b-8cf3-4e74-b1bb-9a659eafc8a5
创伤恢复+红胡子(牛肉版),DRAFT,1,红薯,（空）,—,红薯/甘薯（生，未加工）,生,可按设计意图修复,05d1f95b-8cf3-4e74-b1bb-9a659eafc8a5
创伤恢复+红胡子(牛肉版),DRAFT,1,胡萝卜,（空）,—,胡萝卜（生）,生,可按设计意图修复,05d1f95b-8cf3-4e74-b1bb-9a659eafc8a5
创伤恢复+红胡子(牛肉版),DRAFT,1,西兰花,（空）,—,西兰花（生）,生,可按设计意图修复,05d1f95b-8cf3-4e74-b1bb-9a659eafc8a5
创伤恢复+红胡子(牛肉版),DRAFT,1,白蘑菇,（空）,—,白蘑菇（生）,生,可按设计意图修复,05d1f95b-8cf3-4e74-b1bb-9a659eafc8a5
创伤恢复+红胡子(牛肉版),DRAFT,1,小麦胚芽油,（空）,—,小麦胚芽油,油脂,可按设计意图修复,05d1f95b-8cf3-4e74-b1bb-9a659eafc8a5
创伤恢复+红胡子(牛肉版),DRAFT,1,姜黄粉,（空）,—,姜黄粉,粉,可按设计意图修复,05d1f95b-8cf3-4e74-b1bb-9a659eafc8a5
创伤恢复+红胡子(牛肉版),DRAFT,1,食用盐,（空）,—,食盐（精制食盐）,干,可按设计意图修复,05d1f95b-8cf3-4e74-b1bb-9a659eafc8a5
创伤恢复+红胡子(牛肉版),DRAFT,1,鸡蛋壳粉,（空）,—,鸡蛋壳粉 · 西知堂 · 500g/罐,浓缩补剂,可按设计意图修复,05d1f95b-8cf3-4e74-b1bb-9a659eafc8a5
创伤恢复+红胡子(牛肉版),DRAFT,1,葡萄糖酸锌片,（空）,—,葡萄糖酸锌片 · NOW FOODS · 50mg锌/片 100片/瓶,浓缩补剂,可按设计意图修复,05d1f95b-8cf3-4e74-b1bb-9a659eafc8a5
创伤恢复+红胡子(牛肉版),DRAFT,1,海藻粉,（空）,—,海藻粉 · NOW FOODS · 227g/瓶，450mcg碘/平勺，2522平勺/瓶,浓缩补剂,可按设计意图修复,05d1f95b-8cf3-4e74-b1bb-9a659eafc8a5
小米鳕鱼鸡胸,PUBLIC,2,鸡胸,（空）,—,鸡胸肉（去皮去骨，仅肉，生）,生,可按设计意图修复,62373ad9-b5c9-48ec-8e3d-a0f30a6d8650
小米鳕鱼鸡胸,PUBLIC,2,狭鳕鱼柳,（空）,—,狭鳕鱼（生）,生,可按设计意图修复,62373ad9-b5c9-48ec-8e3d-a0f30a6d8650
小米鳕鱼鸡胸,PUBLIC,2,鸡蛋,（空）,—,全鸡蛋（鲜蛋，生）,生,可按设计意图修复,62373ad9-b5c9-48ec-8e3d-a0f30a6d8650
小米鳕鱼鸡胸,PUBLIC,2,鸭肝,（空）,—,鸭肝（生）,生,可按设计意图修复,62373ad9-b5c9-48ec-8e3d-a0f30a6d8650
小米鳕鱼鸡胸,PUBLIC,2,小米,（空）,—,小米粥/熟小米,熟,可按设计意图修复,62373ad9-b5c9-48ec-8e3d-a0f30a6d8650
小米鳕鱼鸡胸,PUBLIC,2,红薯,（空）,—,红薯/甘薯（水煮，去皮）,熟,可按设计意图修复,62373ad9-b5c9-48ec-8e3d-a0f30a6d8650
小米鳕鱼鸡胸,PUBLIC,2,秋葵,（空）,—,秋葵（水煮沥干，不加盐）,熟,可按设计意图修复,62373ad9-b5c9-48ec-8e3d-a0f30a6d8650
小米鳕鱼鸡胸,PUBLIC,2,苹果,（空）,—,苹果（带皮，生）,生,可按设计意图修复,62373ad9-b5c9-48ec-8e3d-a0f30a6d8650
小米鳕鱼鸡胸,PUBLIC,2,生葵花籽仁,（空）,—,葵花籽仁（干）,干,可按设计意图修复,62373ad9-b5c9-48ec-8e3d-a0f30a6d8650
小米鳕鱼鸡胸,PUBLIC,2,奇亚籽,（空）,—,奇亚籽（干）,干,可按设计意图修复,62373ad9-b5c9-48ec-8e3d-a0f30a6d8650
小米鳕鱼鸡胸,PUBLIC,2,食用盐,（空）,—,食盐（精制食盐）,干,可按设计意图修复,62373ad9-b5c9-48ec-8e3d-a0f30a6d8650
小米鳕鱼鸡胸,PUBLIC,2,葡萄糖酸锌片,（空）,—,葡萄糖酸锌片 · NOW FOODS · 50mg锌/片 100片/瓶,浓缩补剂,可按设计意图修复,62373ad9-b5c9-48ec-8e3d-a0f30a6d8650
小米鳕鱼鸡胸,PUBLIC,2,骨粉,（空）,—,骨粉 · KAL · 450g/罐,浓缩补剂,可按设计意图修复,62373ad9-b5c9-48ec-8e3d-a0f30a6d8650
小米鳕鱼鸡胸,PUBLIC,2,海藻粉,（空）,—,海藻粉 · NOW FOODS · 227g/瓶，450mcg碘/平勺，2522平勺/瓶,浓缩补剂,可按设计意图修复,62373ad9-b5c9-48ec-8e3d-a0f30a6d8650
小米鳕鱼鸡胸,PUBLIC,2,双甘氨酸亚铁胶囊,（空）,—,双甘氨酸亚铁胶囊 · NOW FOODS · 18mg铁/粒，120粒/瓶,浓缩补剂,可按设计意图修复,62373ad9-b5c9-48ec-8e3d-a0f30a6d8650
小米鳕鱼鸡胸,PUBLIC,2,鱼肝油,（空）,—,鱼肝油 · NOW FOODS · 250粒/瓶,浓缩补剂,可按设计意图修复,62373ad9-b5c9-48ec-8e3d-a0f30a6d8650
小米鳕鱼鸡胸,PUBLIC,2,胆碱片,（空）,—,胆碱片 · NATURE'S WAY · 500mg胆碱/片 100 片/瓶,浓缩补剂,可按设计意图修复,62373ad9-b5c9-48ec-8e3d-a0f30a6d8650
燕麦米青花鱼鸭肉,DRAFT,3,鸭胸,（空）,—,鸭肉（仅肉，生）,生,可按设计意图修复,cc632e19-e47a-4cc3-9959-589410a7abbb
燕麦米青花鱼鸭肉,DRAFT,3,青花鱼,（空）,—,青花鱼（生）,生,可按设计意图修复,cc632e19-e47a-4cc3-9959-589410a7abbb
燕麦米青花鱼鸭肉,DRAFT,3,青口贝,（空）,—,新西兰青口贝肉（生）,生,可按设计意图修复,cc632e19-e47a-4cc3-9959-589410a7abbb
燕麦米青花鱼鸭肉,DRAFT,3,鸭肝,（空）,—,鸭肝（生）,生,可按设计意图修复,cc632e19-e47a-4cc3-9959-589410a7abbb
燕麦米青花鱼鸭肉,DRAFT,3,南瓜,（空）,—,南瓜（水煮沥干，不加盐）,熟,可按设计意图修复,cc632e19-e47a-4cc3-9959-589410a7abbb
燕麦米青花鱼鸭肉,DRAFT,3,燕麦米,（空）,—,燕麦米，生/干,生/干,可按设计意图修复,cc632e19-e47a-4cc3-9959-589410a7abbb
燕麦米青花鱼鸭肉,DRAFT,3,西葫芦,（空）,—,西葫芦（带皮，水煮沥干，不加盐）,熟,可按设计意图修复,cc632e19-e47a-4cc3-9959-589410a7abbb
燕麦米青花鱼鸭肉,DRAFT,3,紫甘蓝,（空）,—,紫甘蓝（水煮沥干，不加盐）,熟,可按设计意图修复,cc632e19-e47a-4cc3-9959-589410a7abbb
燕麦米青花鱼鸭肉,DRAFT,3,生葵花籽仁,（空）,—,葵花籽仁（干）,干,可按设计意图修复,cc632e19-e47a-4cc3-9959-589410a7abbb
燕麦米青花鱼鸭肉,DRAFT,3,食用盐,（空）,—,食盐（精制食盐）,干,可按设计意图修复,cc632e19-e47a-4cc3-9959-589410a7abbb
燕麦米青花鱼鸭肉,DRAFT,3,鸡蛋壳粉,（空）,—,鸡蛋壳粉 · 无 · 散装,浓缩补剂,可按设计意图修复,cc632e19-e47a-4cc3-9959-589410a7abbb
燕麦米青花鱼鸭肉,DRAFT,3,葡萄糖酸锌片,（空）,—,葡萄糖酸锌片 · NOW FOODS · 50mg锌/片 100片/瓶,浓缩补剂,可按设计意图修复,cc632e19-e47a-4cc3-9959-589410a7abbb
燕麦米青花鱼鸭肉,DRAFT,3,碘钾片,（空）,—,碘钾片 · NOW FOODS · 180片/瓶，225mcg碘、99mg钾、5mg钠/片,浓缩补剂,可按设计意图修复,cc632e19-e47a-4cc3-9959-589410a7abbb
燕麦米青花鱼鸭肉,DRAFT,3,胆碱片,（空）,—,胆碱片 · NATURE'S WAY · 500mg胆碱/片 100 片/瓶,浓缩补剂,可按设计意图修复,cc632e19-e47a-4cc3-9959-589410a7abbb
黑米鳕鱼鸡胸,DRAFT,4,红薯,红薯/甘薯（生，未加工）,生,红薯/甘薯（水煮，去皮）,熟,可按设计意图修复,2b63a9ba-eb91-473f-9168-b8c22a93cf24
青口贝虾仁鸡胸（幺鸡）,PRIVATE_CUSTOM,4,红薯,红薯/甘薯（生，未加工）,生,红薯/甘薯（水煮，去皮）,熟,可按设计意图修复,88e462c6-d177-49fd-8fb0-621ef80c7c5d
青口贝虾仁鸡胸（幺鸡）,PRIVATE_CUSTOM,4,西葫芦,西葫芦（带皮，生）,生,西葫芦（带皮，水煮沥干，不加盐）,熟,可按设计意图修复,88e462c6-d177-49fd-8fb0-621ef80c7c5d
大米燕麦三文鱼兔里脊,PUBLIC,4,兔里脊,（空）,—,家兔肉（综合部位，生）,生,可按设计意图修复,09d81930-b732-484c-bf2a-6edd1316c16d
大米燕麦三文鱼兔里脊,PUBLIC,4,三文鱼,（空）,—,三文鱼（大西洋鲑，养殖，生）,生,可按设计意图修复,09d81930-b732-484c-bf2a-6edd1316c16d
大米燕麦三文鱼兔里脊,PUBLIC,4,鸭肝,（空）,—,鸭肝（生）,生,可按设计意图修复,09d81930-b732-484c-bf2a-6edd1316c16d
大米燕麦三文鱼兔里脊,PUBLIC,4,大米,（空）,—,米饭（长粒白米，熟，不加盐，未强化）,熟,可按设计意图修复,09d81930-b732-484c-bf2a-6edd1316c16d
大米燕麦三文鱼兔里脊,PUBLIC,4,燕麦,（空）,—,燕麦片（常规/快熟，干，未强化）,干,可按设计意图修复,09d81930-b732-484c-bf2a-6edd1316c16d
大米燕麦三文鱼兔里脊,PUBLIC,4,南瓜,（空）,—,南瓜（水煮沥干，不加盐）,熟,可按设计意图修复,09d81930-b732-484c-bf2a-6edd1316c16d
大米燕麦三文鱼兔里脊,PUBLIC,4,红薯,（空）,—,红薯/甘薯（水煮，去皮）,熟,可按设计意图修复,09d81930-b732-484c-bf2a-6edd1316c16d
大米燕麦三文鱼兔里脊,PUBLIC,4,西兰花,（空）,—,西兰花（水煮沥干，不加盐）,熟,可按设计意图修复,09d81930-b732-484c-bf2a-6edd1316c16d
大米燕麦三文鱼兔里脊,PUBLIC,4,火麻籽,（空）,—,火麻仁（去壳）,干,可按设计意图修复,09d81930-b732-484c-bf2a-6edd1316c16d
大米燕麦三文鱼兔里脊,PUBLIC,4,食用盐,（空）,—,食盐（精制食盐）,干,可按设计意图修复,09d81930-b732-484c-bf2a-6edd1316c16d
大米燕麦三文鱼兔里脊,PUBLIC,4,洋车前子壳粉,（空）,—,洋车前子壳粉 · NOW FOODS · 340g/瓶,浓缩补剂,可按设计意图修复,09d81930-b732-484c-bf2a-6edd1316c16d
大米燕麦三文鱼兔里脊,PUBLIC,4,碳酸钙粉,（空）,—,碳酸钙粉 · NOW FOODS · 600mg钙/1.7克，340g/罐,浓缩补剂,可按设计意图修复,09d81930-b732-484c-bf2a-6edd1316c16d
大米燕麦三文鱼兔里脊,PUBLIC,4,海藻粉,（空）,—,海藻粉 · NOW FOODS · 227g/瓶，450mcg碘/平勺，2522平勺/瓶,浓缩补剂,可按设计意图修复,09d81930-b732-484c-bf2a-6edd1316c16d
大米燕麦三文鱼兔里脊,PUBLIC,4,葡萄糖酸锌片,（空）,—,葡萄糖酸锌片 · NOW FOODS · 50mg锌/片 100片/瓶,浓缩补剂,可按设计意图修复,09d81930-b732-484c-bf2a-6edd1316c16d
大米燕麦三文鱼兔里脊,PUBLIC,4,胆碱片,（空）,—,胆碱片 · NATURE'S WAY · 500mg胆碱/片 100 片/瓶,浓缩补剂,可按设计意图修复,09d81930-b732-484c-bf2a-6edd1316c16d
大米燕麦三文鱼兔里脊,PUBLIC,4,维生素E胶囊 ,（空）,—,维生素E胶囊 · NOW FOODS · 200IU/粒，100粒/瓶,浓缩补剂,可按设计意图修复,09d81930-b732-484c-bf2a-6edd1316c16d
大米燕麦三文鱼兔里脊,PUBLIC,4,营养酵母粉,（空）,—,营养酵母粉 · NOW FOODS · 284克/罐,浓缩补剂,可按设计意图修复,09d81930-b732-484c-bf2a-6edd1316c16d
糙米三文鱼鸭胸鹿腿,PUBLIC,2,鹿腿肉,（空）,—,鹿肉（生）,生,可按设计意图修复,05e36718-a99b-482b-abde-40b3263c9d48
糙米三文鱼鸭胸鹿腿,PUBLIC,2,鸭胸,（空）,—,鸭肉（仅肉，生）,生,可按设计意图修复,05e36718-a99b-482b-abde-40b3263c9d48
糙米三文鱼鸭胸鹿腿,PUBLIC,2,鸡蛋,（空）,—,全鸡蛋（鲜蛋，生）,生,可按设计意图修复,05e36718-a99b-482b-abde-40b3263c9d48
糙米三文鱼鸭胸鹿腿,PUBLIC,2,三文鱼,（空）,—,三文鱼（大西洋鲑，养殖，生）,生,可按设计意图修复,05e36718-a99b-482b-abde-40b3263c9d48
糙米三文鱼鸭胸鹿腿,PUBLIC,2,生蚝,（空）,—,生蚝（太平洋养殖，生）,生,可按设计意图修复,05e36718-a99b-482b-abde-40b3263c9d48
糙米三文鱼鸭胸鹿腿,PUBLIC,2,青口贝,（空）,—,新西兰青口贝肉（生）,生,可按设计意图修复,05e36718-a99b-482b-abde-40b3263c9d48
糙米三文鱼鸭胸鹿腿,PUBLIC,2,鸭肝,（空）,—,鸭肝（生）,生,可按设计意图修复,05e36718-a99b-482b-abde-40b3263c9d48
糙米三文鱼鸭胸鹿腿,PUBLIC,2,糙米,（空）,—,糙米饭（长粒，熟）,熟,可按设计意图修复,05e36718-a99b-482b-abde-40b3263c9d48
糙米三文鱼鸭胸鹿腿,PUBLIC,2,藜麦,（空）,—,藜麦（未煮）,生,可按设计意图修复,05e36718-a99b-482b-abde-40b3263c9d48
糙米三文鱼鸭胸鹿腿,PUBLIC,2,西兰花,（空）,—,西兰花（水煮沥干，不加盐）,熟,可按设计意图修复,05e36718-a99b-482b-abde-40b3263c9d48
糙米三文鱼鸭胸鹿腿,PUBLIC,2,红甜椒,（空）,—,红甜椒（生）,生,可按设计意图修复,05e36718-a99b-482b-abde-40b3263c9d48
糙米三文鱼鸭胸鹿腿,PUBLIC,2,绿豆芽,（空）,—,绿豆芽（生）,生,可按设计意图修复,05e36718-a99b-482b-abde-40b3263c9d48
糙米三文鱼鸭胸鹿腿,PUBLIC,2,梨（鲜）,（空）,—,梨（生）,生,可按设计意图修复,05e36718-a99b-482b-abde-40b3263c9d48
糙米三文鱼鸭胸鹿腿,PUBLIC,2,小麦胚芽油,（空）,—,小麦胚芽油,油脂,可按设计意图修复,05e36718-a99b-482b-abde-40b3263c9d48
糙米三文鱼鸭胸鹿腿,PUBLIC,2,食用盐,（空）,—,食盐（精制食盐）,干,可按设计意图修复,05e36718-a99b-482b-abde-40b3263c9d48
糙米三文鱼鸭胸鹿腿,PUBLIC,2,海藻粉,（空）,—,海藻粉 · NOW FOODS · 227g/瓶，450mcg碘/平勺，2522平勺/瓶,浓缩补剂,可按设计意图修复,05e36718-a99b-482b-abde-40b3263c9d48
糙米三文鱼鸭胸鹿腿,PUBLIC,2,胆碱片,（空）,—,胆碱片 · NATURE'S WAY · 500mg胆碱/片 100 片/瓶,浓缩补剂,可按设计意图修复,05e36718-a99b-482b-abde-40b3263c9d48
糙米三文鱼鸭胸鹿腿,PUBLIC,2,葡萄糖酸锌片,（空）,—,葡萄糖酸锌片 · NOW FOODS · 50mg锌/片 100片/瓶,浓缩补剂,可按设计意图修复,05e36718-a99b-482b-abde-40b3263c9d48
糙米三文鱼鸭胸鹿腿,PUBLIC,2,骨粉,（空）,—,骨粉 · KAL · 450g/罐,浓缩补剂,可按设计意图修复,05e36718-a99b-482b-abde-40b3263c9d48
十字花科全谷物三文鱼鸡肉,PUBLIC,2,鸡胸,（空）,—,鸡胸肉（去皮去骨，仅肉，生）,生,可按设计意图修复,7761406e-9f36-4750-b943-512c146646e6
十字花科全谷物三文鱼鸡肉,PUBLIC,2,鸡心,（空）,—,鸡心（慢炖熟制）,熟,可按设计意图修复,7761406e-9f36-4750-b943-512c146646e6
十字花科全谷物三文鱼鸡肉,PUBLIC,2,鸡肝,（空）,—,鸡肝（生）,生,可按设计意图修复,7761406e-9f36-4750-b943-512c146646e6
十字花科全谷物三文鱼鸡肉,PUBLIC,2,三文鱼,（空）,—,三文鱼（大西洋鲑，养殖，生）,生,可按设计意图修复,7761406e-9f36-4750-b943-512c146646e6
十字花科全谷物三文鱼鸡肉,PUBLIC,2,生蚝,（空）,—,生蚝（太平洋养殖，生）,生,可按设计意图修复,7761406e-9f36-4750-b943-512c146646e6
十字花科全谷物三文鱼鸡肉,PUBLIC,2,糙米,（空）,—,糙米饭（长粒，熟）,熟,可按设计意图修复,7761406e-9f36-4750-b943-512c146646e6
十字花科全谷物三文鱼鸡肉,PUBLIC,2,红薯,（空）,—,红薯/甘薯（水煮，去皮）,熟,可按设计意图修复,7761406e-9f36-4750-b943-512c146646e6
十字花科全谷物三文鱼鸡肉,PUBLIC,2,西兰花,（空）,—,西兰花（水煮沥干，不加盐）,熟,可按设计意图修复,7761406e-9f36-4750-b943-512c146646e6
十字花科全谷物三文鱼鸡肉,PUBLIC,2,卷心菜,（空）,—,普通卷心菜（水煮沥干，不加盐）,熟,可按设计意图修复,7761406e-9f36-4750-b943-512c146646e6
十字花科全谷物三文鱼鸡肉,PUBLIC,2,白萝卜,（空）,—,白萝卜（水煮沥干，不加盐）,熟,可按设计意图修复,7761406e-9f36-4750-b943-512c146646e6
十字花科全谷物三文鱼鸡肉,PUBLIC,2,鲜香菇,（空）,—,鲜香菇（生）,生,可按设计意图修复,7761406e-9f36-4750-b943-512c146646e6
十字花科全谷物三文鱼鸡肉,PUBLIC,2,火麻籽,（空）,—,火麻仁（去壳）,干,可按设计意图修复,7761406e-9f36-4750-b943-512c146646e6
十字花科全谷物三文鱼鸡肉,PUBLIC,2,小麦胚芽油,（空）,—,小麦胚芽油,油脂,可按设计意图修复,7761406e-9f36-4750-b943-512c146646e6
十字花科全谷物三文鱼鸡肉,PUBLIC,2,食用盐,（空）,—,食盐（精制食盐）,干,可按设计意图修复,7761406e-9f36-4750-b943-512c146646e6
十字花科全谷物三文鱼鸡肉,PUBLIC,2,海藻粉,（空）,—,海藻粉 · NOW FOODS · 227g/瓶，450mcg碘/平勺，2522平勺/瓶,浓缩补剂,可按设计意图修复,7761406e-9f36-4750-b943-512c146646e6
十字花科全谷物三文鱼鸡肉,PUBLIC,2,葡萄糖酸锌片,（空）,—,葡萄糖酸锌片 · NOW FOODS · 50mg锌/片 100片/瓶,浓缩补剂,可按设计意图修复,7761406e-9f36-4750-b943-512c146646e6
十字花科全谷物三文鱼鸡肉,PUBLIC,2,胆碱片,（空）,—,胆碱片 · NATURE'S WAY · 500mg胆碱/片 100 片/瓶,浓缩补剂,可按设计意图修复,7761406e-9f36-4750-b943-512c146646e6
十字花科全谷物三文鱼鸡肉,PUBLIC,2,骨粉,（空）,—,骨粉 · KAL · 450g/罐,浓缩补剂,可按设计意图修复,7761406e-9f36-4750-b943-512c146646e6
十字花科全谷物三文鱼鸡肉,PUBLIC,2,双甘氨酸亚铁胶囊,（空）,—,双甘氨酸亚铁胶囊 · NOW FOODS · 18mg铁/粒，120粒/瓶,浓缩补剂,可按设计意图修复,7761406e-9f36-4750-b943-512c146646e6
牛牛的定制食谱（牛）20260914,PRIVATE_CUSTOM,2,黑米,黑米，生/干,生/干,黑米，熟/米饭,熟/米饭,可按设计意图修复,17923cad-138f-4318-807a-04d6f6bd379f
牛牛的定制食谱（牛）20260914,PRIVATE_CUSTOM,2,紫甘蓝,紫甘蓝（生）,生,紫甘蓝（水煮沥干，不加盐）,熟,可按设计意图修复,17923cad-138f-4318-807a-04d6f6bd379f
牛牛的定制食谱（牛）20260914,PRIVATE_CUSTOM,2,红甜椒,红甜椒（生）,生,红甜椒（水煮沥干，不加盐）,熟,可按设计意图修复,17923cad-138f-4318-807a-04d6f6bd379f
牛牛的定制食谱（牛）20260914,PRIVATE_CUSTOM,2,南瓜,南瓜（生）,生,南瓜（水煮沥干，不加盐）,熟,可按设计意图修复,17923cad-138f-4318-807a-04d6f6bd379f
牛牛的定制食谱（牛）20260914,PRIVATE_CUSTOM,2,白蘑菇,白蘑菇（生）,生,白蘑菇（水煮沥干，不加盐）,熟,可按设计意图修复,17923cad-138f-4318-807a-04d6f6bd379f
十字花科全谷物三文鱼鸡肉,PUBLIC,2,鸡胸,（空）,—,鸡胸肉（去皮去骨，仅肉，生）,生,可按设计意图修复,75921daf-ba7e-4137-977f-93b17af62afc
十字花科全谷物三文鱼鸡肉,PUBLIC,2,鸡心,（空）,—,鸡心（慢炖熟制）,熟,可按设计意图修复,75921daf-ba7e-4137-977f-93b17af62afc
十字花科全谷物三文鱼鸡肉,PUBLIC,2,鸡肝,（空）,—,鸡肝（生）,生,可按设计意图修复,75921daf-ba7e-4137-977f-93b17af62afc
十字花科全谷物三文鱼鸡肉,PUBLIC,2,三文鱼,（空）,—,三文鱼（大西洋鲑，养殖，生）,生,可按设计意图修复,75921daf-ba7e-4137-977f-93b17af62afc
十字花科全谷物三文鱼鸡肉,PUBLIC,2,生蚝,（空）,—,生蚝（太平洋养殖，生）,生,可按设计意图修复,75921daf-ba7e-4137-977f-93b17af62afc
十字花科全谷物三文鱼鸡肉,PUBLIC,2,糙米,（空）,—,糙米饭（长粒，熟）,熟,可按设计意图修复,75921daf-ba7e-4137-977f-93b17af62afc
十字花科全谷物三文鱼鸡肉,PUBLIC,2,红薯,（空）,—,红薯/甘薯（水煮，去皮）,熟,可按设计意图修复,75921daf-ba7e-4137-977f-93b17af62afc
十字花科全谷物三文鱼鸡肉,PUBLIC,2,西兰花,（空）,—,西兰花（水煮沥干，不加盐）,熟,可按设计意图修复,75921daf-ba7e-4137-977f-93b17af62afc
十字花科全谷物三文鱼鸡肉,PUBLIC,2,卷心菜,（空）,—,普通卷心菜（水煮沥干，不加盐）,熟,可按设计意图修复,75921daf-ba7e-4137-977f-93b17af62afc
十字花科全谷物三文鱼鸡肉,PUBLIC,2,白萝卜,（空）,—,白萝卜（水煮沥干，不加盐）,熟,可按设计意图修复,75921daf-ba7e-4137-977f-93b17af62afc
十字花科全谷物三文鱼鸡肉,PUBLIC,2,鲜香菇,（空）,—,鲜香菇（生）,生,可按设计意图修复,75921daf-ba7e-4137-977f-93b17af62afc
十字花科全谷物三文鱼鸡肉,PUBLIC,2,火麻籽,（空）,—,火麻仁（去壳）,干,可按设计意图修复,75921daf-ba7e-4137-977f-93b17af62afc
十字花科全谷物三文鱼鸡肉,PUBLIC,2,小麦胚芽油,（空）,—,小麦胚芽油,油脂,可按设计意图修复,75921daf-ba7e-4137-977f-93b17af62afc
十字花科全谷物三文鱼鸡肉,PUBLIC,2,食用盐,（空）,—,食盐（精制食盐）,干,可按设计意图修复,75921daf-ba7e-4137-977f-93b17af62afc
十字花科全谷物三文鱼鸡肉,PUBLIC,2,海藻粉,（空）,—,海藻粉 · NOW FOODS · 227g/瓶，450mcg碘/平勺，2522平勺/瓶,浓缩补剂,可按设计意图修复,75921daf-ba7e-4137-977f-93b17af62afc
十字花科全谷物三文鱼鸡肉,PUBLIC,2,葡萄糖酸锌片,（空）,—,葡萄糖酸锌片 · NOW FOODS · 50mg锌/片 100片/瓶,浓缩补剂,可按设计意图修复,75921daf-ba7e-4137-977f-93b17af62afc
十字花科全谷物三文鱼鸡肉,PUBLIC,2,骨粉,（空）,—,骨粉 · KAL · 450g/罐,浓缩补剂,可按设计意图修复,75921daf-ba7e-4137-977f-93b17af62afc
十字花科全谷物三文鱼鸡肉,PUBLIC,2,胆碱片,（空）,—,胆碱片 · NATURE'S WAY · 500mg胆碱/片 100 片/瓶,浓缩补剂,可按设计意图修复,75921daf-ba7e-4137-977f-93b17af62afc
十字花科全谷物三文鱼鸡肉,PUBLIC,2,双甘氨酸亚铁胶囊,（空）,—,双甘氨酸亚铁胶囊 · NOW FOODS · 18mg铁/粒，120粒/瓶,浓缩补剂,可按设计意图修复,75921daf-ba7e-4137-977f-93b17af62afc
花椰菜糙米鸭肉,PRIVATE_CUSTOM,4,糙米,糙米（长粒，生）,生,糙米饭（长粒，熟）,熟,可按设计意图修复,7523b390-4dad-48cd-b845-ec0a29e27c17
花椰菜糙米鸭肉,PRIVATE_CUSTOM,4,花椰菜,花椰菜（生）,生,花椰菜（水煮沥干，不加盐）,熟,可按设计意图修复,7523b390-4dad-48cd-b845-ec0a29e27c17
花椰菜糙米鸭肉,PRIVATE_CUSTOM,4,南瓜,南瓜（生）,生,南瓜（水煮沥干，不加盐）,熟,可按设计意图修复,7523b390-4dad-48cd-b845-ec0a29e27c17
花椰菜糙米鸭肉,PRIVATE_CUSTOM,4,紫甘蓝,紫甘蓝（生）,生,紫甘蓝（水煮沥干，不加盐）,熟,可按设计意图修复,7523b390-4dad-48cd-b845-ec0a29e27c17
燕麦米青花鱼鸭肉(财宝),PRIVATE_CUSTOM,2,南瓜,南瓜（生）,生,南瓜（水煮沥干，不加盐）,熟,可按设计意图修复,c8d350de-59eb-4d41-b1c6-ad549ef32fcf
燕麦米青花鱼鸭肉(财宝),PRIVATE_CUSTOM,2,西葫芦,西葫芦（带皮，生）,生,西葫芦（带皮，水煮沥干，不加盐）,熟,可按设计意图修复,c8d350de-59eb-4d41-b1c6-ad549ef32fcf
燕麦米青花鱼鸭肉(财宝),PRIVATE_CUSTOM,2,紫甘蓝,紫甘蓝（生）,生,紫甘蓝（水煮沥干，不加盐）,熟,可按设计意图修复,c8d350de-59eb-4d41-b1c6-ad549ef32fcf
燕麦鳕鱼猪肉,PUBLIC,3,大米,大米（长粒白米，生，未强化）,生,米饭（长粒白米，熟，不加盐，未强化）,熟,可按设计意图修复,40718da5-5899-4fa0-8868-412fca0e1b15
燕麦鳕鱼猪肉,PUBLIC,3,红薯,红薯/甘薯（生，未加工）,生,红薯/甘薯（水煮，去皮）,熟,可按设计意图修复,40718da5-5899-4fa0-8868-412fca0e1b15
燕麦鳕鱼猪肉,PUBLIC,3,西兰花,西兰花（生）,生,西兰花（水煮沥干，不加盐）,熟,可按设计意图修复,40718da5-5899-4fa0-8868-412fca0e1b15
燕麦鳕鱼猪肉,PUBLIC,3,红甜椒,红甜椒（生）,生,红甜椒（水煮沥干，不加盐）,熟,可按设计意图修复,40718da5-5899-4fa0-8868-412fca0e1b15
Lucky的最新兔肉食谱,DRAFT,10,兔里脊,（空）,—,家兔肉（综合部位，生）,生,可按设计意图修复,3b1d41f3-2e07-4ac3-8668-1bf22a7ece96
Lucky的最新兔肉食谱,DRAFT,10,大米,（空）,—,米饭（长粒白米，熟，不加盐，未强化）,熟,可按设计意图修复,3b1d41f3-2e07-4ac3-8668-1bf22a7ece96
Lucky的最新兔肉食谱,DRAFT,10,南瓜,（空）,—,南瓜（水煮沥干，不加盐）,熟,可按设计意图修复,3b1d41f3-2e07-4ac3-8668-1bf22a7ece96
Lucky的最新兔肉食谱,DRAFT,10,红薯,（空）,—,红薯/甘薯（水煮，去皮）,熟,可按设计意图修复,3b1d41f3-2e07-4ac3-8668-1bf22a7ece96
Lucky的最新兔肉食谱,DRAFT,10,西兰花,（空）,—,西兰花（水煮沥干，不加盐）,熟,可按设计意图修复,3b1d41f3-2e07-4ac3-8668-1bf22a7ece96
Lucky的最新兔肉食谱,DRAFT,10,食用盐,（空）,—,食盐（精制食盐）,干,可按设计意图修复,3b1d41f3-2e07-4ac3-8668-1bf22a7ece96
Lucky的最新兔肉食谱,DRAFT,10,碳酸钙粉,（空）,—,碳酸钙粉 · NOW FOODS · 600mg钙/1.7克，340g/罐,浓缩补剂,可按设计意图修复,3b1d41f3-2e07-4ac3-8668-1bf22a7ece96
Lucky的最新兔肉食谱,DRAFT,10,骨粉,（空）,—,骨粉 · KAL · 450g/罐,浓缩补剂,可按设计意图修复,3b1d41f3-2e07-4ac3-8668-1bf22a7ece96
Lucky的最新兔肉食谱,DRAFT,10,海藻粉,（空）,—,海藻粉 · NOW FOODS · 227g/瓶，450mcg碘/平勺，2522平勺/瓶,浓缩补剂,可按设计意图修复,3b1d41f3-2e07-4ac3-8668-1bf22a7ece96
Lucky的最新兔肉食谱,DRAFT,10,双甘氨酸亚铁胶囊,（空）,—,双甘氨酸亚铁胶囊 · NOW FOODS · 18mg铁/粒，120粒/瓶,浓缩补剂,可按设计意图修复,3b1d41f3-2e07-4ac3-8668-1bf22a7ece96
Lucky的最新兔肉食谱,DRAFT,10,葡萄糖酸锌片,（空）,—,葡萄糖酸锌片 · NOW FOODS · 50mg锌/片 100片/瓶,浓缩补剂,可按设计意图修复,3b1d41f3-2e07-4ac3-8668-1bf22a7ece96
Lucky的最新兔肉食谱,DRAFT,10,维生素D3胶囊,（空）,—,维生素D3胶囊 · NOW FOODS · 1000IU维D3/粒，180粒/瓶,浓缩补剂,可按设计意图修复,3b1d41f3-2e07-4ac3-8668-1bf22a7ece96
Lucky的最新兔肉食谱,DRAFT,10,维生素E胶囊 ,（空）,—,维生素E胶囊 · NOW FOODS · 200IU/粒，100粒/瓶,浓缩补剂,可按设计意图修复,3b1d41f3-2e07-4ac3-8668-1bf22a7ece96
Lucky的最新兔肉食谱,DRAFT,10,B族维生素胶囊,（空）,—,B族维生素胶囊 · NOW FOODS · 50mgB族维生素/粒，100粒/瓶,浓缩补剂,可按设计意图修复,3b1d41f3-2e07-4ac3-8668-1bf22a7ece96
Lucky的最新兔肉食谱,DRAFT,10,胆碱片,（空）,—,胆碱片 · NATURE'S WAY · 500mg胆碱/片 100 片/瓶,浓缩补剂,可按设计意图修复,3b1d41f3-2e07-4ac3-8668-1bf22a7ece96
燕麦鳕鱼猪肉,PUBLIC,2,猪里脊,（空）,—,鲜猪里脊（纯瘦，生）,生,可按设计意图修复,0e4c3eab-0bf4-4fec-8053-816e94f0f1bb
燕麦鳕鱼猪肉,PUBLIC,2,猪肝,（空）,—,鲜猪肝（生）,生,可按设计意图修复,0e4c3eab-0bf4-4fec-8053-816e94f0f1bb
燕麦鳕鱼猪肉,PUBLIC,2,狭鳕鱼柳,（空）,—,狭鳕鱼（生）,生,可按设计意图修复,0e4c3eab-0bf4-4fec-8053-816e94f0f1bb
燕麦鳕鱼猪肉,PUBLIC,2,生蚝,（空）,—,生蚝（太平洋养殖，生）,生,可按设计意图修复,0e4c3eab-0bf4-4fec-8053-816e94f0f1bb
燕麦鳕鱼猪肉,PUBLIC,2,大米,（空）,—,米饭（长粒白米，熟，不加盐，未强化）,熟,可按设计意图修复,0e4c3eab-0bf4-4fec-8053-816e94f0f1bb
燕麦鳕鱼猪肉,PUBLIC,2,红薯,（空）,—,红薯/甘薯（水煮，去皮）,熟,可按设计意图修复,0e4c3eab-0bf4-4fec-8053-816e94f0f1bb
燕麦鳕鱼猪肉,PUBLIC,2,燕麦,（空）,—,燕麦片（常规/快熟，干，未强化）,干,可按设计意图修复,0e4c3eab-0bf4-4fec-8053-816e94f0f1bb
燕麦鳕鱼猪肉,PUBLIC,2,西兰花,（空）,—,西兰花（水煮沥干，不加盐）,熟,可按设计意图修复,0e4c3eab-0bf4-4fec-8053-816e94f0f1bb
燕麦鳕鱼猪肉,PUBLIC,2,红甜椒,（空）,—,红甜椒（水煮沥干，不加盐）,熟,可按设计意图修复,0e4c3eab-0bf4-4fec-8053-816e94f0f1bb
燕麦鳕鱼猪肉,PUBLIC,2,生葵花籽仁,（空）,—,葵花籽仁（干）,干,可按设计意图修复,0e4c3eab-0bf4-4fec-8053-816e94f0f1bb
燕麦鳕鱼猪肉,PUBLIC,2,小麦胚芽油,（空）,—,小麦胚芽油,油脂,可按设计意图修复,0e4c3eab-0bf4-4fec-8053-816e94f0f1bb
燕麦鳕鱼猪肉,PUBLIC,2,食用盐,（空）,—,食盐（精制食盐）,干,可按设计意图修复,0e4c3eab-0bf4-4fec-8053-816e94f0f1bb
燕麦鳕鱼猪肉,PUBLIC,2,骨粉,（空）,—,骨粉 · KAL · 450g/罐,浓缩补剂,可按设计意图修复,0e4c3eab-0bf4-4fec-8053-816e94f0f1bb
燕麦鳕鱼猪肉,PUBLIC,2,维生素D3胶囊,（空）,—,维生素D3胶囊 · NOW FOODS · 1000IU维D3/粒，180粒/瓶,浓缩补剂,可按设计意图修复,0e4c3eab-0bf4-4fec-8053-816e94f0f1bb
燕麦鳕鱼猪肉,PUBLIC,2,海藻粉,（空）,—,海藻粉 · NOW FOODS · 227g/瓶，450mcg碘/平勺，2522平勺/瓶,浓缩补剂,可按设计意图修复,0e4c3eab-0bf4-4fec-8053-816e94f0f1bb
燕麦鳕鱼猪肉,PUBLIC,2,双甘氨酸亚铁胶囊,（空）,—,双甘氨酸亚铁胶囊 · NOW FOODS · 18mg铁/粒，120粒/瓶,浓缩补剂,可按设计意图修复,0e4c3eab-0bf4-4fec-8053-816e94f0f1bb
燕麦鳕鱼猪肉,PUBLIC,2,葡萄糖酸锌片,（空）,—,葡萄糖酸锌片 · NOW FOODS · 50mg锌/片 100片/瓶,浓缩补剂,可按设计意图修复,0e4c3eab-0bf4-4fec-8053-816e94f0f1bb
燕麦鳕鱼猪肉,PUBLIC,2,胆碱片,（空）,—,胆碱片 · NATURE'S WAY · 500mg胆碱/片 100 片/瓶,浓缩补剂,可按设计意图修复,0e4c3eab-0bf4-4fec-8053-816e94f0f1bb
鳕鱼鸡蛋牛肉(路宝),PRIVATE_CUSTOM,2,红薯,红薯/甘薯（生，未加工）,生,红薯/甘薯（水煮，去皮）,熟,可按设计意图修复,25f973bc-2223-466c-b033-73e5302ec400
糙米三文鱼牛肉（敢敢）,PUBLIC,6,牛里脊,（空）,—,牛里脊（牛柳，生）,生,可按设计意图修复,45aabdb0-c1dc-4471-9a07-2b7603d992b8
糙米三文鱼牛肉（敢敢）,PUBLIC,6,鸡蛋,（空）,—,全鸡蛋（鲜蛋，生）,生,可按设计意图修复,45aabdb0-c1dc-4471-9a07-2b7603d992b8
糙米三文鱼牛肉（敢敢）,PUBLIC,6,牛肝,（空）,—,牛肝（生）,生,可按设计意图修复,45aabdb0-c1dc-4471-9a07-2b7603d992b8
糙米三文鱼牛肉（敢敢）,PUBLIC,6,青口贝,（空）,—,新西兰青口贝肉（生）,生,可按设计意图修复,45aabdb0-c1dc-4471-9a07-2b7603d992b8
糙米三文鱼牛肉（敢敢）,PUBLIC,6,糙米,（空）,—,糙米饭（长粒，熟）,熟,可按设计意图修复,45aabdb0-c1dc-4471-9a07-2b7603d992b8
糙米三文鱼牛肉（敢敢）,PUBLIC,6,西兰花,（空）,—,西兰花（水煮沥干，不加盐）,熟,可按设计意图修复,45aabdb0-c1dc-4471-9a07-2b7603d992b8
糙米三文鱼牛肉（敢敢）,PUBLIC,6,红甜椒,（空）,—,红甜椒（生）,生,可按设计意图修复,45aabdb0-c1dc-4471-9a07-2b7603d992b8
糙米三文鱼牛肉（敢敢）,PUBLIC,6,绿豆芽,（空）,—,绿豆芽（生）,生,可按设计意图修复,45aabdb0-c1dc-4471-9a07-2b7603d992b8
糙米三文鱼牛肉（敢敢）,PUBLIC,6,梨（鲜）,（空）,—,梨（生）,生,可按设计意图修复,45aabdb0-c1dc-4471-9a07-2b7603d992b8
糙米三文鱼牛肉（敢敢）,PUBLIC,6,小麦胚芽油,（空）,—,小麦胚芽油,油脂,可按设计意图修复,45aabdb0-c1dc-4471-9a07-2b7603d992b8
糙米三文鱼牛肉（敢敢）,PUBLIC,6,火麻籽,（空）,—,火麻仁（去壳）,干,可按设计意图修复,45aabdb0-c1dc-4471-9a07-2b7603d992b8
糙米三文鱼牛肉（敢敢）,PUBLIC,6,食用盐,（空）,—,食盐（精制食盐）,干,可按设计意图修复,45aabdb0-c1dc-4471-9a07-2b7603d992b8
糙米三文鱼牛肉（敢敢）,PUBLIC,6,鸡蛋壳粉,（空）,—,鸡蛋壳粉 · 西知堂 · 500g/罐,浓缩补剂,可按设计意图修复,45aabdb0-c1dc-4471-9a07-2b7603d992b8
糙米三文鱼牛肉（敢敢）,PUBLIC,6,海藻粉,（空）,—,海藻粉 · NOW FOODS · 227g/瓶，450mcg碘/平勺，2522平勺/瓶,浓缩补剂,可按设计意图修复,45aabdb0-c1dc-4471-9a07-2b7603d992b8
糙米三文鱼牛肉（敢敢）,PUBLIC,6,葡萄糖酸锌片,（空）,—,葡萄糖酸锌片 · NOW FOODS · 50mg锌/片 100片/瓶,浓缩补剂,可按设计意图修复,45aabdb0-c1dc-4471-9a07-2b7603d992b8
糙米三文鱼牛肉（敢敢）,PUBLIC,6,鱼肝油,（空）,—,鱼肝油 · NOW FOODS · 250粒/瓶,浓缩补剂,可按设计意图修复,45aabdb0-c1dc-4471-9a07-2b7603d992b8
牛牛的定制食谱（兔）20260914,PRIVATE_CUSTOM,4,红薯,红薯/甘薯（生，未加工）,生,红薯/甘薯（水煮，去皮）,熟,可按设计意图修复,98f1e4d1-9b84-4021-a1df-8ed231097c95
牛牛的定制食谱（兔）20260914,PRIVATE_CUSTOM,4,娃娃菜,大白菜/娃娃菜（生）,生,大白菜/娃娃菜（水煮沥干，不加盐）,熟,可按设计意图修复,98f1e4d1-9b84-4021-a1df-8ed231097c95
牛牛的定制食谱（兔）20260914,PRIVATE_CUSTOM,4,四季豆,四季豆（生）,生,四季豆（水煮沥干，不加盐）,熟,可按设计意图修复,98f1e4d1-9b84-4021-a1df-8ed231097c95
牛牛的定制食谱（兔）20260914,PRIVATE_CUSTOM,4,鲜香菇,鲜香菇（生）,生,鲜香菇（熟制，不加盐）,熟,可按设计意图修复,98f1e4d1-9b84-4021-a1df-8ed231097c95
牛牛定制食谱,DRAFT,3,鸡胸,（空）,—,鸡胸肉（去皮去骨，仅肉，生）,生,可按设计意图修复,58251423-4b6c-4314-8773-a60ced36f118
牛牛定制食谱,DRAFT,3,鸡腿肉,（空）,—,去皮鸡腿肉（生）,生,可按设计意图修复,58251423-4b6c-4314-8773-a60ced36f118
牛牛定制食谱,DRAFT,3,狭鳕鱼柳,（空）,—,狭鳕鱼（生）,生,可按设计意图修复,58251423-4b6c-4314-8773-a60ced36f118
牛牛定制食谱,DRAFT,3,鸡蛋,（空）,—,全鸡蛋（鲜蛋，生）,生,可按设计意图修复,58251423-4b6c-4314-8773-a60ced36f118
牛牛定制食谱,DRAFT,3,牛肝,（空）,—,牛肝（生）,生,可按设计意图修复,58251423-4b6c-4314-8773-a60ced36f118
牛牛定制食谱,DRAFT,3,大米,（空）,—,米饭（长粒白米，熟，不加盐，未强化）,熟,可按设计意图修复,58251423-4b6c-4314-8773-a60ced36f118
牛牛定制食谱,DRAFT,3,燕麦,（空）,—,燕麦片（常规/快熟，干，未强化）,干,可按设计意图修复,58251423-4b6c-4314-8773-a60ced36f118
牛牛定制食谱,DRAFT,3,西兰花,（空）,—,西兰花（水煮沥干，不加盐）,熟,可按设计意图修复,58251423-4b6c-4314-8773-a60ced36f118
牛牛定制食谱,DRAFT,3,胡萝卜,（空）,—,胡萝卜（水煮沥干，不加盐）,熟,可按设计意图修复,58251423-4b6c-4314-8773-a60ced36f118
牛牛定制食谱,DRAFT,3,蓝莓,（空）,—,蓝莓（生）,生,可按设计意图修复,58251423-4b6c-4314-8773-a60ced36f118
牛牛定制食谱,DRAFT,3,苹果,（空）,—,苹果（带皮，生）,生,可按设计意图修复,58251423-4b6c-4314-8773-a60ced36f118
牛牛定制食谱,DRAFT,3,姜黄粉,（空）,—,姜黄粉,粉,可按设计意图修复,58251423-4b6c-4314-8773-a60ced36f118
牛牛定制食谱,DRAFT,3,小麦胚芽油,（空）,—,小麦胚芽油,油脂,可按设计意图修复,58251423-4b6c-4314-8773-a60ced36f118
牛牛定制食谱,DRAFT,3,亚麻籽油,（空）,—,亚麻籽油（冷榨）,油脂,可按设计意图修复,58251423-4b6c-4314-8773-a60ced36f118
牛牛定制食谱,DRAFT,3,食用盐,（空）,—,食盐（精制食盐）,干,可按设计意图修复,58251423-4b6c-4314-8773-a60ced36f118
牛牛定制食谱,DRAFT,3,碳酸钙粉,（空）,—,碳酸钙粉 · NOW FOODS · 600mg钙/1.7克，340g/罐,浓缩补剂,可按设计意图修复,58251423-4b6c-4314-8773-a60ced36f118
牛牛定制食谱,DRAFT,3,海藻粉,（空）,—,海藻粉 · NOW FOODS · 227g/瓶，450mcg碘/平勺，2522平勺/瓶,浓缩补剂,可按设计意图修复,58251423-4b6c-4314-8773-a60ced36f118
牛牛定制食谱,DRAFT,3,双甘氨酸亚铁胶囊,（空）,—,双甘氨酸亚铁胶囊 · NOW FOODS · 18mg铁/粒，120粒/瓶,浓缩补剂,可按设计意图修复,58251423-4b6c-4314-8773-a60ced36f118
牛牛定制食谱,DRAFT,3,葡萄糖酸锌片,（空）,—,葡萄糖酸锌片 · NOW FOODS · 50mg锌/片 100片/瓶,浓缩补剂,可按设计意图修复,58251423-4b6c-4314-8773-a60ced36f118
牛牛定制食谱,DRAFT,3,鱼肝油,（空）,—,鱼肝油 · NOW FOODS · 250粒/瓶,浓缩补剂,可按设计意图修复,58251423-4b6c-4314-8773-a60ced36f118
小米鳕鱼鸡胸,PUBLIC,1,鸡胸,（空）,—,鸡胸肉（去皮去骨，仅肉，生）,生,可按设计意图修复,249ad3fb-5e7c-46fb-bd33-2511b2d16366
小米鳕鱼鸡胸,PUBLIC,1,狭鳕鱼柳,（空）,—,狭鳕鱼（生）,生,可按设计意图修复,249ad3fb-5e7c-46fb-bd33-2511b2d16366
小米鳕鱼鸡胸,PUBLIC,1,鸡蛋,（空）,—,全鸡蛋（鲜蛋，生）,生,可按设计意图修复,249ad3fb-5e7c-46fb-bd33-2511b2d16366
小米鳕鱼鸡胸,PUBLIC,1,鸭肝,（空）,—,鸭肝（生）,生,可按设计意图修复,249ad3fb-5e7c-46fb-bd33-2511b2d16366
小米鳕鱼鸡胸,PUBLIC,1,小米,（空）,—,小米粥/熟小米,熟,可按设计意图修复,249ad3fb-5e7c-46fb-bd33-2511b2d16366
小米鳕鱼鸡胸,PUBLIC,1,红薯,（空）,—,红薯/甘薯（水煮，去皮）,熟,可按设计意图修复,249ad3fb-5e7c-46fb-bd33-2511b2d16366
小米鳕鱼鸡胸,PUBLIC,1,秋葵,（空）,—,秋葵（生）,生,可按设计意图修复,249ad3fb-5e7c-46fb-bd33-2511b2d16366
小米鳕鱼鸡胸,PUBLIC,1,苹果,（空）,—,苹果（带皮，生）,生,可按设计意图修复,249ad3fb-5e7c-46fb-bd33-2511b2d16366
小米鳕鱼鸡胸,PUBLIC,1,生葵花籽仁,（空）,—,葵花籽仁（干）,干,可按设计意图修复,249ad3fb-5e7c-46fb-bd33-2511b2d16366
小米鳕鱼鸡胸,PUBLIC,1,奇亚籽,（空）,—,奇亚籽（干）,干,可按设计意图修复,249ad3fb-5e7c-46fb-bd33-2511b2d16366
小米鳕鱼鸡胸,PUBLIC,1,食用盐,（空）,—,食盐（精制食盐）,干,可按设计意图修复,249ad3fb-5e7c-46fb-bd33-2511b2d16366
小米鳕鱼鸡胸,PUBLIC,1,鸡蛋壳粉,（空）,—,鸡蛋壳粉 · 西知堂 · 500g/罐,浓缩补剂,可按设计意图修复,249ad3fb-5e7c-46fb-bd33-2511b2d16366
小米鳕鱼鸡胸,PUBLIC,1,葡萄糖酸锌片,（空）,—,葡萄糖酸锌片 · NOW FOODS · 50mg锌/片 100片/瓶,浓缩补剂,可按设计意图修复,249ad3fb-5e7c-46fb-bd33-2511b2d16366
小米鳕鱼鸡胸,PUBLIC,1,海藻粉,（空）,—,海藻粉 · NOW FOODS · 227g/瓶，450mcg碘/平勺，2522平勺/瓶,浓缩补剂,可按设计意图修复,249ad3fb-5e7c-46fb-bd33-2511b2d16366
小米鳕鱼鸡胸,PUBLIC,1,鱼肝油,（空）,—,鱼肝油 · NOW FOODS · 250粒/瓶,浓缩补剂,可按设计意图修复,249ad3fb-5e7c-46fb-bd33-2511b2d16366
小米鳕鱼鸡胸,PUBLIC,1,营养酵母粉,（空）,—,营养酵母粉 · NOW FOODS · 284克/罐,浓缩补剂,可按设计意图修复,249ad3fb-5e7c-46fb-bd33-2511b2d16366
糙米三文鱼鸭胸鹿腿,PUBLIC,6,鹿腿肉,（空）,—,鹿肉（生）,生,可按设计意图修复,afdacaa5-e48d-408a-bfe8-2198928f5e49
糙米三文鱼鸭胸鹿腿,PUBLIC,6,鸭胸,（空）,—,鸭肉（仅肉，生）,生,可按设计意图修复,afdacaa5-e48d-408a-bfe8-2198928f5e49
糙米三文鱼鸭胸鹿腿,PUBLIC,6,鸡蛋,（空）,—,全鸡蛋（鲜蛋，生）,生,可按设计意图修复,afdacaa5-e48d-408a-bfe8-2198928f5e49
糙米三文鱼鸭胸鹿腿,PUBLIC,6,三文鱼,（空）,—,三文鱼（大西洋鲑，养殖，生）,生,可按设计意图修复,afdacaa5-e48d-408a-bfe8-2198928f5e49
糙米三文鱼鸭胸鹿腿,PUBLIC,6,生蚝,（空）,—,生蚝（太平洋养殖，生）,生,可按设计意图修复,afdacaa5-e48d-408a-bfe8-2198928f5e49
糙米三文鱼鸭胸鹿腿,PUBLIC,6,青口贝,（空）,—,新西兰青口贝肉（生）,生,可按设计意图修复,afdacaa5-e48d-408a-bfe8-2198928f5e49
糙米三文鱼鸭胸鹿腿,PUBLIC,6,鸭肝,（空）,—,鸭肝（生）,生,可按设计意图修复,afdacaa5-e48d-408a-bfe8-2198928f5e49
糙米三文鱼鸭胸鹿腿,PUBLIC,6,糙米,（空）,—,糙米饭（长粒，熟）,熟,可按设计意图修复,afdacaa5-e48d-408a-bfe8-2198928f5e49
糙米三文鱼鸭胸鹿腿,PUBLIC,6,西兰花,（空）,—,西兰花（水煮沥干，不加盐）,熟,可按设计意图修复,afdacaa5-e48d-408a-bfe8-2198928f5e49
糙米三文鱼鸭胸鹿腿,PUBLIC,6,红甜椒,（空）,—,红甜椒（生）,生,可按设计意图修复,afdacaa5-e48d-408a-bfe8-2198928f5e49
糙米三文鱼鸭胸鹿腿,PUBLIC,6,绿豆芽,（空）,—,绿豆芽（生）,生,可按设计意图修复,afdacaa5-e48d-408a-bfe8-2198928f5e49
糙米三文鱼鸭胸鹿腿,PUBLIC,6,梨（鲜）,（空）,—,梨（生）,生,可按设计意图修复,afdacaa5-e48d-408a-bfe8-2198928f5e49
糙米三文鱼鸭胸鹿腿,PUBLIC,6,小麦胚芽油,（空）,—,小麦胚芽油,油脂,可按设计意图修复,afdacaa5-e48d-408a-bfe8-2198928f5e49
糙米三文鱼鸭胸鹿腿,PUBLIC,6,食用盐,（空）,—,食盐（精制食盐）,干,可按设计意图修复,afdacaa5-e48d-408a-bfe8-2198928f5e49
糙米三文鱼鸭胸鹿腿,PUBLIC,6,鸡蛋壳粉,（空）,—,鸡蛋壳粉 · 西知堂 · 500g/罐,浓缩补剂,可按设计意图修复,afdacaa5-e48d-408a-bfe8-2198928f5e49
糙米三文鱼鸭胸鹿腿,PUBLIC,6,海藻粉,（空）,—,海藻粉 · NOW FOODS · 227g/瓶，450mcg碘/平勺，2522平勺/瓶,浓缩补剂,可按设计意图修复,afdacaa5-e48d-408a-bfe8-2198928f5e49
糙米三文鱼鸭胸鹿腿,PUBLIC,6,胆碱片,（空）,—,胆碱片 · NATURE'S WAY · 500mg胆碱/片 100 片/瓶,浓缩补剂,可按设计意图修复,afdacaa5-e48d-408a-bfe8-2198928f5e49
糙米三文鱼鸭胸鹿腿,PUBLIC,6,葡萄糖酸锌片,（空）,—,葡萄糖酸锌片 · NOW FOODS · 50mg锌/片 100片/瓶,浓缩补剂,可按设计意图修复,afdacaa5-e48d-408a-bfe8-2198928f5e49
小米鳕鱼鸡胸,PUBLIC,1,鸡胸,（空）,—,鸡胸肉（去皮去骨，仅肉，生）,生,可按设计意图修复,234dbddd-ba10-4525-a585-c996af867962
小米鳕鱼鸡胸,PUBLIC,1,狭鳕鱼柳,（空）,—,狭鳕鱼（生）,生,可按设计意图修复,234dbddd-ba10-4525-a585-c996af867962
小米鳕鱼鸡胸,PUBLIC,1,鸡蛋,（空）,—,全鸡蛋（鲜蛋，生）,生,可按设计意图修复,234dbddd-ba10-4525-a585-c996af867962
小米鳕鱼鸡胸,PUBLIC,1,鸭肝,（空）,—,鸭肝（生）,生,可按设计意图修复,234dbddd-ba10-4525-a585-c996af867962
小米鳕鱼鸡胸,PUBLIC,1,小米,（空）,—,小米粥/熟小米,熟,可按设计意图修复,234dbddd-ba10-4525-a585-c996af867962
小米鳕鱼鸡胸,PUBLIC,1,红薯,（空）,—,红薯/甘薯（水煮，去皮）,熟,可按设计意图修复,234dbddd-ba10-4525-a585-c996af867962
小米鳕鱼鸡胸,PUBLIC,1,秋葵,（空）,—,秋葵（水煮沥干，不加盐）,熟,可按设计意图修复,234dbddd-ba10-4525-a585-c996af867962
小米鳕鱼鸡胸,PUBLIC,1,苹果,（空）,—,苹果（带皮，生）,生,可按设计意图修复,234dbddd-ba10-4525-a585-c996af867962
小米鳕鱼鸡胸,PUBLIC,1,生葵花籽仁,（空）,—,葵花籽仁（干）,干,可按设计意图修复,234dbddd-ba10-4525-a585-c996af867962
小米鳕鱼鸡胸,PUBLIC,1,奇亚籽,（空）,—,奇亚籽（干）,干,可按设计意图修复,234dbddd-ba10-4525-a585-c996af867962
小米鳕鱼鸡胸,PUBLIC,1,食用盐,（空）,—,食盐（精制食盐）,干,可按设计意图修复,234dbddd-ba10-4525-a585-c996af867962
小米鳕鱼鸡胸,PUBLIC,1,葡萄糖酸锌片,（空）,—,葡萄糖酸锌片 · NOW FOODS · 50mg锌/片 100片/瓶,浓缩补剂,可按设计意图修复,234dbddd-ba10-4525-a585-c996af867962
小米鳕鱼鸡胸,PUBLIC,1,骨粉,（空）,—,骨粉 · KAL · 450g/罐,浓缩补剂,可按设计意图修复,234dbddd-ba10-4525-a585-c996af867962
小米鳕鱼鸡胸,PUBLIC,1,海藻粉,（空）,—,海藻粉 · NOW FOODS · 227g/瓶，450mcg碘/平勺，2522平勺/瓶,浓缩补剂,可按设计意图修复,234dbddd-ba10-4525-a585-c996af867962
小米鳕鱼鸡胸,PUBLIC,1,双甘氨酸亚铁胶囊,（空）,—,双甘氨酸亚铁胶囊 · NOW FOODS · 18mg铁/粒，120粒/瓶,浓缩补剂,可按设计意图修复,234dbddd-ba10-4525-a585-c996af867962
小米鳕鱼鸡胸,PUBLIC,1,鱼肝油,（空）,—,鱼肝油 · NOW FOODS · 250粒/瓶,浓缩补剂,可按设计意图修复,234dbddd-ba10-4525-a585-c996af867962
小米鳕鱼鸡胸,PUBLIC,1,胆碱片,（空）,—,胆碱片 · NATURE'S WAY · 500mg胆碱/片 100 片/瓶,浓缩补剂,可按设计意图修复,234dbddd-ba10-4525-a585-c996af867962
土豆大米兔,PRIVATE_CUSTOM,3,红甜椒,红甜椒（水煮沥干，不加盐）,熟,红甜椒（生）,生,需人工确认,4c474c35-3f8c-4e9f-8378-849b90b5bf28
土豆大米兔,PRIVATE_CUSTOM,3,紫甘蓝,紫甘蓝（生）,生,紫甘蓝（水煮沥干，不加盐）,熟,可按设计意图修复,4c474c35-3f8c-4e9f-8378-849b90b5bf28
糙米三文鱼鸭胸鹿腿,PUBLIC,2,鹿腿肉,（空）,—,鹿肉（生）,生,可按设计意图修复,e160d12f-4905-4427-806f-28f92f6b57b4
糙米三文鱼鸭胸鹿腿,PUBLIC,2,鸭胸,（空）,—,鸭肉（仅肉，生）,生,可按设计意图修复,e160d12f-4905-4427-806f-28f92f6b57b4
糙米三文鱼鸭胸鹿腿,PUBLIC,2,鸡蛋,（空）,—,全鸡蛋（鲜蛋，生）,生,可按设计意图修复,e160d12f-4905-4427-806f-28f92f6b57b4
糙米三文鱼鸭胸鹿腿,PUBLIC,2,三文鱼,（空）,—,三文鱼（大西洋鲑，养殖，生）,生,可按设计意图修复,e160d12f-4905-4427-806f-28f92f6b57b4
糙米三文鱼鸭胸鹿腿,PUBLIC,2,生蚝,（空）,—,生蚝（太平洋养殖，生）,生,可按设计意图修复,e160d12f-4905-4427-806f-28f92f6b57b4
糙米三文鱼鸭胸鹿腿,PUBLIC,2,青口贝,（空）,—,新西兰青口贝肉（生）,生,可按设计意图修复,e160d12f-4905-4427-806f-28f92f6b57b4
糙米三文鱼鸭胸鹿腿,PUBLIC,2,鸭肝,（空）,—,鸭肝（生）,生,可按设计意图修复,e160d12f-4905-4427-806f-28f92f6b57b4
糙米三文鱼鸭胸鹿腿,PUBLIC,2,糙米,（空）,—,糙米饭（长粒，熟）,熟,可按设计意图修复,e160d12f-4905-4427-806f-28f92f6b57b4
糙米三文鱼鸭胸鹿腿,PUBLIC,2,藜麦,（空）,—,藜麦（未煮）,生,可按设计意图修复,e160d12f-4905-4427-806f-28f92f6b57b4
糙米三文鱼鸭胸鹿腿,PUBLIC,2,西兰花,（空）,—,西兰花（水煮沥干，不加盐）,熟,可按设计意图修复,e160d12f-4905-4427-806f-28f92f6b57b4
糙米三文鱼鸭胸鹿腿,PUBLIC,2,红甜椒,（空）,—,红甜椒（生）,生,可按设计意图修复,e160d12f-4905-4427-806f-28f92f6b57b4
糙米三文鱼鸭胸鹿腿,PUBLIC,2,绿豆芽,（空）,—,绿豆芽（生）,生,可按设计意图修复,e160d12f-4905-4427-806f-28f92f6b57b4
糙米三文鱼鸭胸鹿腿,PUBLIC,2,梨（鲜）,（空）,—,梨（生）,生,可按设计意图修复,e160d12f-4905-4427-806f-28f92f6b57b4
糙米三文鱼鸭胸鹿腿,PUBLIC,2,小麦胚芽油,（空）,—,小麦胚芽油,油脂,可按设计意图修复,e160d12f-4905-4427-806f-28f92f6b57b4
糙米三文鱼鸭胸鹿腿,PUBLIC,2,食用盐,（空）,—,食盐（精制食盐）,干,可按设计意图修复,e160d12f-4905-4427-806f-28f92f6b57b4
糙米三文鱼鸭胸鹿腿,PUBLIC,2,海藻粉,（空）,—,海藻粉 · NOW FOODS · 227g/瓶，450mcg碘/平勺，2522平勺/瓶,浓缩补剂,可按设计意图修复,e160d12f-4905-4427-806f-28f92f6b57b4
糙米三文鱼鸭胸鹿腿,PUBLIC,2,胆碱片,（空）,—,胆碱片 · NATURE'S WAY · 500mg胆碱/片 100 片/瓶,浓缩补剂,可按设计意图修复,e160d12f-4905-4427-806f-28f92f6b57b4
糙米三文鱼鸭胸鹿腿,PUBLIC,2,葡萄糖酸锌片,（空）,—,葡萄糖酸锌片 · NOW FOODS · 50mg锌/片 100片/瓶,浓缩补剂,可按设计意图修复,e160d12f-4905-4427-806f-28f92f6b57b4
糙米三文鱼鸭胸鹿腿,PUBLIC,2,骨粉,（空）,—,骨粉 · KAL · 450g/罐,浓缩补剂,可按设计意图修复,e160d12f-4905-4427-806f-28f92f6b57b4
鸡蛋鱼虾鸭胸(路宝),DRAFT,3,鸭胸,（空）,—,鸭肉（仅肉，生）,生,可按设计意图修复,55595492-35c6-4c1b-a78c-ebc75bc5db3d
鸡蛋鱼虾鸭胸(路宝),DRAFT,3,鸭心,（空）,—,鸭心（生）,生,可按设计意图修复,55595492-35c6-4c1b-a78c-ebc75bc5db3d
鸡蛋鱼虾鸭胸(路宝),DRAFT,3,鸭肝,（空）,—,鸭肝（生）,生,可按设计意图修复,55595492-35c6-4c1b-a78c-ebc75bc5db3d
鸡蛋鱼虾鸭胸(路宝),DRAFT,3,鸡蛋,（空）,—,全鸡蛋（鲜蛋，生）,生,可按设计意图修复,55595492-35c6-4c1b-a78c-ebc75bc5db3d
鸡蛋鱼虾鸭胸(路宝),DRAFT,3,南美对虾虾仁,（空）,—,南美对虾虾仁，生（MEXT whiteleg shrimp）,生,可按设计意图修复,55595492-35c6-4c1b-a78c-ebc75bc5db3d
鸡蛋鱼虾鸭胸(路宝),DRAFT,3,比目鱼,（空）,—,比目鱼/鳎鱼类（生）,生,可按设计意图修复,55595492-35c6-4c1b-a78c-ebc75bc5db3d
鸡蛋鱼虾鸭胸(路宝),DRAFT,3,南瓜,（空）,—,南瓜（水煮沥干，不加盐）,熟,可按设计意图修复,55595492-35c6-4c1b-a78c-ebc75bc5db3d
鸡蛋鱼虾鸭胸(路宝),DRAFT,3,绿豆芽,（空）,—,绿豆芽（水煮沥干，不加盐）,熟,可按设计意图修复,55595492-35c6-4c1b-a78c-ebc75bc5db3d
鸡蛋鱼虾鸭胸(路宝),DRAFT,3,花椰菜,（空）,—,花椰菜（水煮沥干，不加盐）,熟,可按设计意图修复,55595492-35c6-4c1b-a78c-ebc75bc5db3d
鸡蛋鱼虾鸭胸(路宝),DRAFT,3,羊肚菌（鲜）,（空）,—,羊肚菌（生）,生,可按设计意图修复,55595492-35c6-4c1b-a78c-ebc75bc5db3d
鸡蛋鱼虾鸭胸(路宝),DRAFT,3,树莓,（空）,—,树莓（生）,生,可按设计意图修复,55595492-35c6-4c1b-a78c-ebc75bc5db3d
鸡蛋鱼虾鸭胸(路宝),DRAFT,3,火麻籽,（空）,—,火麻仁（去壳）,干,可按设计意图修复,55595492-35c6-4c1b-a78c-ebc75bc5db3d
鸡蛋鱼虾鸭胸(路宝),DRAFT,3,姜粉,（空）,—,姜粉,粉,可按设计意图修复,55595492-35c6-4c1b-a78c-ebc75bc5db3d
鸡蛋鱼虾鸭胸(路宝),DRAFT,3,食用盐,（空）,—,食盐（精制食盐）,干,可按设计意图修复,55595492-35c6-4c1b-a78c-ebc75bc5db3d
鸡蛋鱼虾鸭胸(路宝),DRAFT,3,蛋氨酸锌(含铜),（空）,—,NOW Foods L-OptiZinc 锌 30mg · 每粒标签营养,浓缩补剂,可按设计意图修复,55595492-35c6-4c1b-a78c-ebc75bc5db3d
鸡蛋鱼虾鸭胸(路宝),DRAFT,3,海藻粉,（空）,—,海藻粉 · NOW FOODS · 227g/瓶，450mcg碘/平勺，2522平勺/瓶,浓缩补剂,可按设计意图修复,55595492-35c6-4c1b-a78c-ebc75bc5db3d
鸡蛋鱼虾鸭胸(路宝),DRAFT,3,碳酸钙粉,（空）,—,碳酸钙粉 · NOW FOODS · 600mg钙/1.7克，340g/罐,浓缩补剂,可按设计意图修复,55595492-35c6-4c1b-a78c-ebc75bc5db3d
小米鳕鱼鸡胸,PUBLIC,5,鸡胸,（空）,—,鸡胸肉（去皮去骨，仅肉，生）,生,可按设计意图修复,59b1e976-378a-4f13-8ac3-3a2278a75218
小米鳕鱼鸡胸,PUBLIC,5,狭鳕鱼柳,（空）,—,狭鳕鱼（生）,生,可按设计意图修复,59b1e976-378a-4f13-8ac3-3a2278a75218
小米鳕鱼鸡胸,PUBLIC,5,鸡蛋,（空）,—,全鸡蛋（鲜蛋，生）,生,可按设计意图修复,59b1e976-378a-4f13-8ac3-3a2278a75218
小米鳕鱼鸡胸,PUBLIC,5,鸭肝,（空）,—,鸭肝（生）,生,可按设计意图修复,59b1e976-378a-4f13-8ac3-3a2278a75218
小米鳕鱼鸡胸,PUBLIC,5,小米,（空）,—,小米粥/熟小米,熟,可按设计意图修复,59b1e976-378a-4f13-8ac3-3a2278a75218
小米鳕鱼鸡胸,PUBLIC,5,红薯,（空）,—,红薯/甘薯（水煮，去皮）,熟,可按设计意图修复,59b1e976-378a-4f13-8ac3-3a2278a75218
小米鳕鱼鸡胸,PUBLIC,5,秋葵,（空）,—,秋葵（生）,生,可按设计意图修复,59b1e976-378a-4f13-8ac3-3a2278a75218
小米鳕鱼鸡胸,PUBLIC,5,苹果,（空）,—,苹果（带皮，生）,生,可按设计意图修复,59b1e976-378a-4f13-8ac3-3a2278a75218
小米鳕鱼鸡胸,PUBLIC,5,生葵花籽仁,（空）,—,葵花籽仁（干）,干,可按设计意图修复,59b1e976-378a-4f13-8ac3-3a2278a75218
小米鳕鱼鸡胸,PUBLIC,5,奇亚籽,（空）,—,奇亚籽（干）,干,可按设计意图修复,59b1e976-378a-4f13-8ac3-3a2278a75218
小米鳕鱼鸡胸,PUBLIC,5,食用盐,（空）,—,食盐（精制食盐）,干,可按设计意图修复,59b1e976-378a-4f13-8ac3-3a2278a75218
小米鳕鱼鸡胸,PUBLIC,5,丁香粉,（空）,—,丁香粉,粉,可按设计意图修复,59b1e976-378a-4f13-8ac3-3a2278a75218
小米鳕鱼鸡胸,PUBLIC,5,营养酵母粉,（空）,—,营养酵母粉 · NOW FOODS · 284克/罐,浓缩补剂,可按设计意图修复,59b1e976-378a-4f13-8ac3-3a2278a75218
小米鳕鱼鸡胸,PUBLIC,5,鸡蛋壳粉,（空）,—,鸡蛋壳粉 · 西知堂 · 500g/罐,浓缩补剂,可按设计意图修复,59b1e976-378a-4f13-8ac3-3a2278a75218
小米鳕鱼鸡胸,PUBLIC,5,葡萄糖酸锌片,（空）,—,葡萄糖酸锌片 · NOW FOODS · 50mg锌/片 100片/瓶,浓缩补剂,可按设计意图修复,59b1e976-378a-4f13-8ac3-3a2278a75218
小米鳕鱼鸡胸,PUBLIC,5,海藻粉,（空）,—,海藻粉 · NOW FOODS · 227g/瓶，450mcg碘/平勺，2522平勺/瓶,浓缩补剂,可按设计意图修复,59b1e976-378a-4f13-8ac3-3a2278a75218
小米鳕鱼鸡胸,PUBLIC,5,鱼肝油,（空）,—,鱼肝油 · NOW FOODS · 250粒/瓶,浓缩补剂,可按设计意图修复,59b1e976-378a-4f13-8ac3-3a2278a75218
十字花科全谷物三文鱼鸡肉,PUBLIC,2,鸡胸,（空）,—,鸡胸肉（去皮去骨，仅肉，生）,生,可按设计意图修复,e5ce3333-d9af-409c-b023-b3ac45ddcf0c
十字花科全谷物三文鱼鸡肉,PUBLIC,2,鸡心,（空）,—,鸡心（慢炖熟制）,熟,可按设计意图修复,e5ce3333-d9af-409c-b023-b3ac45ddcf0c
十字花科全谷物三文鱼鸡肉,PUBLIC,2,鸡肝,（空）,—,鸡肝（生）,生,可按设计意图修复,e5ce3333-d9af-409c-b023-b3ac45ddcf0c
十字花科全谷物三文鱼鸡肉,PUBLIC,2,三文鱼,（空）,—,三文鱼（大西洋鲑，养殖，生）,生,可按设计意图修复,e5ce3333-d9af-409c-b023-b3ac45ddcf0c
十字花科全谷物三文鱼鸡肉,PUBLIC,2,生蚝,（空）,—,生蚝（太平洋养殖，生）,生,可按设计意图修复,e5ce3333-d9af-409c-b023-b3ac45ddcf0c
十字花科全谷物三文鱼鸡肉,PUBLIC,2,糙米,（空）,—,糙米饭（长粒，熟）,熟,可按设计意图修复,e5ce3333-d9af-409c-b023-b3ac45ddcf0c
十字花科全谷物三文鱼鸡肉,PUBLIC,2,红薯,（空）,—,红薯/甘薯（水煮，去皮）,熟,可按设计意图修复,e5ce3333-d9af-409c-b023-b3ac45ddcf0c
十字花科全谷物三文鱼鸡肉,PUBLIC,2,西兰花,（空）,—,西兰花（水煮沥干，不加盐）,熟,可按设计意图修复,e5ce3333-d9af-409c-b023-b3ac45ddcf0c
十字花科全谷物三文鱼鸡肉,PUBLIC,2,卷心菜,（空）,—,普通卷心菜（水煮沥干，不加盐）,熟,可按设计意图修复,e5ce3333-d9af-409c-b023-b3ac45ddcf0c
十字花科全谷物三文鱼鸡肉,PUBLIC,2,白萝卜,（空）,—,白萝卜（水煮沥干，不加盐）,熟,可按设计意图修复,e5ce3333-d9af-409c-b023-b3ac45ddcf0c
十字花科全谷物三文鱼鸡肉,PUBLIC,2,鲜香菇,（空）,—,鲜香菇（生）,生,可按设计意图修复,e5ce3333-d9af-409c-b023-b3ac45ddcf0c
十字花科全谷物三文鱼鸡肉,PUBLIC,2,火麻籽,（空）,—,火麻仁（去壳）,干,可按设计意图修复,e5ce3333-d9af-409c-b023-b3ac45ddcf0c
十字花科全谷物三文鱼鸡肉,PUBLIC,2,小麦胚芽油,（空）,—,小麦胚芽油,油脂,可按设计意图修复,e5ce3333-d9af-409c-b023-b3ac45ddcf0c
十字花科全谷物三文鱼鸡肉,PUBLIC,2,食用盐,（空）,—,食盐（精制食盐）,干,可按设计意图修复,e5ce3333-d9af-409c-b023-b3ac45ddcf0c
十字花科全谷物三文鱼鸡肉,PUBLIC,2,海藻粉,（空）,—,海藻粉 · NOW FOODS · 227g/瓶，450mcg碘/平勺，2522平勺/瓶,浓缩补剂,可按设计意图修复,e5ce3333-d9af-409c-b023-b3ac45ddcf0c
十字花科全谷物三文鱼鸡肉,PUBLIC,2,葡萄糖酸锌片,（空）,—,葡萄糖酸锌片 · NOW FOODS · 50mg锌/片 100片/瓶,浓缩补剂,可按设计意图修复,e5ce3333-d9af-409c-b023-b3ac45ddcf0c
十字花科全谷物三文鱼鸡肉,PUBLIC,2,骨粉,（空）,—,骨粉 · KAL · 450g/罐,浓缩补剂,可按设计意图修复,e5ce3333-d9af-409c-b023-b3ac45ddcf0c
十字花科全谷物三文鱼鸡肉,PUBLIC,2,胆碱片,（空）,—,胆碱片 · NATURE'S WAY · 500mg胆碱/片 100 片/瓶,浓缩补剂,可按设计意图修复,e5ce3333-d9af-409c-b023-b3ac45ddcf0c
十字花科全谷物三文鱼鸡肉,PUBLIC,2,双甘氨酸亚铁胶囊,（空）,—,双甘氨酸亚铁胶囊 · NOW FOODS · 18mg铁/粒，120粒/瓶,浓缩补剂,可按设计意图修复,e5ce3333-d9af-409c-b023-b3ac45ddcf0c
燕麦鳕鱼猪肉,PUBLIC,8,猪里脊,（空）,—,鲜猪里脊（纯瘦，生）,生,可按设计意图修复,4f8aa974-78d6-4f90-9d89-ce5792be73b3
燕麦鳕鱼猪肉,PUBLIC,8,猪肝,（空）,—,鲜猪肝（生）,生,可按设计意图修复,4f8aa974-78d6-4f90-9d89-ce5792be73b3
燕麦鳕鱼猪肉,PUBLIC,8,狭鳕鱼柳,（空）,—,狭鳕鱼（生）,生,可按设计意图修复,4f8aa974-78d6-4f90-9d89-ce5792be73b3
燕麦鳕鱼猪肉,PUBLIC,8,生蚝,（空）,—,生蚝（太平洋养殖，生）,生,可按设计意图修复,4f8aa974-78d6-4f90-9d89-ce5792be73b3
燕麦鳕鱼猪肉,PUBLIC,8,红薯,（空）,—,红薯/甘薯（水煮，去皮）,熟,可按设计意图修复,4f8aa974-78d6-4f90-9d89-ce5792be73b3
燕麦鳕鱼猪肉,PUBLIC,8,燕麦,（空）,—,燕麦片（常规/快熟，干，未强化）,干,可按设计意图修复,4f8aa974-78d6-4f90-9d89-ce5792be73b3
燕麦鳕鱼猪肉,PUBLIC,8,西兰花,（空）,—,西兰花（水煮沥干，不加盐）,熟,可按设计意图修复,4f8aa974-78d6-4f90-9d89-ce5792be73b3
燕麦鳕鱼猪肉,PUBLIC,8,红甜椒,（空）,—,红甜椒（生）,生,可按设计意图修复,4f8aa974-78d6-4f90-9d89-ce5792be73b3
燕麦鳕鱼猪肉,PUBLIC,8,生葵花籽仁,（空）,—,葵花籽仁（干）,干,可按设计意图修复,4f8aa974-78d6-4f90-9d89-ce5792be73b3
燕麦鳕鱼猪肉,PUBLIC,8,小麦胚芽油,（空）,—,小麦胚芽油,油脂,可按设计意图修复,4f8aa974-78d6-4f90-9d89-ce5792be73b3
燕麦鳕鱼猪肉,PUBLIC,8,食用盐,（空）,—,食盐（精制食盐）,干,可按设计意图修复,4f8aa974-78d6-4f90-9d89-ce5792be73b3
燕麦鳕鱼猪肉,PUBLIC,8,碳酸钙粉,（空）,—,碳酸钙粉 · NOW FOODS · 600mg钙/1.7克，340g/罐,浓缩补剂,可按设计意图修复,4f8aa974-78d6-4f90-9d89-ce5792be73b3
燕麦鳕鱼猪肉,PUBLIC,8,维生素D3胶囊,（空）,—,维生素D3胶囊 · NOW FOODS · 1000IU维D3/粒，180粒/瓶,浓缩补剂,可按设计意图修复,4f8aa974-78d6-4f90-9d89-ce5792be73b3
燕麦鳕鱼猪肉,PUBLIC,8,海藻粉,（空）,—,海藻粉 · NOW FOODS · 227g/瓶，450mcg碘/平勺，2522平勺/瓶,浓缩补剂,可按设计意图修复,4f8aa974-78d6-4f90-9d89-ce5792be73b3
燕麦鳕鱼猪肉,PUBLIC,8,胆碱片,（空）,—,胆碱片 · NATURE'S WAY · 500mg胆碱/片 100 片/瓶,浓缩补剂,可按设计意图修复,4f8aa974-78d6-4f90-9d89-ce5792be73b3
燕麦鳕鱼猪肉,PUBLIC,8,葡萄糖酸锌片,（空）,—,葡萄糖酸锌片 · NOW FOODS · 50mg锌/片 100片/瓶,浓缩补剂,可按设计意图修复,4f8aa974-78d6-4f90-9d89-ce5792be73b3