表,食谱,状态,原料,营养档案,改前,改后
正式食谱,创伤恢复+红胡子(牛肉版),DRAFT,燕麦,干,生重、打粉、充分搅拌,干重、打粉、充分搅拌
正式食谱,燕麦米青花鱼鸭肉,DRAFT,生葵花籽仁,干,生重、打碎、充分搅拌,干重、打碎、充分搅拌
正式食谱,（咖喱定制）创伤恢复+红胡子 (新版本),PRIVATE_CUSTOM,食用盐,干,生重、充分搅拌,干重、充分搅拌
正式食谱,糙米三文鱼猪里脊(烟花),PRIVATE_CUSTOM,火麻籽,干,生重、打碎、充分搅拌,干重、打碎、充分搅拌
正式食谱,糙米三文鱼猪里脊(烟花),PRIVATE_CUSTOM,食用盐,干,生重、充分搅拌,干重、充分搅拌
正式食谱,秋菊 的鲜食食谱 06/28,PRIVATE_CUSTOM,燕麦,干,生重、打碎、充分搅拌,干重、打碎、充分搅拌
正式食谱,秋菊 的鲜食食谱 06/28,PRIVATE_CUSTOM,生葵花籽仁,干,生重、打碎、充分搅拌,干重、打碎、充分搅拌
正式食谱,秋菊 的鲜食食谱 06/28,PRIVATE_CUSTOM,火麻籽,干,生重、打碎、充分搅拌,干重、打碎、充分搅拌
正式食谱,当前名称：排敏：鸡肉7.2-7.6,PRIVATE_CUSTOM,燕麦,干,生重、打粉、充分搅拌,干重、打粉、充分搅拌
正式食谱,当前名称：排敏：鸡肉7.2-7.6,PRIVATE_CUSTOM,生葵花籽仁,干,生重、打碎、充分搅拌,干重、打碎、充分搅拌
正式食谱,当前名称：排敏：鸡肉7.2-7.6,PRIVATE_CUSTOM,火麻籽,干,生重、打碎、充分搅拌,干重、打碎、充分搅拌
正式食谱,当前名称：排敏：鸡肉7.2-7.6,PRIVATE_CUSTOM,生南瓜籽仁,干,生重、打碎、充分搅拌,干重、打碎、充分搅拌
正式食谱,十字花科全谷物三文鱼鸡肉,PUBLIC,火麻籽,干,生重、打碎、充分搅拌,干重、打碎、充分搅拌
正式食谱,小瓜 的鲜食食谱 07/02,PRIVATE_CUSTOM,生葵花籽仁,干,生重、打碎、充分搅拌,干重、打碎、充分搅拌
正式食谱,小瓜 的鲜食食谱 07/02,PRIVATE_CUSTOM,生南瓜籽仁,干,生重、打碎、充分搅拌,干重、打碎、充分搅拌
正式食谱,好久 的鲜食食谱 09/06,PRIVATE_CUSTOM,燕麦,干,生重、打碎、充分搅拌,干重、打碎、充分搅拌
正式食谱,紫薯黑米猪里脊,DRAFT,生葵花籽仁,干,生重、打碎、充分搅拌,干重、打碎、充分搅拌
正式食谱,柠檬茶 的鲜食食谱 09/06,PRIVATE_CUSTOM,生葵花籽仁,干,生重、打碎、充分搅拌,干重、打碎、充分搅拌
正式食谱,排敏：猪肉7.7-12,PRIVATE_CUSTOM,燕麦,干,生重、打粉、充分搅拌,干重、打粉、充分搅拌
正式食谱,排敏：猪肉7.7-12,PRIVATE_CUSTOM,食用盐,干,生重、充分搅拌,干重、充分搅拌
正式食谱,TT 的鲜食食谱 07/05,PRIVATE_CUSTOM,红小豆,干,生重、打碎、充分搅拌,干重、打碎、充分搅拌
正式食谱,TT 的鲜食食谱 07/05,PRIVATE_CUSTOM,火麻籽,干,生重、打碎、充分搅拌,干重、打碎、充分搅拌
正式食谱,土豆大米鳕鱼火鸡胸,PRIVATE_CUSTOM,生南瓜籽仁,干,生重、打碎、充分搅拌,干重、打碎、充分搅拌
正式食谱,Dobby 的鲜食食谱 06/15,PRIVATE_CUSTOM,生葵花籽仁,干,生重、打碎、充分搅拌,干重、打碎、充分搅拌
正式食谱,Dobby 的鲜食食谱 06/15,PRIVATE_CUSTOM,奇亚籽,干,生重、打碎、充分搅拌,干重、打碎、充分搅拌
正式食谱,嗨皮 的鲜食食谱 08/01,PRIVATE_CUSTOM,奇亚籽,干,生重、打碎、充分搅拌,干重、打碎、充分搅拌
正式食谱,十字花科全谷物三文鱼鸡肉,PUBLIC,火麻籽,干,生重、打碎、充分搅拌,干重、打碎、充分搅拌
正式食谱,马肉兔肉白米土豆,PRIVATE_CUSTOM,巴西坚果,干,生重、打碎、充分搅拌,干重、打碎、充分搅拌
正式食谱,鸡胸牛里脊三文鱼,PRIVATE_CUSTOM,亚麻籽,干,生重、打粉、充分搅拌,干重、打粉、充分搅拌
正式食谱,犇犇 的鲜食食谱 08/03,PRIVATE_CUSTOM,燕麦,干,生重、打碎、充分搅拌,干重、打碎、充分搅拌
正式食谱,糙米三文鱼牛肉（敢敢）,PUBLIC,火麻籽,干,生重、打碎、充分搅拌,干重、打碎、充分搅拌
正式食谱,牛牛定制食谱,DRAFT,燕麦,干,生重、打粉、充分搅拌,干重、打粉、充分搅拌
正式食谱,（咖喱定制）创伤恢复+红胡子 (新版本),PRIVATE_CUSTOM,食用盐,干,生重、充分搅拌,干重、充分搅拌
正式食谱,十字花科全谷物三文鱼鸡肉,PUBLIC,火麻籽,干,生重、打碎、充分搅拌,干重、打碎、充分搅拌
正式食谱,创伤恢复+红胡子(牛肉版),DRAFT,食用盐,干,生重、充分搅拌,干重、充分搅拌
正式食谱,马肉兔肉白米土豆,PRIVATE_CUSTOM,巴西坚果,干,生重、打碎、充分搅拌,干重、打碎、充分搅拌
正式食谱,红薯鳕鱼鸭胸,DRAFT,火麻籽,干,生重、打碎、充分搅拌,干重、打碎、充分搅拌
正式食谱,好久 的鲜食食谱 09/06,PRIVATE_CUSTOM,燕麦,干,生重、打碎、充分搅拌,干重、打碎、充分搅拌
正式食谱,小米鳕鱼鸡胸,PUBLIC,生葵花籽仁,干,生重、打碎、充分搅拌,干重、打碎、充分搅拌
正式食谱,小米鳕鱼鸡胸,PUBLIC,生葵花籽仁,干,生重、打碎、充分搅拌,干重、打碎、充分搅拌
正式食谱,小米鳕鱼鸡胸,PUBLIC,奇亚籽,干,生重、打碎、充分搅拌,干重、打碎、充分搅拌
正式食谱,大米燕麦三文鱼兔里脊,PUBLIC,火麻籽,干,生重、打碎、充分搅拌,干重、打碎、充分搅拌
正式食谱,小米鳕鱼鸡胸,PUBLIC,生葵花籽仁,干,生重、打碎、充分搅拌,干重、打碎、充分搅拌
正式食谱,小米鳕鱼鸡胸,PUBLIC,奇亚籽,干,生重、打碎、充分搅拌,干重、打碎、充分搅拌
正式食谱,小米鳕鱼鸡胸,PUBLIC,生葵花籽仁,干,生重、打碎、充分搅拌,干重、打碎、充分搅拌
正式食谱,小米鳕鱼鸡胸,PUBLIC,奇亚籽,干,生重、打碎、充分搅拌,干重、打碎、充分搅拌
正式食谱,小米鳕鱼鸡胸,PUBLIC,生葵花籽仁,干,生重、打碎、充分搅拌,干重、打碎、充分搅拌
正式食谱,小米鳕鱼鸡胸,PUBLIC,奇亚籽,干,生重、打碎、充分搅拌,干重、打碎、充分搅拌
正式食谱,大米红薯兔里脊,PRIVATE_CUSTOM,生南瓜籽仁,干,生重、打碎、充分搅拌,干重、打碎、充分搅拌
正式食谱,525 的鲜食食谱 06/16,PRIVATE_CUSTOM,火麻籽,干,生重、打碎、充分搅拌,干重、打碎、充分搅拌
正式食谱,xz 的鲜食食谱 07/08 副本,PRIVATE_CUSTOM,白芝麻,干,生重、充分搅拌,干重、充分搅拌
正式食谱,牛牛定制食谱,DRAFT,食用盐,干,生重、充分搅拌,干重、充分搅拌
正式食谱,财宝的定制20260911,PRIVATE_CUSTOM,生葵花籽仁,干,生重、打碎、充分搅拌,干重、打碎、充分搅拌
正式食谱,萝卜绿豆鸭胸猪里脊,PUBLIC,巴旦木,干,生重、打碎、充分搅拌,干重、打碎、充分搅拌
正式食谱,萝卜绿豆鸭胸猪里脊,PUBLIC,白芝麻,干,生重、充分搅拌,干重、充分搅拌
正式食谱,derder 的鲜食食谱 07/21,PRIVATE_CUSTOM,生葵花籽仁,干,生重、打碎、充分搅拌,干重、打碎、充分搅拌
正式食谱,小米三文鱼猪里脊(幺鸡),PRIVATE_CUSTOM,火麻籽,干,生重、打碎、充分搅拌,干重、打碎、充分搅拌
正式食谱,小米三文鱼猪里脊(幺鸡),PRIVATE_CUSTOM,食用盐,干,生重、充分搅拌,干重、充分搅拌
正式食谱,xz 的鲜食食谱 07/15,PRIVATE_CUSTOM,白芝麻,干,生重、充分搅拌,干重、充分搅拌
正式食谱,牛牛的定制食谱（牛）20260914,PRIVATE_CUSTOM,燕麦,干,生重、打粉、充分搅拌,干重、打粉、充分搅拌
正式食谱,黑米鳕鱼鸡胸,DRAFT,生葵花籽仁,干,生重、打碎、充分搅拌,干重、打碎、充分搅拌
正式食谱,黑米鳕鱼鸡胸,DRAFT,奇亚籽,干,生重、打碎、充分搅拌,干重、打碎、充分搅拌
正式食谱,Foxy的鸭胸食谱,DRAFT,燕麦,干,生重、打碎、充分搅拌,干重、打碎、充分搅拌
正式食谱,Foxy的鸭胸食谱,DRAFT,生葵花籽仁,干,生重、打碎、充分搅拌,干重、打碎、充分搅拌
正式食谱,小瓜 的鲜食食谱 07/15,PRIVATE_CUSTOM,食用盐,干,生重、充分搅拌,干重、充分搅拌
正式食谱,大米红薯兔里脊,PRIVATE_CUSTOM,生南瓜籽仁,干,生重、打碎、充分搅拌,干重、打碎、充分搅拌
正式食谱,花椰菜糙米鸭肉,PRIVATE_CUSTOM,火麻籽,干,生重、打碎、充分搅拌,干重、打碎、充分搅拌
正式食谱,鸡蛋鱼虾鸭胸(路宝),DRAFT,火麻籽,干,生重、打碎、充分搅拌,干重、打碎、充分搅拌
正式食谱,燕麦米比目鱼鸭肉,PRIVATE_CUSTOM,生葵花籽仁,干,生重、打碎、充分搅拌,干重、打碎、充分搅拌
正式食谱,6.75天/27份✅鸡猪,PRIVATE_CUSTOM,白芝麻,干,生重、充分搅拌,干重、充分搅拌
正式食谱,6.75天/27份 猪里脊420,PRIVATE_CUSTOM,白芝麻,干,生重、充分搅拌,干重、充分搅拌
正式食谱,杠铃 的鲜食食谱 07/25,PRIVATE_CUSTOM,燕麦,干,生重、打碎、充分搅拌,干重、打碎、充分搅拌
正式食谱,桑迪 的鲜食食谱 07/25,PRIVATE_CUSTOM,燕麦,干,生重、打碎、充分搅拌,干重、打碎、充分搅拌
正式食谱,秋菊 的鲜食食谱 08/02,PRIVATE_CUSTOM,燕麦,干,生重、打碎、充分搅拌,干重、打碎、充分搅拌
正式食谱,秋菊 的鲜食食谱 08/02,PRIVATE_CUSTOM,火麻籽,干,生重、打碎、充分搅拌,干重、打碎、充分搅拌
正式食谱,秋菊 的鲜食食谱 08/02,PRIVATE_CUSTOM,白芝麻,干,生重、充分搅拌,干重、充分搅拌
正式食谱,秋菊 的鲜食食谱 07/26,PRIVATE_CUSTOM,燕麦,干,生重、打碎、充分搅拌,干重、打碎、充分搅拌
正式食谱,秋菊 的鲜食食谱 07/26,PRIVATE_CUSTOM,生葵花籽仁,干,生重、打碎、充分搅拌,干重、打碎、充分搅拌
正式食谱,兔里脊大米土豆(小满),PRIVATE_CUSTOM,食用盐,干,生重、充分搅拌,干重、充分搅拌
正式食谱,秋菊 的鲜食食谱 07/26,PRIVATE_CUSTOM,火麻籽,干,生重、打碎、充分搅拌,干重、打碎、充分搅拌
正式食谱,harley 的鲜食食谱 08/09,PRIVATE_CUSTOM,生南瓜籽仁,干,生重、打碎、充分搅拌,干重、打碎、充分搅拌
正式食谱,harley 的鲜食食谱 08/09,PRIVATE_CUSTOM,白芝麻,干,生重、充分搅拌,干重、充分搅拌
正式食谱,青花鱼对虾牛肉(财宝),PRIVATE_CUSTOM,食用盐,干,生重、充分搅拌,干重、充分搅拌
正式食谱,来福 的鲜食食谱 08/06,PRIVATE_CUSTOM,羊肚菌（鲜）,干,生重、打碎、充分搅拌,干重、打碎、充分搅拌
正式食谱,燕麦鳕鱼猪肉,PUBLIC,生葵花籽仁,干,生重、打碎、充分搅拌,干重、打碎、充分搅拌
正式食谱,百万 的鲜食食谱 07/28,PRIVATE_CUSTOM,羊肚菌（鲜）,干,生重、打碎、充分搅拌,干重、打碎、充分搅拌
正式食谱,百万 的鲜食食谱 07/28,PRIVATE_CUSTOM,生南瓜籽仁,干,生重、打碎、充分搅拌,干重、打碎、充分搅拌
正式食谱,百万 的鲜食食谱 07/28,PRIVATE_CUSTOM,白芝麻,干,生重、充分搅拌,干重、充分搅拌
正式食谱,青口贝虾仁鸡胸（幺鸡）,PRIVATE_CUSTOM,生葵花籽仁,干,生重、打碎、充分搅拌,干重、打碎、充分搅拌
正式食谱,青口贝虾仁鸡胸（幺鸡）,PRIVATE_CUSTOM,食用盐,干,生重、充分搅拌,干重、充分搅拌
正式食谱,鸭肉食谱,PRIVATE_CUSTOM,火麻籽,干,生重、打碎、充分搅拌,干重、打碎、充分搅拌
正式食谱,5.75天/23份 猪里脊400,PRIVATE_CUSTOM,白芝麻,干,生重、充分搅拌,干重、充分搅拌
正式食谱,燕麦鳕鱼猪肉,PUBLIC,生葵花籽仁,干,生重、打碎、充分搅拌,干重、打碎、充分搅拌
正式食谱,乖乖 的鲜食食谱 08/25,PRIVATE_CUSTOM,食用盐,干,生重、充分搅拌,干重、充分搅拌
正式食谱,土豆大米兔,PRIVATE_CUSTOM,生南瓜籽仁,干,生重、打碎、充分搅拌,干重、打碎、充分搅拌
正式食谱,鸭肉梨,PRIVATE_CUSTOM,生葵花籽仁,干,生重、打碎、充分搅拌,干重、打碎、充分搅拌
正式食谱,牛肉食谱,PRIVATE_CUSTOM,火麻籽,干,生重、打碎、充分搅拌,干重、打碎、充分搅拌
正式食谱,鸡肉食谱,PRIVATE_CUSTOM,生南瓜籽仁,干,生重、打碎、充分搅拌,干重、打碎、充分搅拌
正式食谱,鸡肉食谱,PRIVATE_CUSTOM,火麻籽,干,生重、打碎、充分搅拌,干重、打碎、充分搅拌
正式食谱,燕麦鳕鱼猪肉,PUBLIC,生葵花籽仁,干,生重、打碎、充分搅拌,干重、打碎、充分搅拌
正式食谱,十字花科全谷物三文鱼鸡肉,PUBLIC,火麻籽,干,生重、打碎、充分搅拌,干重、打碎、充分搅拌
正式食谱,十字花科全谷物三文鱼鸡肉,PUBLIC,火麻籽,干,生重、打碎、充分搅拌,干重、打碎、充分搅拌
正式食谱,兔肉食谱,PRIVATE_CUSTOM,生葵花籽仁,干,生重、打碎、充分搅拌,干重、打碎、充分搅拌
正式食谱,兔肉食谱,PRIVATE_CUSTOM,火麻籽,干,生重、打碎、充分搅拌,干重、打碎、充分搅拌
正式食谱,鸡胸牛肉饭(幺鸡),DRAFT,火麻籽,干,生重、打碎、充分搅拌,干重、打碎、充分搅拌
正式食谱,燕麦鳕鱼猪肉,PUBLIC,生葵花籽仁,干,生重、打碎、充分搅拌,干重、打碎、充分搅拌
正式食谱,秋葵藜麦米牛肉鸡胸,PRIVATE_CUSTOM,生葵花籽仁,干,生重、打碎、充分搅拌,干重、打碎、充分搅拌
正式食谱,秋葵藜麦米牛肉鸡胸,PRIVATE_CUSTOM,食用盐,干,生重、充分搅拌,干重、充分搅拌
正式食谱,燕麦鳕鱼猪肉,PUBLIC,生葵花籽仁,干,生重、打碎、充分搅拌,干重、打碎、充分搅拌
正式食谱,小豆 的鲜食食谱 08/27,PRIVATE_CUSTOM,火麻籽,干,生重、打碎、充分搅拌,干重、打碎、充分搅拌
正式食谱,小豆 的鲜食食谱 08/29,PRIVATE_CUSTOM,食用盐,干,生重、充分搅拌,干重、充分搅拌
正式食谱,秋菊 的鲜食食谱 09/06,PRIVATE_CUSTOM,生南瓜籽仁,干,生重、打碎、充分搅拌,干重、打碎、充分搅拌
正式食谱,秋菊 的鲜食食谱 09/06,PRIVATE_CUSTOM,火麻籽,干,生重、充分搅拌,干重、充分搅拌
正式食谱,秋菊 的鲜食食谱 09/06,PRIVATE_CUSTOM,燕麦,干,生重、打碎、充分搅拌,干重、打碎、充分搅拌
正式食谱,柠檬茶 的鲜食食谱 08/05,PRIVATE_CUSTOM,生南瓜籽仁,干,生重、打碎、充分搅拌,干重、打碎、充分搅拌
正式食谱,柠檬茶 的鲜食食谱 08/05,PRIVATE_CUSTOM,奇亚籽,干,生重、打碎、充分搅拌,干重、打碎、充分搅拌
正式食谱,糙米南瓜鸡胸肉【有机】,PRIVATE_CUSTOM,生南瓜籽仁,干,生重、打碎、充分搅拌,干重、打碎、充分搅拌
正式食谱,Lucky的最新兔肉食谱,DRAFT,食用盐,干,生重、充分搅拌,干重、充分搅拌
正式食谱,西葫芦大米比目鱼鸡肉,DRAFT,燕麦,干,生重、打碎、充分搅拌,干重、打碎、充分搅拌
正式食谱,鸡胸鳕鱼,PRIVATE_CUSTOM,白芝麻,干,生重、充分搅拌,干重、充分搅拌
正式食谱,十字花科全谷物三文鱼鸡肉,PUBLIC,火麻籽,干,生重、打碎、充分搅拌,干重、打碎、充分搅拌
正式食谱,十字花科全谷物三文鱼鸡肉,PUBLIC,火麻籽,干,生重、打碎、充分搅拌,干重、打碎、充分搅拌
正式食谱,小米鳕鱼鸡胸,PUBLIC,奇亚籽,干,生重、打碎、充分搅拌,干重、打碎、充分搅拌
设计器草稿,十字花科全谷物三文鱼鸡肉,PUBLISHED,火麻籽,干,生重、打碎、充分搅拌,干重、打碎、充分搅拌
设计器草稿,红薯三文鱼鸡胸,PUBLISHED,燕麦,干,生重、打碎、充分搅拌,干重、打碎、充分搅拌
设计器草稿,燕麦三文鱼猪肉,PUBLISHED,生葵花籽仁,干,生重、打碎、充分搅拌,干重、打碎、充分搅拌
设计器草稿,燕麦三文鱼猪肉,PUBLISHED,白芝麻,干,生重、充分搅拌,干重、充分搅拌
设计器草稿,兔里脊大米土豆,PUBLISHED,食用盐,干,生重、充分搅拌,干重、充分搅拌
设计器草稿,藜麦南瓜生蚝鸡腿牛肉,PUBLISHED,生葵花籽仁,干,生重、打碎、充分搅拌,干重、打碎、充分搅拌
设计器草稿,燕麦三文鱼猪肉,PUBLISHED,生葵花籽仁,干,生重、打碎、充分搅拌,干重、打碎、充分搅拌
设计器草稿,羊肚菌芦笋糙米牛肉,PUBLISHED,生葵花籽仁,干,生重、打碎、充分搅拌,干重、打碎、充分搅拌
设计器草稿,羊肚菌芦笋糙米牛肉,PUBLISHED,巴西坚果,干,生重、打碎、充分搅拌,干重、打碎、充分搅拌
设计器草稿,大米南瓜鸡胸兔里脊,PUBLISHED,生葵花籽仁,干,生重、打碎、充分搅拌,干重、打碎、充分搅拌
设计器草稿,芋头燕麦火鸡胸,PUBLISHED,燕麦,干,生重、打碎、充分搅拌,干重、打碎、充分搅拌
设计器草稿,燕麦山药牛肉饭,PUBLISHED,燕麦,干,生重、打碎、充分搅拌,干重、打碎、充分搅拌
设计器草稿,燕麦山药牛肉饭,PUBLISHED,生葵花籽仁,干,生重、打碎、充分搅拌,干重、打碎、充分搅拌
设计器草稿,糙米西葫芦牛肉,PUBLISHED,燕麦,干,生重、打粉、充分搅拌,干重、打粉、充分搅拌
设计器草稿,糙米西葫芦牛肉,PUBLISHED,巴西坚果,干,生重、打碎、充分搅拌,干重、打碎、充分搅拌
设计器草稿,糙米西葫芦牛肉,PUBLISHED,食用盐,干,生重、充分搅拌,干重、充分搅拌
设计器草稿,糙米红薯青花鱼牛肉,PUBLISHED,生南瓜籽仁,干,生重、打碎、充分搅拌,干重、打碎、充分搅拌
设计器草稿,杂粮三文鱼猪肉,PUBLISHED,生葵花籽仁,干,生重、打碎、充分搅拌,干重、打碎、充分搅拌
设计器草稿,糙米南瓜牛肉,PUBLISHED,生葵花籽仁,干,生重、打碎、充分搅拌,干重、打碎、充分搅拌
设计器草稿,糙米青口贝青花鱼牛肉,PUBLISHED,生南瓜籽仁,干,生重、打碎、充分搅拌,干重、打碎、充分搅拌
设计器草稿,糙米红薯青花鱼牛肉,PUBLISHED,生南瓜籽仁,干,生重、打碎、充分搅拌,干重、打碎、充分搅拌
设计器草稿,小米红豆兔里脊火鸡胸,PUBLISHED,红小豆,干,生重、打碎、充分搅拌,干重、打碎、充分搅拌
设计器草稿,小米红豆兔里脊火鸡胸,PUBLISHED,生南瓜籽仁,干,生重、打碎、充分搅拌,干重、打碎、充分搅拌
设计器草稿,糙米鸡蛋牛肉,PUBLISHED,生南瓜籽仁,干,生重、打碎、充分搅拌,干重、打碎、充分搅拌
设计器草稿,小米鳕鱼鸡胸,PUBLISHED,生葵花籽仁,干,生重、打碎、充分搅拌,干重、打碎、充分搅拌
设计器草稿,小米鳕鱼鸡胸,PUBLISHED,奇亚籽,干,生重、打碎、充分搅拌,干重、打碎、充分搅拌
设计器草稿,燕麦鳕鱼猪肉,PUBLISHED,生葵花籽仁,干,生重、打碎、充分搅拌,干重、打碎、充分搅拌
设计器草稿,十字花科全谷物三文鱼鸡肉 修订,NEEDS_REVIEW,火麻籽,干,生重、打碎、充分搅拌,干重、打碎、充分搅拌
设计器草稿,红薯三文鱼鸡胸 修订,NEEDS_REVIEW,燕麦,干,生重、打碎、充分搅拌,干重、打碎、充分搅拌
设计器草稿,糙米西葫芦牛肉,DRAFT,巴西坚果,干,生重、打碎、充分搅拌,干重、打碎、充分搅拌
设计器草稿,糙米西葫芦牛肉,DRAFT,食用盐,干,生重、充分搅拌,干重、充分搅拌
设计器草稿,十字花科全谷物三文鱼鸡肉,PUBLISHED,火麻籽,干,生重、打碎、充分搅拌,干重、打碎、充分搅拌
设计器草稿,燕麦鳕鱼猪肉,PUBLISHED,生葵花籽仁,干,生重、打碎、充分搅拌,干重、打碎、充分搅拌
设计器草稿,燕麦鳕鱼猪肉,COMPLIANT,生葵花籽仁,干,生重、打碎、充分搅拌,干重、打碎、充分搅拌
设计器草稿,小米鳕鱼鸡胸,PUBLISHED,生葵花籽仁,干,生重、打碎、充分搅拌,干重、打碎、充分搅拌
设计器草稿,小米鳕鱼鸡胸,PUBLISHED,奇亚籽,干,生重、打碎、充分搅拌,干重、打碎、充分搅拌
设计器草稿,燕麦鳕鱼猪肉,PUBLISHED,生葵花籽仁,干,生重、打碎、充分搅拌,干重、打碎、充分搅拌
设计器草稿,牛肉食谱,COMPLIANT,火麻籽,干,生重、打碎、充分搅拌,干重、打碎、充分搅拌
设计器草稿,西葫芦大米比目鱼鸡肉,PUBLISHED,燕麦,干,生重、打碎、充分搅拌,干重、打碎、充分搅拌
设计器草稿,燕麦鳕鱼猪肉,COMPLIANT,生葵花籽仁,干,生重、打碎、充分搅拌,干重、打碎、充分搅拌
设计器草稿,燕麦鳕鱼猪肉,PUBLISHED,生葵花籽仁,干,生重、打碎、充分搅拌,干重、打碎、充分搅拌
设计器草稿,燕麦鳕鱼猪肉,PUBLISHED,生葵花籽仁,干,生重、打碎、充分搅拌,干重、打碎、充分搅拌
设计器草稿,燕麦鳕鱼猪肉,PUBLISHED,生葵花籽仁,干,生重、打碎、充分搅拌,干重、打碎、充分搅拌
设计器草稿,燕麦鳕鱼猪肉,PUBLISHED,生葵花籽仁,干,生重、打碎、充分搅拌,干重、打碎、充分搅拌
设计器草稿,燕麦鳕鱼猪肉,PUBLISHED,生葵花籽仁,干,生重、打碎、充分搅拌,干重、打碎、充分搅拌
设计器草稿,燕麦鳕鱼猪肉,COMPLIANT,生葵花籽仁,干,生重、打碎、充分搅拌,干重、打碎、充分搅拌
设计器草稿,小米鳕鱼鸡胸,PUBLISHED,奇亚籽,干,生重、打碎、充分搅拌,干重、打碎、充分搅拌
设计器草稿,小米鳕鱼鸡胸,PUBLISHED,生葵花籽仁,干,生重、打碎、充分搅拌,干重、打碎、充分搅拌
设计器草稿,小米鳕鱼鸡胸,PUBLISHED,生葵花籽仁,干,生重、打碎、充分搅拌,干重、打碎、充分搅拌
设计器草稿,小米鳕鱼鸡胸,PUBLISHED,奇亚籽,干,生重、打碎、充分搅拌,干重、打碎、充分搅拌
设计器草稿,小米鳕鱼鸡胸,PUBLISHED,生葵花籽仁,干,生重、打碎、充分搅拌,干重、打碎、充分搅拌
设计器草稿,小米鳕鱼鸡胸,PUBLISHED,奇亚籽,干,生重、打碎、充分搅拌,干重、打碎、充分搅拌
设计器草稿,十字花科全谷物三文鱼鸡肉,PUBLISHED,火麻籽,干,生重、打碎、充分搅拌,干重、打碎、充分搅拌
设计器草稿,小米鳕鱼鸡胸,PUBLISHED,生葵花籽仁,干,生重、打碎、充分搅拌,干重、打碎、充分搅拌
设计器草稿,小米鳕鱼鸡胸,PUBLISHED,生葵花籽仁,干,生重、打碎、充分搅拌,干重、打碎、充分搅拌
设计器草稿,小米鳕鱼鸡胸,PUBLISHED,奇亚籽,干,生重、打碎、充分搅拌,干重、打碎、充分搅拌
设计器草稿,小米鳕鱼鸡胸,PUBLISHED,奇亚籽,干,生重、打碎、充分搅拌,干重、打碎、充分搅拌
设计器草稿,小米鳕鱼鸡胸,COMPLIANT,生葵花籽仁,干,生重、打碎、充分搅拌,干重、打碎、充分搅拌
设计器草稿,小米鳕鱼鸡胸,COMPLIANT,奇亚籽,干,生重、打碎、充分搅拌,干重、打碎、充分搅拌
设计器草稿,小米鳕鱼鸡胸,PUBLISHED,生葵花籽仁,干,生重、打碎、充分搅拌,干重、打碎、充分搅拌
设计器草稿,小米鳕鱼鸡胸,PUBLISHED,奇亚籽,干,生重、打碎、充分搅拌,干重、打碎、充分搅拌
设计器草稿,大米燕麦三文鱼兔里脊,PUBLISHED,火麻籽,干,生重、打碎、充分搅拌,干重、打碎、充分搅拌
设计器草稿,黑米鳕鱼鸡胸,PUBLISHED,生葵花籽仁,干,生重、打碎、充分搅拌,干重、打碎、充分搅拌
设计器草稿,大米燕麦三文鱼兔里脊,PUBLISHED,火麻籽,干,生重、打碎、充分搅拌,干重、打碎、充分搅拌
设计器草稿,大米燕麦三文鱼兔里脊,PUBLISHED,火麻籽,干,生重、打碎、充分搅拌,干重、打碎、充分搅拌
设计器草稿,黑米鳕鱼鸡胸,PUBLISHED,奇亚籽,干,生重、打碎、充分搅拌,干重、打碎、充分搅拌
设计器草稿,燕麦鳕鱼猪肉,COMPLIANT,生葵花籽仁,干,生重、打碎、充分搅拌,干重、打碎、充分搅拌
设计器草稿,红薯三文鱼鸡胸,PUBLISHED,燕麦,干,生重、打碎、充分搅拌,干重、打碎、充分搅拌
设计器草稿,黑米鳕鱼鸡胸,PUBLISHED,生葵花籽仁,干,生重、打碎、充分搅拌,干重、打碎、充分搅拌
设计器草稿,燕麦三文鱼猪肉,PUBLISHED,生葵花籽仁,干,生重、打碎、充分搅拌,干重、打碎、充分搅拌
设计器草稿,黑米鳕鱼鸡胸,PUBLISHED,奇亚籽,干,生重、打碎、充分搅拌,干重、打碎、充分搅拌
设计器草稿,燕麦三文鱼猪肉,PUBLISHED,生葵花籽仁,干,生重、打碎、充分搅拌,干重、打碎、充分搅拌
设计器草稿,燕麦三文鱼猪肉,PUBLISHED,白芝麻,干,生重、充分搅拌,干重、充分搅拌
设计器草稿,兔里脊大米土豆,PUBLISHED,食用盐,干,生重、充分搅拌,干重、充分搅拌
设计器草稿,藜麦南瓜生蚝鸡腿牛肉,PUBLISHED,生葵花籽仁,干,生重、打碎、充分搅拌,干重、打碎、充分搅拌
设计器草稿,大米南瓜鸡胸兔里脊,PUBLISHED,生葵花籽仁,干,生重、打碎、充分搅拌,干重、打碎、充分搅拌
设计器草稿,芋头燕麦火鸡胸,PUBLISHED,燕麦,干,生重、打碎、充分搅拌,干重、打碎、充分搅拌
设计器草稿,燕麦山药牛肉饭,PUBLISHED,燕麦,干,生重、打碎、充分搅拌,干重、打碎、充分搅拌
设计器草稿,燕麦山药牛肉饭,PUBLISHED,生葵花籽仁,干,生重、打碎、充分搅拌,干重、打碎、充分搅拌
设计器草稿,杂粮三文鱼猪肉,DRAFT,生葵花籽仁,干,生重、打碎、充分搅拌,干重、打碎、充分搅拌
设计器草稿,糙米西葫芦牛肉,PUBLISHED,燕麦,干,生重、打粉、充分搅拌,干重、打粉、充分搅拌
设计器草稿,糙米西葫芦牛肉,PUBLISHED,巴西坚果,干,生重、打碎、充分搅拌,干重、打碎、充分搅拌
设计器草稿,糙米西葫芦牛肉,PUBLISHED,食用盐,干,生重、充分搅拌,干重、充分搅拌
设计器草稿,糙米红薯青花鱼牛肉,PUBLISHED,生南瓜籽仁,干,生重、打碎、充分搅拌,干重、打碎、充分搅拌
设计器草稿,糙米红薯青花鱼牛肉,PUBLISHED,生南瓜籽仁,干,生重、打碎、充分搅拌,干重、打碎、充分搅拌
设计器草稿,杂粮三文鱼猪肉,PUBLISHED,生葵花籽仁,干,生重、打碎、充分搅拌,干重、打碎、充分搅拌
设计器草稿,十字花科全谷物三文鱼鸡肉,COMPLIANT,火麻籽,干,生重、打碎、充分搅拌,干重、打碎、充分搅拌
设计器草稿,糙米南瓜牛肉,PUBLISHED,生葵花籽仁,干,生重、打碎、充分搅拌,干重、打碎、充分搅拌
设计器草稿,糙米青口贝青花鱼牛肉,PUBLISHED,生南瓜籽仁,干,生重、打碎、充分搅拌,干重、打碎、充分搅拌
设计器草稿,小米红豆兔里脊火鸡胸,PUBLISHED,红小豆,干,生重、打碎、充分搅拌,干重、打碎、充分搅拌
设计器草稿,小米红豆兔里脊火鸡胸,PUBLISHED,生南瓜籽仁,干,生重、打碎、充分搅拌,干重、打碎、充分搅拌
设计器草稿,糙米鸡蛋牛肉,PUBLISHED,生南瓜籽仁,干,生重、打碎、充分搅拌,干重、打碎、充分搅拌
设计器草稿,十字花科全谷物三文鱼鸡肉,PUBLISHED,火麻籽,干,生重、打碎、充分搅拌,干重、打碎、充分搅拌
设计器草稿,糙米鸡蛋牛肉,NEEDS_REVIEW,生南瓜籽仁,干,生重、打碎、充分搅拌,干重、打碎、充分搅拌
设计器草稿,十字花科全谷物三文鱼鸡肉,PUBLISHED,火麻籽,干,生重、打碎、充分搅拌,干重、打碎、充分搅拌
设计器草稿,十字花科全谷物三文鱼鸡肉,PUBLISHED,火麻籽,干,生重、打碎、充分搅拌,干重、打碎、充分搅拌
设计器草稿,财宝定制（牛肉）,PUBLISHED,燕麦,干,生重、打碎、充分搅拌,干重、打碎、充分搅拌
设计器草稿,财宝定制（牛肉）,PUBLISHED,生葵花籽仁,干,生重、打碎、充分搅拌,干重、打碎、充分搅拌
设计器草稿,羊肚菌芦笋糙米牛肉,DRAFT,生葵花籽仁,干,生重、打碎、充分搅拌,干重、打碎、充分搅拌
设计器草稿,（咖喱定制）创伤恢复+红胡子 (新版本),PUBLISHED,食用盐,干,生重、充分搅拌,干重、充分搅拌
设计器草稿,大米燕麦三文鱼兔里脊,PUBLISHED,火麻籽,干,生重、打碎、充分搅拌,干重、打碎、充分搅拌
设计器草稿,（咖喱定制）创伤恢复+红胡子 (新版本),PUBLISHED,食用盐,干,生重、充分搅拌,干重、充分搅拌
设计器草稿,财宝定制食谱,PUBLISHED,火麻籽,干,生重、充分搅拌,干重、充分搅拌
设计器草稿,羊肚菌芦笋糙米牛肉,DRAFT,巴西坚果,干,生重、打碎、充分搅拌,干重、打碎、充分搅拌
设计器草稿,杂粮三文鱼猪肉,DRAFT,生葵花籽仁,干,生重、打碎、充分搅拌,干重、打碎、充分搅拌
设计器草稿,Lucky的最新兔肉食谱,PUBLISHED,食用盐,干,生重、充分搅拌,干重、充分搅拌
设计器草稿,Lucky的最新兔肉食谱,PUBLISHED,食用盐,干,生重、充分搅拌,干重、充分搅拌
设计器草稿,Lucky的最新兔肉食谱,PUBLISHED,食用盐,干,生重、充分搅拌,干重、充分搅拌
设计器草稿,TT 的鲜食食谱 06/28,NEEDS_REVIEW,火麻籽,干,生重、打碎、充分搅拌,干重、打碎、充分搅拌
设计器草稿,十字花科全谷物三文鱼鸡肉,PUBLISHED,火麻籽,干,生重、打碎、充分搅拌,干重、打碎、充分搅拌
设计器草稿,杂粮三文鱼猪肉,DRAFT,生葵花籽仁,干,生重、打碎、充分搅拌,干重、打碎、充分搅拌
设计器草稿,秋菊 的鲜食食谱 06/28,COMPLIANT,燕麦,干,生重、打碎、充分搅拌,干重、打碎、充分搅拌
设计器草稿,秋菊 的鲜食食谱 06/28,COMPLIANT,生葵花籽仁,干,生重、打碎、充分搅拌,干重、打碎、充分搅拌
设计器草稿,西葫芦大米比目鱼鸡肉,PUBLISHED,燕麦,干,生重、打碎、充分搅拌,干重、打碎、充分搅拌
设计器草稿,十字花科全谷物三文鱼鸡肉,PUBLISHED,火麻籽,干,生重、打碎、充分搅拌,干重、打碎、充分搅拌
设计器草稿,Lucky的最新兔肉食谱,PUBLISHED,食用盐,干,生重、充分搅拌,干重、充分搅拌
设计器草稿,Dobby 的鲜食食谱 06/15,COMPLIANT,生葵花籽仁,干,生重、打碎、充分搅拌,干重、打碎、充分搅拌
设计器草稿,Dobby 的鲜食食谱 06/15,COMPLIANT,奇亚籽,干,生重、打碎、充分搅拌,干重、打碎、充分搅拌
设计器草稿,Lucky的最新兔肉食谱,PUBLISHED,食用盐,干,生重、充分搅拌,干重、充分搅拌
设计器草稿,小米鳕鱼鸡胸,COMPLIANT,生葵花籽仁,干,生重、打碎、充分搅拌,干重、打碎、充分搅拌
设计器草稿,小米鳕鱼鸡胸,COMPLIANT,奇亚籽,干,生重、打碎、充分搅拌,干重、打碎、充分搅拌
设计器草稿,小米鳕鱼鸡胸,COMPLIANT,生葵花籽仁,干,生重、打碎、充分搅拌,干重、打碎、充分搅拌
设计器草稿,小米鳕鱼鸡胸,COMPLIANT,奇亚籽,干,生重、打碎、充分搅拌,干重、打碎、充分搅拌
设计器草稿,糙米三文鱼牛肉（敢敢）,PUBLISHED,火麻籽,干,生重、打碎、充分搅拌,干重、打碎、充分搅拌
设计器草稿,糙米三文鱼牛肉（敢敢）,COMPLIANT,火麻籽,干,生重、打碎、充分搅拌,干重、打碎、充分搅拌
设计器草稿,糙米三文鱼牛肉（敢敢）,PUBLISHED,火麻籽,干,生重、打碎、充分搅拌,干重、打碎、充分搅拌
设计器草稿,糙米三文鱼牛肉（敢敢）,PUBLISHED,火麻籽,干,生重、打碎、充分搅拌,干重、打碎、充分搅拌
设计器草稿,糙米三文鱼牛肉（敢敢）,PUBLISHED,火麻籽,干,生重、打碎、充分搅拌,干重、打碎、充分搅拌
设计器草稿,Lucky的最新兔肉食谱,PUBLISHED,食用盐,干,生重、充分搅拌,干重、充分搅拌
设计器草稿,十字花科全谷物三文鱼鸡肉,PUBLISHED,火麻籽,干,生重、打碎、充分搅拌,干重、打碎、充分搅拌
设计器草稿,萝卜绿豆鸭胸猪里脊,PUBLISHED,巴旦木,干,生重、打碎、充分搅拌,干重、打碎、充分搅拌
设计器草稿,萝卜绿豆鸭胸猪里脊,PUBLISHED,白芝麻,干,生重、充分搅拌,干重、充分搅拌
设计器草稿,小米鳕鱼鸡胸,COMPLIANT,生葵花籽仁,干,生重、打碎、充分搅拌,干重、打碎、充分搅拌
设计器草稿,小米鳕鱼鸡胸,COMPLIANT,奇亚籽,干,生重、打碎、充分搅拌,干重、打碎、充分搅拌
设计器草稿,十字花科全谷物三文鱼鸡肉,PUBLISHED,火麻籽,干,生重、打碎、充分搅拌,干重、打碎、充分搅拌
设计器草稿,十字花科全谷物三文鱼鸡肉,COMPLIANT,火麻籽,干,生重、打碎、充分搅拌,干重、打碎、充分搅拌
设计器草稿,十字花科全谷物三文鱼鸡肉,PUBLISHED,火麻籽,干,生重、打碎、充分搅拌,干重、打碎、充分搅拌
设计器草稿,525 的鲜食食谱 06/16,COMPLIANT,火麻籽,干,生重、打碎、充分搅拌,干重、打碎、充分搅拌
设计器草稿,糙米三文鱼牛肉（敢敢）,PUBLISHED,火麻籽,干,生重、打碎、充分搅拌,干重、打碎、充分搅拌
设计器草稿,十字花科全谷物三文鱼鸡肉,COMPLIANT,火麻籽,干,生重、打碎、充分搅拌,干重、打碎、充分搅拌
设计器草稿,萝卜绿豆鸭胸猪里脊,PUBLISHED,巴旦木,干,生重、打碎、充分搅拌,干重、打碎、充分搅拌
设计器草稿,萝卜绿豆鸭胸猪里脊,PUBLISHED,白芝麻,干,生重、充分搅拌,干重、充分搅拌
设计器草稿,黑米鳕鱼鸡胸,PUBLISHED,生葵花籽仁,干,生重、打碎、充分搅拌,干重、打碎、充分搅拌
设计器草稿,黑米鳕鱼鸡胸,PUBLISHED,奇亚籽,干,生重、打碎、充分搅拌,干重、打碎、充分搅拌
设计器草稿,Foxy的鸭胸食谱,PUBLISHED,燕麦,干,生重、打碎、充分搅拌,干重、打碎、充分搅拌
设计器草稿,羊肚菌芦笋糙米牛肉,DRAFT,生葵花籽仁,干,生重、打碎、充分搅拌,干重、打碎、充分搅拌
设计器草稿,羊肚菌芦笋糙米牛肉,DRAFT,巴西坚果,干,生重、打碎、充分搅拌,干重、打碎、充分搅拌
设计器草稿,迪迪 的鲜食食谱 06/27,NEEDS_REVIEW,羊肚菌（鲜）,干,生重、打碎、充分搅拌,干重、打碎、充分搅拌
设计器草稿,萝卜绿豆鸭胸猪里脊,DRAFT,巴旦木,干,生重、打碎、充分搅拌,干重、打碎、充分搅拌
设计器草稿,萝卜绿豆鸭胸猪里脊,DRAFT,白芝麻,干,生重、充分搅拌,干重、充分搅拌
设计器草稿,Foxy的鸭胸食谱,PUBLISHED,生葵花籽仁,干,生重、打碎、充分搅拌,干重、打碎、充分搅拌
设计器草稿,羊肚菌芦笋糙米牛肉,DRAFT,生葵花籽仁,干,生重、打碎、充分搅拌,干重、打碎、充分搅拌
设计器草稿,羊肚菌芦笋糙米牛肉,DRAFT,巴西坚果,干,生重、打碎、充分搅拌,干重、打碎、充分搅拌
设计器草稿,羊肚菌芦笋糙米牛肉,DRAFT,生葵花籽仁,干,生重、打碎、充分搅拌,干重、打碎、充分搅拌
设计器草稿,羊肚菌芦笋糙米牛肉,DRAFT,巴西坚果,干,生重、打碎、充分搅拌,干重、打碎、充分搅拌
设计器草稿,萝卜绿豆鸭胸猪里脊,DRAFT,巴旦木,干,生重、打碎、充分搅拌,干重、打碎、充分搅拌
设计器草稿,萝卜绿豆鸭胸猪里脊,DRAFT,白芝麻,干,生重、充分搅拌,干重、充分搅拌
设计器草稿,萝卜绿豆鸭胸猪里脊,DRAFT,巴旦木,干,生重、打碎、充分搅拌,干重、打碎、充分搅拌
设计器草稿,萝卜绿豆鸭胸猪里脊,DRAFT,白芝麻,干,生重、充分搅拌,干重、充分搅拌
设计器草稿,燕麦山药牛肉饭,DRAFT,燕麦,干,生重、打碎、充分搅拌,干重、打碎、充分搅拌
设计器草稿,燕麦山药牛肉饭,DRAFT,生葵花籽仁,干,生重、打碎、充分搅拌,干重、打碎、充分搅拌
设计器草稿,燕麦山药牛肉饭,DRAFT,燕麦,干,生重、打碎、充分搅拌,干重、打碎、充分搅拌
设计器草稿,燕麦山药牛肉饭,DRAFT,生葵花籽仁,干,生重、打碎、充分搅拌,干重、打碎、充分搅拌
设计器草稿,燕麦山药牛肉饭,DRAFT,燕麦,干,生重、打碎、充分搅拌,干重、打碎、充分搅拌
设计器草稿,燕麦山药牛肉饭,DRAFT,生葵花籽仁,干,生重、打碎、充分搅拌,干重、打碎、充分搅拌
设计器草稿,藜麦南瓜生蚝鸡腿牛肉,DRAFT,生葵花籽仁,干,生重、打碎、充分搅拌,干重、打碎、充分搅拌
设计器草稿,藜麦南瓜生蚝鸡腿牛肉,DRAFT,生葵花籽仁,干,生重、打碎、充分搅拌,干重、打碎、充分搅拌
设计器草稿,藜麦南瓜生蚝鸡腿牛肉,DRAFT,生葵花籽仁,干,生重、打碎、充分搅拌,干重、打碎、充分搅拌
设计器草稿,糙米红薯青花鱼牛肉,DRAFT,生南瓜籽仁,干,生重、打碎、充分搅拌,干重、打碎、充分搅拌
设计器草稿,小米红豆兔里脊火鸡胸,DRAFT,红小豆,干,生重、打碎、充分搅拌,干重、打碎、充分搅拌
设计器草稿,小米红豆兔里脊火鸡胸,DRAFT,生南瓜籽仁,干,生重、打碎、充分搅拌,干重、打碎、充分搅拌
设计器草稿,小米红豆兔里脊火鸡胸,DRAFT,红小豆,干,生重、打碎、充分搅拌,干重、打碎、充分搅拌
设计器草稿,小米红豆兔里脊火鸡胸,DRAFT,生南瓜籽仁,干,生重、打碎、充分搅拌,干重、打碎、充分搅拌
设计器草稿,小米红豆兔里脊火鸡胸,DRAFT,红小豆,干,生重、打碎、充分搅拌,干重、打碎、充分搅拌
设计器草稿,小米红豆兔里脊火鸡胸,DRAFT,生南瓜籽仁,干,生重、打碎、充分搅拌,干重、打碎、充分搅拌
设计器草稿,燕麦三文鱼猪肉,DRAFT,生葵花籽仁,干,生重、打碎、充分搅拌,干重、打碎、充分搅拌
设计器草稿,燕麦三文鱼猪肉,DRAFT,白芝麻,干,生重、充分搅拌,干重、充分搅拌
设计器草稿,糙米南瓜牛肉,DRAFT,生葵花籽仁,干,生重、打碎、充分搅拌,干重、打碎、充分搅拌
设计器草稿,糙米南瓜牛肉,DRAFT,生葵花籽仁,干,生重、打碎、充分搅拌,干重、打碎、充分搅拌
设计器草稿,糙米南瓜牛肉,DRAFT,生葵花籽仁,干,生重、打碎、充分搅拌,干重、打碎、充分搅拌
设计器草稿,大米南瓜鸡胸兔里脊,DRAFT,生葵花籽仁,干,生重、打碎、充分搅拌,干重、打碎、充分搅拌
设计器草稿,大米南瓜鸡胸兔里脊,DRAFT,生葵花籽仁,干,生重、打碎、充分搅拌,干重、打碎、充分搅拌
设计器草稿,大米南瓜鸡胸兔里脊,DRAFT,生葵花籽仁,干,生重、打碎、充分搅拌,干重、打碎、充分搅拌
设计器草稿,芋头燕麦火鸡胸,DRAFT,燕麦,干,生重、打碎、充分搅拌,干重、打碎、充分搅拌
设计器草稿,芋头燕麦火鸡胸,DRAFT,燕麦,干,生重、打碎、充分搅拌,干重、打碎、充分搅拌
设计器草稿,芋头燕麦火鸡胸,DRAFT,燕麦,干,生重、打碎、充分搅拌,干重、打碎、充分搅拌
设计器草稿,糙米青口贝青花鱼牛肉,DRAFT,生南瓜籽仁,干,生重、打碎、充分搅拌,干重、打碎、充分搅拌
设计器草稿,糙米青口贝青花鱼牛肉,DRAFT,生南瓜籽仁,干,生重、打碎、充分搅拌,干重、打碎、充分搅拌
设计器草稿,糙米青口贝青花鱼牛肉,DRAFT,生南瓜籽仁,干,生重、打碎、充分搅拌,干重、打碎、充分搅拌
设计器草稿,红薯三文鱼鸡胸,DRAFT,燕麦,干,生重、打碎、充分搅拌,干重、打碎、充分搅拌
设计器草稿,红薯三文鱼鸡胸,DRAFT,燕麦,干,生重、打碎、充分搅拌,干重、打碎、充分搅拌
设计器草稿,红薯三文鱼鸡胸,DRAFT,燕麦,干,生重、打碎、充分搅拌,干重、打碎、充分搅拌
设计器草稿,糙米西葫芦牛肉,DRAFT,燕麦,干,生重、打粉、充分搅拌,干重、打粉、充分搅拌
设计器草稿,糙米西葫芦牛肉,DRAFT,巴西坚果,干,生重、打碎、充分搅拌,干重、打碎、充分搅拌
设计器草稿,糙米西葫芦牛肉,DRAFT,食用盐,干,生重、充分搅拌,干重、充分搅拌
设计器草稿,糙米西葫芦牛肉,DRAFT,燕麦,干,生重、打粉、充分搅拌,干重、打粉、充分搅拌
设计器草稿,糙米西葫芦牛肉,DRAFT,燕麦,干,生重、打粉、充分搅拌,干重、打粉、充分搅拌
设计器草稿,糙米西葫芦牛肉,DRAFT,巴西坚果,干,生重、打碎、充分搅拌,干重、打碎、充分搅拌
设计器草稿,糙米西葫芦牛肉,DRAFT,食用盐,干,生重、充分搅拌,干重、充分搅拌
设计器草稿,兔里脊大米土豆,DRAFT,食用盐,干,生重、充分搅拌,干重、充分搅拌
设计器草稿,兔里脊大米土豆,DRAFT,食用盐,干,生重、充分搅拌,干重、充分搅拌
设计器草稿,兔里脊大米土豆,DRAFT,食用盐,干,生重、充分搅拌,干重、充分搅拌
设计器草稿,糙米鸡蛋牛肉,DRAFT,生南瓜籽仁,干,生重、打碎、充分搅拌,干重、打碎、充分搅拌
设计器草稿,糙米鸡蛋牛肉,DRAFT,生南瓜籽仁,干,生重、打碎、充分搅拌,干重、打碎、充分搅拌
设计器草稿,糙米鸡蛋牛肉,DRAFT,生南瓜籽仁,干,生重、打碎、充分搅拌,干重、打碎、充分搅拌
设计器草稿,鸡兔-lp DV,NEEDS_REVIEW,白芝麻,干,生重、充分搅拌,干重、充分搅拌
设计器草稿,鸡胸300 pj,NEEDS_REVIEW,白芝麻,干,生重、充分搅拌,干重、充分搅拌
设计器草稿,排敏：鸡肉7.2-7.6,NEEDS_REVIEW,燕麦,干,生重、打粉、充分搅拌,干重、打粉、充分搅拌
设计器草稿,大米红薯兔里脊,COMPLIANT,生南瓜籽仁,干,生重、打碎、充分搅拌,干重、打碎、充分搅拌
设计器草稿,兔肉食谱,COMPLIANT,火麻籽,干,生重、打碎、充分搅拌,干重、打碎、充分搅拌
设计器草稿,兔肉食谱,COMPLIANT,生葵花籽仁,干,生重、打碎、充分搅拌,干重、打碎、充分搅拌
设计器草稿,鸡胸牛肉饭(幺鸡),PUBLISHED,火麻籽,干,生重、打碎、充分搅拌,干重、打碎、充分搅拌
设计器草稿,harley 的鲜食食谱 08/09,NEEDS_REVIEW,生南瓜籽仁,干,生重、打碎、充分搅拌,干重、打碎、充分搅拌
设计器草稿,harley 的鲜食食谱 08/09,NEEDS_REVIEW,白芝麻,干,生重、充分搅拌,干重、充分搅拌
设计器草稿,Mallow 的鲜食食谱 07/02,NEEDS_REVIEW,火麻籽,干,生重、打碎、充分搅拌,干重、打碎、充分搅拌
设计器草稿,排敏：鸡肉7.2-7.6,NEEDS_REVIEW,火麻籽,干,生重、打碎、充分搅拌,干重、打碎、充分搅拌
设计器草稿,排敏：鸡肉7.2-7.6,NEEDS_REVIEW,生南瓜籽仁,干,生重、打碎、充分搅拌,干重、打碎、充分搅拌
设计器草稿,排敏：鸡肉7.2-7.6,NEEDS_REVIEW,生葵花籽仁,干,生重、打碎、充分搅拌,干重、打碎、充分搅拌
设计器草稿,小瓜 的鲜食食谱 07/02,NEEDS_REVIEW,生葵花籽仁,干,生重、打碎、充分搅拌,干重、打碎、充分搅拌
设计器草稿,小瓜 的鲜食食谱 07/02,NEEDS_REVIEW,生南瓜籽仁,干,生重、打碎、充分搅拌,干重、打碎、充分搅拌
设计器草稿,杂粮三文鱼猪肉,NEEDS_REVIEW,生葵花籽仁,干,生重、打碎、充分搅拌,干重、打碎、充分搅拌
设计器草稿,紫薯黑米猪里脊,PUBLISHED,生葵花籽仁,干,生重、打碎、充分搅拌,干重、打碎、充分搅拌
设计器草稿,鸭肉食谱,COMPLIANT,火麻籽,干,生重、打碎、充分搅拌,干重、打碎、充分搅拌
设计器草稿,大米红薯兔里脊,PUBLISHED,生南瓜籽仁,干,生重、打碎、充分搅拌,干重、打碎、充分搅拌
设计器草稿,紫薯黑米猪里脊,COMPLIANT,生葵花籽仁,干,生重、打碎、充分搅拌,干重、打碎、充分搅拌
设计器草稿,排敏：猪肉7.7-12,NEEDS_REVIEW,燕麦,干,生重、打粉、充分搅拌,干重、打粉、充分搅拌
设计器草稿,排敏：猪肉7.7-12,NEEDS_REVIEW,食用盐,干,生重、充分搅拌,干重、充分搅拌
设计器草稿,TT 的鲜食食谱 07/05,NEEDS_REVIEW,红小豆,干,生重、打碎、充分搅拌,干重、打碎、充分搅拌
设计器草稿,TT 的鲜食食谱 07/05,NEEDS_REVIEW,火麻籽,干,生重、打碎、充分搅拌,干重、打碎、充分搅拌
设计器草稿,布丁定制食谱,PUBLISHED,食用盐,干,生重、充分搅拌,干重、充分搅拌
设计器草稿,牛牛定制食谱,PUBLISHED,食用盐,干,生重、充分搅拌,干重、充分搅拌
设计器草稿,牛牛定制食谱,PUBLISHED,食用盐,干,生重、充分搅拌,干重、充分搅拌
设计器草稿,牛牛定制食谱,PUBLISHED,燕麦,干,生重、打粉、充分搅拌,干重、打粉、充分搅拌
设计器草稿,牛牛定制食谱,PUBLISHED,食用盐,干,生重、充分搅拌,干重、充分搅拌
设计器草稿,牛牛定制食谱,PUBLISHED,燕麦,干,生重、打粉、充分搅拌,干重、打粉、充分搅拌
设计器草稿,红薯鳕鱼鸭胸,PUBLISHED,火麻籽,干,生重、打碎、充分搅拌,干重、打碎、充分搅拌
设计器草稿,秋菊 的鲜食食谱 09/06,COMPLIANT,生南瓜籽仁,干,生重、打碎、充分搅拌,干重、打碎、充分搅拌
设计器草稿,秋菊 的鲜食食谱 09/06,COMPLIANT,火麻籽,干,生重、充分搅拌,干重、充分搅拌
设计器草稿,鸡胸半餐-lp DV 副本,NEEDS_REVIEW,白芝麻,干,生重、充分搅拌,干重、充分搅拌
设计器草稿,土豆大米兔,PUBLISHED,生南瓜籽仁,干,生重、打碎、充分搅拌,干重、打碎、充分搅拌
设计器草稿,红薯鳕鱼鸭胸,PUBLISHED,火麻籽,干,生重、打碎、充分搅拌,干重、打碎、充分搅拌
设计器草稿,山药 辅食,NEEDS_REVIEW,白芝麻,干,生重、充分搅拌,干重、充分搅拌
设计器草稿,小豆 的鲜食食谱 08/27,NEEDS_REVIEW,生葵花籽仁,干,生重、打碎、充分搅拌,干重、打碎、充分搅拌
设计器草稿,花椰菜糙米鸭肉,PUBLISHED,火麻籽,干,生重、打碎、充分搅拌,干重、打碎、充分搅拌
设计器草稿,小瓜 的鲜食食谱 07/15,NEEDS_REVIEW,食用盐,干,生重、充分搅拌,干重、充分搅拌
设计器草稿,花椰菜糙米鸭肉,PUBLISHED,火麻籽,干,生重、打碎、充分搅拌,干重、打碎、充分搅拌
设计器草稿,紫薯 辅食,NEEDS_REVIEW,白芝麻,干,生重、充分搅拌,干重、充分搅拌
设计器草稿,大米红薯兔里脊,PUBLISHED,生南瓜籽仁,干,生重、打碎、充分搅拌,干重、打碎、充分搅拌
设计器草稿,燕麦米比目鱼鸭肉,PUBLISHED,生葵花籽仁,干,生重、打碎、充分搅拌,干重、打碎、充分搅拌
设计器草稿,小豆 的鲜食食谱 08/27,NEEDS_REVIEW,火麻籽,干,生重、打碎、充分搅拌,干重、打碎、充分搅拌
设计器草稿,鸡兔-lp DV 碱,NEEDS_REVIEW,白芝麻,干,生重、充分搅拌,干重、充分搅拌
设计器草稿,idol 的鲜食食谱 07/22,COMPLIANT,奇亚籽,干,生重、打碎、充分搅拌,干重、打碎、充分搅拌
设计器草稿,兔300-lp DV,NEEDS_REVIEW,白芝麻,干,生重、充分搅拌,干重、充分搅拌
设计器草稿,燕麦米青花鱼鸭肉,PUBLISHED,生葵花籽仁,干,生重、打碎、充分搅拌,干重、打碎、充分搅拌
设计器草稿,燕麦米青花鱼鸭肉,PUBLISHED,生葵花籽仁,干,生重、打碎、充分搅拌,干重、打碎、充分搅拌
设计器草稿,秋葵藜麦米牛肉鸡胸,COMPLIANT,生葵花籽仁,干,生重、打碎、充分搅拌,干重、打碎、充分搅拌
设计器草稿,秋葵藜麦米牛肉鸡胸,COMPLIANT,食用盐,干,生重、充分搅拌,干重、充分搅拌
设计器草稿,嗨皮 的鲜食食谱 08/01,COMPLIANT,奇亚籽,干,生重、打碎、充分搅拌,干重、打碎、充分搅拌
设计器草稿,燕麦米青花鱼鸭肉,COMPLIANT,生葵花籽仁,干,生重、打碎、充分搅拌,干重、打碎、充分搅拌
设计器草稿,杠铃 的鲜食食谱 07/25,NEEDS_REVIEW,燕麦,干,生重、打碎、充分搅拌,干重、打碎、充分搅拌
设计器草稿,六六 的鲜食食谱 08/25,NEEDS_REVIEW,巴西坚果,干,生重、打碎、充分搅拌,干重、打碎、充分搅拌
设计器草稿,桑迪 的鲜食食谱 07/25,NEEDS_REVIEW,燕麦,干,生重、打碎、充分搅拌,干重、打碎、充分搅拌
设计器草稿,六六 的鲜食食谱 08/25,NEEDS_REVIEW,生葵花籽仁,干,生重、打碎、充分搅拌,干重、打碎、充分搅拌
设计器草稿,秋菊 的鲜食食谱 07/26,COMPLIANT,燕麦,干,生重、打碎、充分搅拌,干重、打碎、充分搅拌
设计器草稿,秋菊 的鲜食食谱 07/26,COMPLIANT,生葵花籽仁,干,生重、打碎、充分搅拌,干重、打碎、充分搅拌
设计器草稿,小米三文鱼猪里脊(幺鸡),PUBLISHED,食用盐,干,生重、充分搅拌,干重、充分搅拌
设计器草稿,小米三文鱼猪里脊(幺鸡),PUBLISHED,火麻籽,干,生重、打碎、充分搅拌,干重、打碎、充分搅拌
设计器草稿,秋葵藜麦米牛肉鸡胸,PUBLISHED,生葵花籽仁,干,生重、打碎、充分搅拌,干重、打碎、充分搅拌
设计器草稿,Lumi 的鲜食食谱 08/01,NEEDS_REVIEW,生南瓜籽仁,干,生重、打碎、充分搅拌,干重、打碎、充分搅拌
设计器草稿,5天/20份 鸡猪-lp,NEEDS_REVIEW,白芝麻,干,生重、充分搅拌,干重、充分搅拌
设计器草稿,秋葵藜麦米牛肉鸡胸,PUBLISHED,食用盐,干,生重、充分搅拌,干重、充分搅拌
设计器草稿,柠檬茶 的鲜食食谱 09/06,NEEDS_REVIEW,生葵花籽仁,干,生重、打碎、充分搅拌,干重、打碎、充分搅拌
设计器草稿,糙米三文鱼猪里脊(烟花),COMPLIANT,火麻籽,干,生重、打碎、充分搅拌,干重、打碎、充分搅拌
设计器草稿,青口贝虾仁鸡胸（幺鸡）,PUBLISHED,生葵花籽仁,干,生重、打碎、充分搅拌,干重、打碎、充分搅拌
设计器草稿,青口贝虾仁鸡胸（幺鸡）,PUBLISHED,食用盐,干,生重、充分搅拌,干重、充分搅拌
设计器草稿,小米三文鱼猪里脊(幺鸡),PUBLISHED,火麻籽,干,生重、打碎、充分搅拌,干重、打碎、充分搅拌
设计器草稿,小米三文鱼猪里脊(幺鸡),PUBLISHED,食用盐,干,生重、充分搅拌,干重、充分搅拌
设计器草稿,糙米三文鱼猪里脊(烟花),COMPLIANT,食用盐,干,生重、充分搅拌,干重、充分搅拌
设计器草稿,小米三文鱼猪里脊(幺鸡) 低能量需求成年犬（95ME）副本,COMPLIANT,火麻籽,干,生重、打碎、充分搅拌,干重、打碎、充分搅拌
设计器草稿,小米三文鱼猪里脊(幺鸡) 低能量需求成年犬（95ME）副本,COMPLIANT,食用盐,干,生重、充分搅拌,干重、充分搅拌
设计器草稿,小米三文鱼猪里脊(幺鸡),COMPLIANT,火麻籽,干,生重、打碎、充分搅拌,干重、打碎、充分搅拌
设计器草稿,小米三文鱼猪里脊(幺鸡),COMPLIANT,食用盐,干,生重、充分搅拌,干重、充分搅拌
设计器草稿,百万 的鲜食食谱 07/28,COMPLIANT,羊肚菌（鲜）,干,生重、打碎、充分搅拌,干重、打碎、充分搅拌
设计器草稿,百万 的鲜食食谱 07/28,COMPLIANT,生南瓜籽仁,干,生重、打碎、充分搅拌,干重、打碎、充分搅拌
设计器草稿,青口贝虾仁鸡胸（幺鸡）,COMPLIANT,生葵花籽仁,干,生重、打碎、充分搅拌,干重、打碎、充分搅拌
设计器草稿,青口贝虾仁鸡胸（幺鸡）,COMPLIANT,食用盐,干,生重、充分搅拌,干重、充分搅拌
设计器草稿,百万 的鲜食食谱 07/28,COMPLIANT,白芝麻,干,生重、充分搅拌,干重、充分搅拌
设计器草稿,秋菊 的鲜食食谱 07/26,COMPLIANT,火麻籽,干,生重、打碎、充分搅拌,干重、打碎、充分搅拌
设计器草稿,鸡胸半餐-lp DV,NEEDS_REVIEW,白芝麻,干,生重、充分搅拌,干重、充分搅拌
设计器草稿,夏洛克 的鲜食食谱 07/31,NEEDS_REVIEW,白芝麻,干,生重、充分搅拌,干重、充分搅拌
设计器草稿,3天/12份 兔,NEEDS_REVIEW,白芝麻,干,生重、充分搅拌,干重、充分搅拌
设计器草稿,糙米三文鱼猪里脊(烟花),PUBLISHED,食用盐,干,生重、充分搅拌,干重、充分搅拌
设计器草稿,迪迪 的鲜食食谱 06/27,NEEDS_REVIEW,羊肚菌（鲜）,干,生重、打碎、充分搅拌,干重、打碎、充分搅拌
设计器草稿,好久 的鲜食食谱 09/06,COMPLIANT,燕麦,干,生重、打碎、充分搅拌,干重、打碎、充分搅拌
设计器草稿,财宝的定制20260911,PUBLISHED,生葵花籽仁,干,生重、打碎、充分搅拌,干重、打碎、充分搅拌
设计器草稿,小年 的鲜食食谱 08/25,NEEDS_REVIEW,食用盐,干,生重、充分搅拌,干重、充分搅拌
设计器草稿,糙米三文鱼猪里脊(烟花),PUBLISHED,火麻籽,干,生重、打碎、充分搅拌,干重、打碎、充分搅拌
设计器草稿,犇犇 的鲜食食谱 08/03,NEEDS_REVIEW,燕麦,干,生重、打碎、充分搅拌,干重、打碎、充分搅拌
设计器草稿,糙米三文鱼猪里脊(烟花),PUBLISHED,火麻籽,干,生重、打碎、充分搅拌,干重、打碎、充分搅拌
设计器草稿,糙米三文鱼猪里脊(烟花),PUBLISHED,食用盐,干,生重、充分搅拌,干重、充分搅拌
设计器草稿,鸡胸牛肉饭(幺鸡),PUBLISHED,火麻籽,干,生重、打碎、充分搅拌,干重、打碎、充分搅拌
设计器草稿,鸭,NEEDS_REVIEW,白芝麻,干,生重、充分搅拌,干重、充分搅拌
设计器草稿,鸡胸280-lp DV碱,NEEDS_REVIEW,白芝麻,干,生重、充分搅拌,干重、充分搅拌
设计器草稿,鸡蛋鱼虾鸭胸(路宝),PUBLISHED,火麻籽,干,生重、打碎、充分搅拌,干重、打碎、充分搅拌
设计器草稿,鸡胸牛肉饭(幺鸡),PUBLISHED,火麻籽,干,生重、打碎、充分搅拌,干重、打碎、充分搅拌
设计器草稿,鸡蛋鱼虾鸭胸(路宝),PUBLISHED,火麻籽,干,生重、打碎、充分搅拌,干重、打碎、充分搅拌
设计器草稿,鸡蛋鱼虾鸭胸(路宝),COMPLIANT,火麻籽,干,生重、打碎、充分搅拌,干重、打碎、充分搅拌
设计器草稿,乖乖 的鲜食食谱 08/25,NEEDS_REVIEW,食用盐,干,生重、充分搅拌,干重、充分搅拌
设计器草稿,兔里脊大米土豆,NEEDS_REVIEW,食用盐,干,生重、充分搅拌,干重、充分搅拌
设计器草稿,兔里脊大米土豆(小满),PUBLISHED,食用盐,干,生重、充分搅拌,干重、充分搅拌
设计器草稿,秋菊 的鲜食食谱 06/28,COMPLIANT,火麻籽,干,生重、打碎、充分搅拌,干重、打碎、充分搅拌
设计器草稿,花椰菜糙米鸭肉,COMPLIANT,火麻籽,干,生重、打碎、充分搅拌,干重、打碎、充分搅拌
设计器草稿,兔里脊大米土豆(小满),PUBLISHED,食用盐,干,生重、充分搅拌,干重、充分搅拌
设计器草稿,青花鱼对虾牛肉(财宝),PUBLISHED,食用盐,干,生重、充分搅拌,干重、充分搅拌
设计器草稿,鸡肉食谱,COMPLIANT,生南瓜籽仁,干,生重、打碎、充分搅拌,干重、打碎、充分搅拌
设计器草稿,鸡肉食谱,COMPLIANT,火麻籽,干,生重、打碎、充分搅拌,干重、打碎、充分搅拌
设计器草稿,鸡胸牛肉饭(幺鸡),PUBLISHED,火麻籽,干,生重、打碎、充分搅拌,干重、打碎、充分搅拌
设计器草稿,鸭肉梨,PUBLISHED,生葵花籽仁,干,生重、打碎、充分搅拌,干重、打碎、充分搅拌
设计器草稿,3天/12份 鸡,NEEDS_REVIEW,白芝麻,干,生重、充分搅拌,干重、充分搅拌
设计器草稿,秋菊 的鲜食食谱 08/02,COMPLIANT,燕麦,干,生重、打碎、充分搅拌,干重、打碎、充分搅拌
设计器草稿,秋菊 的鲜食食谱 08/02,COMPLIANT,火麻籽,干,生重、打碎、充分搅拌,干重、打碎、充分搅拌
设计器草稿,秋菊 的鲜食食谱 08/02,COMPLIANT,白芝麻,干,生重、充分搅拌,干重、充分搅拌
设计器草稿,来福 的鲜食食谱 08/06,COMPLIANT,羊肚菌（鲜）,干,生重、打碎、充分搅拌,干重、打碎、充分搅拌
设计器草稿,小豆 的鲜食食谱 08/29,NEEDS_REVIEW,食用盐,干,生重、充分搅拌,干重、充分搅拌
设计器草稿,鸡胸牛肉饭(幺鸡),PUBLISHED,火麻籽,干,生重、打碎、充分搅拌,干重、打碎、充分搅拌
设计器草稿,鸡胸牛肉饭(幺鸡),PUBLISHED,火麻籽,干,生重、打碎、充分搅拌,干重、打碎、充分搅拌
设计器草稿,兔里脊大米土豆(小满),COMPLIANT,食用盐,干,生重、充分搅拌,干重、充分搅拌
设计器草稿,秋菊 的鲜食食谱 09/06,COMPLIANT,燕麦,干,生重、打碎、充分搅拌,干重、打碎、充分搅拌
设计器草稿,好久 的鲜食食谱 09/06,COMPLIANT,燕麦,干,生重、打碎、充分搅拌,干重、打碎、充分搅拌
设计器草稿,十字花科全谷物三文鱼鸡肉,DRAFT,火麻籽,干,生重、打碎、充分搅拌,干重、打碎、充分搅拌
设计器草稿,柠檬茶 的鲜食食谱 09/09,NEEDS_REVIEW,生葵花籽仁,干,生重、打碎、充分搅拌,干重、打碎、充分搅拌
设计器草稿,糙米三文鱼猪里脊(烟花),DRAFT,火麻籽,干,生重、打碎、充分搅拌,干重、打碎、充分搅拌
设计器草稿,糙米三文鱼猪里脊(烟花),DRAFT,食用盐,干,生重、充分搅拌,干重、充分搅拌
设计器草稿,牛牛的定制食谱（牛）20260914,PUBLISHED,燕麦,干,生重、打粉、充分搅拌,干重、打粉、充分搅拌
设计器草稿,牛牛的定制食谱（牛）20260914,DRAFT,燕麦,干,生重、打粉、充分搅拌,干重、打粉、充分搅拌
设计器草稿,鸡胸280-lp DV,NEEDS_REVIEW,白芝麻,干,生重、充分搅拌,干重、充分搅拌
设计器草稿,宾宾 的鲜食食谱 09/15,NEEDS_REVIEW,燕麦,干,生重、打碎、充分搅拌,干重、打碎、充分搅拌
设计器草稿,（咖喱定制）创伤恢复+红胡子,NEEDS_REVIEW,食用盐,干,生重、充分搅拌,干重、充分搅拌
设计器草稿,创伤恢复+红胡子(牛肉版),PUBLISHED,食用盐,干,生重、充分搅拌,干重、充分搅拌
设计器草稿,（咖喱定制）创伤恢复+红胡子,PUBLISHED,食用盐,干,生重、充分搅拌,干重、充分搅拌