章号,标题,被引用次数,示例条目,同章其它写法,说明
1,患者评估,1,lab-029,,来源：知识条目引用写法
3,就诊相关的福利需求,2,visit-005,,来源：知识条目引用写法
10,家庭自制宠物食品,6,,所有自制参考配方均附加人用复合维生素矿物质片（1） / 参考配方均附加人用复合维生素矿物质片补充（1） / 、第12章（1）,来源：知识条目引用写法
11,食品安全,11,,,来源：知识条目引用写法
12,正常犬饲养导论,6,,,来源：知识条目引用写法
13,青年成年犬饲养,10,,,来源：知识条目引用写法
14,中老年犬的饲喂,13,behav-002,中老年犬饲养（5） / 引言（1） / 引述（1）,来源：知识条目引用写法
15,繁殖犬的饲养,7,,,来源：知识条目引用写法
16,新生幼犬,5,growth-003,,来源：知识条目引用写法
17,幼犬生长,12,growth-001,,来源：知识条目引用写法
25,重症监护营养与肠内辅助喂养,7,,指出（1） / 重症监护营养（1）,来源：知识条目引用写法
27,肥胖,13,,,来源：知识条目引用写法
28,高脂血症,7,pancreatitis-002,脂质代谢紊乱（1） / 「Disorders（1）,来源：知识条目引用写法
29,内分泌疾病,13,,糖尿病（2） / 糖尿病与甲状腺疾病（1） / 甲状腺疾病（1）,来源：知识条目引用写法
30,癌症,9,,肿瘤（2）,来源：知识条目引用写法
31,食物不良反应,7,breed-014,《食物不良反应》（4） / 食物不良反应－马拉色菌皮炎（4） / Adverse（2）,来源：知识条目引用写法
32,皮肤与毛发疾病,9,skin-006,皮肤与被毛疾病（1） / 犬猫皮肤与毛发疾病－（1） / 犬猫皮肤与毛发疾病－脚垫病变（1）,来源：知识条目引用写法
33,大型/巨型犬幼犬喂养,1,growth-005,的详细建议（1）,来源：知识条目引用写法
34,骨关节炎的营养管理,9,,骨关节炎（4） / 列出的犬骨关节炎表现（1） / 《骨关节炎的营养管理》（1）,来源：知识条目引用写法
35,犬认知功能障碍,23,behav-001,临床重要性、（1） / 指出（1） / 患者评估、风险因素、再评估（1）,来源：知识条目引用写法
36,心血管疾病,20,breed-005,,来源：知识条目引用写法
37,慢性肾病,14,hemo-004,慢性肾病、（1）,来源：知识条目引用写法
38,尿石症,9,breed-010,,来源：知识条目引用写法
39,尿酸盐,4,urolith-002,嘌呤尿石（2） / Purine（1）,来源：知识条目引用写法
40,草酸钙结石,3,urolith-002,,来源：知识条目引用写法
41,磷酸钙结石,1,urolith-008,,来源：知识条目引用写法
42,胱氨酸结石,4,urolith-002,胱氨酸尿石（1） / Cystine（1）,来源：知识条目引用写法
43,鸟粪石,3,urolith-002,磷酸铵镁尿石（1） / Struvite（1）,来源：知识条目引用写法
44,硅石结石,1,urolith-009,,来源：知识条目引用写法
45,复合结石,2,urolith-009,,来源：知识条目引用写法
46,猫下泌尿道疾病（不适用：猫）,0,,,正文首屏：Diseases of the feline lower urinary tract
47,牙周病,9,breed-004,,来源：知识条目引用写法
48,胃肠病患的饲喂,0,,,正文首屏：What should I feed?
49,口腔疾病,0,,,正文首屏：disorders of the oral cavity
51,呕吐,0,,,正文首屏：Vomiting is the hallmark of gastric disorders
52,胃炎,0,,,正文首屏：Gastritis is one of the most common causes of vomiting
53,胃扩张与胃扭转,0,,,正文首屏：Gastric dilatation (GD) is distention of the stomach
54,胃排空与胃动力疾病,1,clinical-034,,正文首屏：the stomach should be emptied following an average meal
55,小肠疾病,2,clinical-035,,正文首屏：Disorders of the small intestine
56,急性胃肠炎与肠炎,7,gi-002,Table（1）,来源：知识条目引用写法
57,炎症性肠病,13,gi-001,,来源：知识条目引用写法
58,蛋白丢失性肠病,5,gi-005,,来源：知识条目引用写法
59,短肠综合征,0,,,正文首屏：Short bowel syndrome is a malabsorptive state
60,小肠细菌过度生长,5,gi-002,,来源：知识条目引用写法
61,大肠疾病,1,breed-015,大肠疾病概述（1）,来源：知识条目引用写法
62,结肠炎,0,,,正文首屏：Colitis is a common disorder
63,肠易激综合征,0,,,正文首屏：Idiopathic (irritable) bowel syndrome
64,便秘,2,clinical-047,便秘与排便障碍－会阴与肛周疾病、风险因素（1） / 便秘与排便障碍－会阴/肛周疾病与便秘的相互影响（1）,正文首屏：constipation
65,肠胃胀气,2,clinical-048,给出的饮食调整方向包括（1）,正文首屏：Flatulence is excessive formation of gases
66,吸收不良,0,,,正文首屏：Malassimilation is failure of nutrients to pass
67,胰腺炎,10,pancreatitis-001,急性与慢性胰腺炎（2） / 「Acute（1）,来源：知识条目引用写法
68,肝胆疾病,19,breed-008,,来源：知识条目引用写法
69,药物与营养相互作用（参考资料）,0,,,正文首屏：veterinary pharmaceuticals
70,兔/雪貂/啮齿类（不适用：异宠）,0,,,"正文首屏：Ferrets, rabbits and rodents"
71,爬行动物（不适用：异宠）,0,,,正文首屏：Diversity among reptiles
72,鸟类（不适用：异宠）,0,,,正文首屏：companion and aviary birds
