来源,相对路径,格式,页数,首屏标题,有无文字层,抽取字符数,说明
README.MD,README.md,MD,,# SevenKitchen 知识库来源归档 **建立日期**：2026-10-01 **位置**：`~/Documents/SevenKitchen-know,有,3631,
MANIFEST.CSV,manifest.csv,CSV,,"来源ID,相对路径,字节,SHA256,说明 AAHA,aaha/AAHA-2010-Nutritional-Assessment-Guidelines.pdf",有,22178,
NRC-2006,nrc/NRC-2006-Nutrient-Requirements-Dogs-Cats.epub,EPUB,72,EPUB：72 个章节文件,有,2194711,
FEDIAF-2025,fediaf/FEDIAF-Nutritional-Guidelines_2025-ONLINE.pdf,PDF,98,Nutritional,有,3292,
IRIS-CKD-2026,iris/IRIS-AKI-Grading_2026.pdf,PDF,9,G r a d i n g o f a c u t e k i d n e y i n j u r y ( 2 0 2 6 ),有,9051,
IRIS-CKD-2026,iris/IRIS-DOG-Treatment_Recommendations_may-2026.pdf,PDF,25,©2026 International Renal Interest Society (IRIS) Ltd. IRIS Ltd. is an independent non-profit organization limited by gu,有,6315,
IRIS-CKD-2026,iris/IRIS_CAT_Treatment_Recommendations_-2026.pdf,PDF,22,©2026 International Renal Interest Society (IRIS) Ltd. IRIS Ltd. is an independent non-profit organization limited by gu,有,6765,
IRIS-CKD-2026,iris/IRIS_Pocket_Guide_to_CKD_June-2026-cn6g.pdf,PDF,4,©2026 International Renal Interest Society (IRIS) Ltd. IRIS Ltd. is an independent non-profit organization limited by gu,有,4098,
IRIS-CKD-2026,iris/IRIS_staging_guidelines-2026.pdf,PDF,7,© 2026 International Renal Interest Society (IRIS) Ltd. IRIS Ltd. is an independent non-profit organization limited by g,有,5424,
MERCK,merck/临床生化.html,HTML,,Clinical Biochemistry - Clinical Pathology and Procedures - Merck Veterinary Manual,有,28017,
MERCK,merck/临床生化.txt,TXT,,Clinical Biochemistry - Clinical Pathology and Procedures - Merck Veterinary Man,有,26343,
MERCK,merck/临床血液学.html,HTML,,Clinical Hematology - Clinical Pathology and Procedures - Merck Veterinary Manual,有,23593,
MERCK,merck/临床血液学.txt,TXT,,Clinical Hematology - Clinical Pathology and Procedures - Merck Veterinary Manua,有,22020,
MERCK,merck/皮肤病维生素与矿物质.html,HTML,,Vitamins and Minerals for Integumentary Disease in Animals - Pharmacology - Merck Veterinary Manual,有,4967,
MERCK,merck/皮肤病维生素与矿物质.txt,TXT,,Vitamins and Minerals for Integumentary Disease in Animals - Pharmacology - Merc,有,4085,
MERCK,merck/肝功能检查.html,HTML,,Hepatic Function Tests in Small Animals - Digestive System - Merck Veterinary Manual,有,10549,
MERCK,merck/肝功能检查.txt,TXT,,Hepatic Function Tests in Small Animals - Digestive System - Merck Veterinary Ma,有,9495,
MERCK,merck/营养性皮肤病.html,HTML,,Miscellaneous Systemic Dermatoses in Animals - Integumentary System - Merck Veterinary Manual,有,9870,
MERCK,merck/营养性皮肤病.txt,TXT,,Miscellaneous Systemic Dermatoses in Animals - Integumentary System - Merck Vete,有,8105,
CN-REGULATION,cn-regulation/中华人民共和国动物防疫法-全国人大公报版.pdf,PDF,138,在第十三届全国人民代表大会常务委员会第二,有,1337,
CN-REGULATION,cn-regulation/狂犬病防治技术规范-中国动物疫病预防控制中心.pdf,PDF,8,狂犬病防治技术规范,有,1537,
ACVIM-CONSENSUS,acvim/ACVIM-2010-钩端螺旋体病-历史版本.xml,XML,,"2010 ACVIM Small Animal Consensus Statement on Leptospirosis: Diagnosis, Epidemiology, Treatment, and Prevention",有,82432,
ACVIM-CONSENSUS,acvim/ACVIM-2015-心血管-肾脏轴疾病.xml,XML,,Cardiovascular–renal axis disorders in the domestic dog and cat: a veterinary consensus statement,有,107903,
ACVIM-CONSENSUS,acvim/ACVIM-2015-治疗性抗菌药使用与耐药性.xml,XML,,,有,75088,
ACVIM-CONSENSUS,acvim/ACVIM-2015-犬癫痫管理.xml,XML,,2015 ACVIM Small Animal Consensus Statement on Seizure Management in Dogs,有,79761,
ACVIM-CONSENSUS,acvim/ACVIM-2018-犬猫莱姆病-更新共识.xml,XML,,ACVIM consensus update on Lyme borreliosis in dogs and cats,有,100550,
ACVIM-CONSENSUS,acvim/ACVIM-2018-系统性高血压-识别评估与管理.xml,XML,,"ACVIM consensus statement: Guidelines for the identification, evaluation, and management of systemic hypertension in dog",有,118613,
ACVIM-CONSENSUS,acvim/ACVIM-2018-细胞毒化疗药物安全使用.xml,XML,,ACVIM small animal consensus statement on safe use of cytotoxic chemotherapeutics in veterinary practice,有,55736,
ACVIM-CONSENSUS,acvim/ACVIM-2018-胃肠道保护剂合理使用.xml,XML,,ACVIM consensus statement: Support for rational administration of gastrointestinal protectants to dogs and cats,有,113176,
ACVIM-CONSENSUS,acvim/ACVIM-2019-免疫介导性溶血性贫血-治疗.xml,XML,,ACVIM consensus statement on the treatment of immune‐mediated hemolytic anemia in dogs,有,129750,
ACVIM-CONSENSUS,acvim/ACVIM-2019-免疫介导性溶血性贫血-诊断.xml,XML,,ACVIM consensus statement on the diagnosis of immune‐mediated hemolytic anemia in dogs and cats,有,117531,
ACVIM-CONSENSUS,acvim/ACVIM-2019-犬慢性肝炎诊断与治疗.xml,XML,,ACVIM consensus statement on the diagnosis and treatment of chronic hepatitis in dogs,有,169779,
ACVIM-CONSENSUS,acvim/ACVIM-2020-心肌病分类诊断与管理.xml,XML,,"ACVIM consensus statement guidelines for the classification, diagnosis, and management of cardiomyopathies in cats",有,87391,
ACVIM-CONSENSUS,acvim/ACVIM-2020-肺动脉高压.xml,XML,,"ACVIM consensus statement guidelines for the diagnosis, classification, treatment, and monitoring of pulmonary hypertens",有,133858,
ACVIM-CONSENSUS,acvim/ACVIM-2021-猫胰腺炎共识.xml,XML,,ACVIM consensus statement on pancreatitis in cats,有,120016,
ACVIM-CONSENSUS,acvim/ACVIM-2022-犬慢性肠病-现状综述.xml,XML,,Canine chronic enteropathy—Current state-of-the-art and emerging concepts,有,142673,
ACVIM-CONSENSUS,acvim/ACVIM-2022-犬胸腰段椎间盘突出-诊断与管理.xml,XML,,ACVIM consensus statement on diagnosis and management of acute canine thoracolumbar intervertebral disc extrusion,有,140861,
ACVIM-CONSENSUS,acvim/ACVIM-2023-犬钩端螺旋体病-更新共识.xml,XML,,Updated,有,105783,
ACVIM-CONSENSUS,acvim/ACVIM-2023-肝脏低级别肿瘤与炎症鉴别.xml,XML,,ACVIM consensus statement guidelines on diagnosing and distinguishing low‐grade neoplastic from inflammatory lymphocytic,有,115751,
ACVIM-CONSENSUS,acvim/ACVIM-2024-免疫性血小板减少症-治疗.xml,XML,,ACVIM consensus statement on the treatment of immune thrombocytopenia in dogs and cats,有,142771,
ACVIM-CONSENSUS,acvim/ACVIM-2024-免疫性血小板减少症-诊断.xml,XML,,,有,135560,
ACVIM-CONSENSUS,acvim/ACVIM-2024-犬尿失禁诊断与管理.xml,XML,,ACVIM consensus statement on diagnosis and management of urinary incontinence in dogs,有,113671,
ACVIM-CONSENSUS,acvim/ACVIM-2024-癫痫持续状态与集群发作.xml,XML,,ACVIM Consensus Statement on the management of status epilepticus and cluster seizures in dogs and cats,有,110986,
ACVIM-CONSENSUS,acvim/ACVIM-2026-慢性肠病诊断与治疗共识.xml,XML,,ACVIM–endorsed statement: consensus statement and systematic review on guidelines for the diagnosis and treatment of chr,有,146859,
SACN5 第1章,sacn5/chapters/SACN5_1.pdf,PDF,21,CLINICAL IMPORTANCE,有,14717,
SACN5 第10章,sacn5/chapters/SACN5_10.pdf,PDF,17,CLINICAL IMPORTANCE,有,15672,
SACN5 第11章,sacn5/chapters/SACN5_11.pdf,PDF,25,INTRODUCTION,有,13806,
SACN5 第12章,sacn5/chapters/SACN5_12.pdf,PDF,5,CLINICAL IMPORTANCE,有,13623,
SACN5 第13章,sacn5/chapters/SACN5_13.pdf,PDF,16,INTRODUCTION,有,14662,
SACN5 第14章,sacn5/chapters/SACN5_14.pdf,PDF,8,INTRODUCTION,有,14687,
SACN5 第15章,sacn5/chapters/SACN5_15.pdf,PDF,14,INTRODUCTION,有,13025,
SACN5 第16章,sacn5/chapters/SACN5_16.pdf,PDF,15,INTRODUCTION,有,11381,
SACN5 第17章,sacn5/chapters/SACN5_17.pdf,PDF,9,INTRODUCTION,有,14161,
SACN5 第18章,sacn5/chapters/SACN5_18.pdf,PDF,38,INTRODUCTION,有,13876,
SACN5 第19章,sacn5/chapters/SACN5_19.pdf,PDF,12,INTRODUCTION,有,12145,
SACN5 第2章,sacn5/chapters/SACN5_2.pdf,PDF,8,INTRODUCTION,有,13100,
SACN5 第20章,sacn5/chapters/SACN5_20.pdf,PDF,15,INTRODUCTION,有,13196,
SACN5 第21章,sacn5/chapters/SACN5_21.pdf,PDF,12,CLINICAL IMPORTANCE,有,12440,
SACN5 第22章,sacn5/chapters/SACN5_22.pdf,PDF,13,INTRODUCTION,有,14396,
SACN5 第23章,sacn5/chapters/SACN5_23.pdf,PDF,13,INTRODUCTION,有,12441,
SACN5 第24章,sacn5/chapters/SACN5_24.pdf,PDF,8,INTRODUCTION,有,14297,
SACN5 第25章,sacn5/chapters/SACN5_25.pdf,PDF,38,CLINICAL IMPORTANCE,有,15886,
SACN5 第26章,sacn5/chapters/SACN5_26.pdf,PDF,22,CLINICAL IMPORTANCE,有,12290,
SACN5 第27章,sacn5/chapters/SACN5_27.pdf,PDF,42,CLINICAL IMPORTANCE,有,15115,
SACN5 第28章,sacn5/chapters/SACN5_28.pdf,PDF,13,CLINICAL IMPORTANCE,有,11987,
SACN5 第29章,sacn5/chapters/SACN5_29.pdf,PDF,26,INTRODUCTION,有,14732,
SACN5 第3章,sacn5/chapters/SACN5_3.pdf,PDF,12,HEALTH LITERACY,有,14737,
SACN5 第30章,sacn5/chapters/SACN5_30.pdf,PDF,21,CLINICAL IMPORTANCE,有,14118,
SACN5 第31章,sacn5/chapters/SACN5_31.pdf,PDF,28,CLINICAL IMPORTANCE,有,14722,
SACN5 第32章,sacn5/chapters/SACN5_32.pdf,PDF,29,CLINICAL IMPORTANCE,有,12595,
SACN5 第33章,sacn5/chapters/SACN5_33.pdf,PDF,27,The Dance of the Solids,有,11497,
SACN5 第34章,sacn5/chapters/SACN5_34.pdf,PDF,19,CLINICAL IMPORTANCE,有,12881,
SACN5 第35章,sacn5/chapters/SACN5_35.pdf,PDF,16,CLINICAL IMPORTANCE,有,15839,
SACN5 第36章,sacn5/chapters/SACN5_36.pdf,PDF,31,CLINICAL IMPORTANCE,有,16406,
SACN5 第37章,sacn5/chapters/SACN5_37.pdf,PDF,46,INTRODUCTION,有,13519,
SACN5 第38章,sacn5/chapters/SACN5_38.pdf,PDF,20,CLINICAL IMPORTANCE,有,15127,
SACN5 第39章,sacn5/chapters/SACN5_39.pdf,PDF,21,TERMINOLOGY,有,12059,
SACN5 第4章,sacn5/chapters/SACN5_4.pdf,PDF,6,INTRODUCTION,有,12547,
SACN5 第40章,sacn5/chapters/SACN5_40.pdf,PDF,16,OVERVIEW,有,12402,
SACN5 第41章,sacn5/chapters/SACN5_41.pdf,PDF,10,Uroliths composed predominantly of calcium phosphate have,有,14364,
SACN5 第42章,sacn5/chapters/SACN5_42.pdf,PDF,10,INTRODUCTION,有,13206,
SACN5 第43章,sacn5/chapters/SACN5_43.pdf,PDF,24,"Currently, the second most common type of mineral encountered",有,13929,
SACN5 第44章,sacn5/chapters/SACN5_44.pdf,PDF,6,TERMINOLOGY,有,14028,
SACN5 第45章,sacn5/chapters/SACN5_45.pdf,PDF,3,Compound uroliths (nucleus composed of one mineral type,有,9789,
SACN5 第46章,sacn5/chapters/SACN5_46.pdf,PDF,52,CLINICAL IMPORTANCE,有,12208,
SACN5 第47章,sacn5/chapters/SACN5_47.pdf,PDF,24,INTRODUCTION,有,11921,
SACN5 第48章,sacn5/chapters/SACN5_48.pdf,PDF,4,CLINICAL IMPORTANCE,有,14855,
SACN5 第49章,sacn5/chapters/SACN5_49.pdf,PDF,3,CLINICAL IMPORTANCE,有,12449,
SACN5 第5章,sacn5/chapters/SACN5_5.pdf,PDF,57,INTRODUCTION,有,9887,
SACN5 第50a章,sacn5/chapters/SACN5_50a.pdf,PDF,10,CLINICAL IMPORTANCE,有,10505,
SACN5 第51章,sacn5/chapters/SACN5_51.pdf,PDF,2,CLINICAL IMPORTANCE,有,4445,
SACN5 第52章,sacn5/chapters/SACN5_52.pdf,PDF,8,CLINICAL IMPORTANCE,有,14164,
SACN5 第53章,sacn5/chapters/SACN5_53.pdf,PDF,7,CLINICAL IMPORTANCE,有,14296,
SACN5 第54章,sacn5/chapters/SACN5_54.pdf,PDF,6,CLINICAL IMPORTANCE,有,11319,
SACN5 第55章,sacn5/chapters/SACN5_55.pdf,PDF,5,CLINICAL IMPORTANCE,有,10528,
SACN5 第56章,sacn5/chapters/SACN5_56.pdf,PDF,11,CLINICAL IMPORTANCE,有,12477,
SACN5 第57章,sacn5/chapters/SACN5_57.pdf,PDF,12,CLINICAL IMPORTANCE,有,12795,
SACN5 第58章,sacn5/chapters/SACN5_58.pdf,PDF,7,CLINICAL IMPORTANCE,有,13056,
SACN5 第59章,sacn5/chapters/SACN5_59.pdf,PDF,8,CLINICAL IMPORTANCE,有,12350,
SACN5 第6章,sacn5/chapters/SACN5_6.pdf,PDF,42,MINERALS,有,13163,
SACN5 第60章,sacn5/chapters/SACN5_60.pdf,PDF,5,CLINICAL IMPORTANCE,有,13809,
SACN5 第61章,sacn5/chapters/SACN5_61.pdf,PDF,2,CLINICAL IMPORTANCE,有,2518,
SACN5 第62章,sacn5/chapters/SACN5_62.pdf,PDF,9,CLINICAL IMPORTANCE,有,14212,
SACN5 第63章,sacn5/chapters/SACN5_63.pdf,PDF,5,CLINICAL IMPORTANCE,有,14376,
SACN5 第64章,sacn5/chapters/SACN5_64.pdf,PDF,10,CLINICAL IMPORTANCE,有,15272,
SACN5 第65章,sacn5/chapters/SACN5_65.pdf,PDF,7,CLINICAL IMPORTANCE,有,13707,
SACN5 第66章,sacn5/chapters/SACN5_66.pdf,PDF,8,CLINICAL IMPORTANCE,有,13360,
SACN5 第67章,sacn5/chapters/SACN5_67.pdf,PDF,11,CLINICAL IMPORTANCE,有,14947,
SACN5 第68章,sacn5/chapters/SACN5_68.pdf,PDF,38,CLINICAL IMPORTANCE,有,12154,
SACN5 第69章,sacn5/chapters/SACN5_69.pdf,PDF,18,INTRODUCTION,有,9798,
SACN5 第7章,sacn5/chapters/SACN5_7.pdf,PDF,7,INTRODUCTION,有,11918,
SACN5 第70章,sacn5/chapters/SACN5_70.pdf,PDF,22,CLINICAL IMPORTANCE,有,14789,
SACN5 第71章,sacn5/chapters/SACN5_71.pdf,PDF,18,INTRODUCTION,有,13670,
SACN5 第72章,sacn5/chapters/SACN5_72.pdf,PDF,15,INTRODUCTION,有,11978,
SACN5 第8章,sacn5/chapters/SACN5_8.pdf,PDF,34,INTRODUCTION,有,14339,
SACN5 第9章,sacn5/chapters/SACN5_9.pdf,PDF,16,INTRODUCTION,有,14287,
AAHA,aaha/AAHA-2010-Nutritional-Assessment-Guidelines.pdf,PDF,12,AAHA Nutritional Assessment,有,9361,
AAHA,aaha/AAHA-2014-Weight-Management-Guidelines.pdf,PDF,11,VETERINARY PRACTICE GUIDELINES,有,13913,
AAHA,aaha/AAHA-2014-Weight-Management-Implementation-Toolkit.pdf,PDF,24,IMPLEMENTATION,有,4750,
AAHA,aaha/AAHA-2019-Canine-Life-Stage-Guidelines.pdf,PDF,24,VETERINARY PRACTICE GUIDELINES,有,16826,
AAHA,aaha/AAHA-2019-Dental-Care-Guidelines-mirror.pdf,PDF,1,The 2019 AAHA Dental Care Guidelines for Dogs and Cats are,有,1704,
AAHA,aaha/AAHA-2019-Dental-Care-Guidelines.pdf,PDF,21,VETERINARY PRACTICE GUIDELINES,有,15412,
AAHA,aaha/AAHA-2021-Nutrition-and-Weight-Management-Guidelines.pdf,PDF,22,2021 AAHA Nutrition and Weight Management,有,12739,
AAHA,aaha/AAHA-2022-Canine-Vaccination-Guidelines-2024update.pdf,PDF,16,This toolkit is made possible with,有,3398,
AAHA,aaha/AAHA-2023-Senior-Care-Toolkit.pdf,PDF,12,TOOLKIT,有,7219,
WSAVA,wsava/gastrointestinal/forms/Final_Lower_Endoscopy_Report_Form.pdf,PDF,2,ENDOSCOPIC EXAMINATION REPORT: LOWER GI ENDOSCOPY,有,3612,
WSAVA,wsava/gastrointestinal/forms/Final_Upper_Endoscopy_Report_Form.pdf,PDF,2,ENDOSCOPIC EXAMINATION REPORT: UPPER GI ENDOSCOPY,有,3304,
WSAVA-WELFARE,wsava/welfare/PWG-福祉提示.pdf,PDF,1,Creating a Culture of Wellbeing in Your Practice,有,2482,
WSAVA-WELFARE,wsava/welfare/WSAVA-Animal-Welfare-Guidelines-2018.pdf,PDF,80,WSAVA Animal Welfare Guidelines,有,9661,
WSAVA-WELFARE,wsava/welfare/WSAVA_Animal_Welfare_Charter_Feb-2020.pdf,PDF,3,January 2020,有,2207,
WSAVA-RENAL,wsava/renal/Renal-Standardization-Brochure.pdf,PDF,2,,无（疑似扫描件）,0,
WSAVA-REPRO,wsava/reproduction/Executive-Summary.pdf,PDF,9,"77 King Street West, Suite 3720 | Toronto, Ontario M5K 1H1",有,9987,
WSAVA-REPRO,wsava/reproduction/J-of-Small-Animal-Practice-2024-Romagnoli-WSAVA-guidelines-for-the-control-of-reproduction-in-dogs-and-cats.pdf,PDF,136,Journal of Small Animal Practice • © 2024 World Small Animal Veterinary Association (WSAVA). Published in Journal of Sma,有,8541,
WSAVA-REPRO,wsava/reproduction/WSAVA犬猫生殖管理指南-中文版.pdf,PDF,174,WSAVA 犬猫生殖管理指南,有,4212,
WSAVA-VACC,wsava/vaccination/WSAVA-2015疫苗接种指南-中文.pdf,PDF,45,犬猫免疫指导手册,有,1917,
WSAVA-VACC,wsava/vaccination/WSAVA-Vaccination-Guidelines-2015.pdf,PDF,45,http://www.bsava.com/,有,7862,
WSAVA-VACC,wsava/vaccination/WSAVA-Vaccination-guidelines-2024.pdf,PDF,40,Journal of Small Animal Practice • © 2024 WSAVA,有,10119,
WSAVA-HEREDITARY,wsava/hereditary/WSAVA-Hereditary-Disease-Committee-Position-Paper-HDC-Edited.pdf,PDF,2,The Role of Health-Conscious Breeding and Genetic Testing in Reducing the Impact,有,3956,
WSAVA-NUTRITION,wsava/nutrition/Body-Condition-Score-Cat-2025.pdf,PDF,1,Body Condition Score,有,1866,
WSAVA-NUTRITION,wsava/nutrition/Body-Condition-Score-Dog-2025.pdf,PDF,1,Body Condition Score,有,2070,
WSAVA-NUTRITION,wsava/nutrition/Calorie-Needs-Healthy-Adult-Cats-2020.pdf,PDF,1,Calorie Needs for an,有,887,
WSAVA-NUTRITION,wsava/nutrition/Calorie-Needs-Healthy-Adult-Dogs-2020.pdf,PDF,1,Calorie Ranges for an,有,1506,
WSAVA-NUTRITION,wsava/nutrition/Diet-History-Form.pdf,PDF,1,© World Small Animal Veterinary Association (WSAVA) 2013. All rights reserved.,有,2330,
WSAVA-NUTRITION,wsava/nutrition/Feeding-Guide-Hospitalized-Dogs-Cats.pdf,PDF,2,wsava.org,有,2560,
WSAVA-NUTRITION,wsava/nutrition/Feeding-Instructions-Monitoring-Chart-Hospitalized-Patients.pdf,PDF,2,Feeding Instructions,有,1792,
WSAVA-NUTRITION,wsava/nutrition/Global-Nutritional-Assesment-Guidelines-Chinese.pdf,PDF,27,WSAVA 全球營養準則,有,1890,
WSAVA-NUTRITION,wsava/nutrition/Guide-to-Treats-Cats-2025.pdf,PDF,4,What are treats?,有,5006,
WSAVA-NUTRITION,wsava/nutrition/Guide-to-Treats-Dogs-2025.pdf,PDF,4,What are treats?,有,5020,
WSAVA-NUTRITION,wsava/nutrition/Implementing-WSAVA-Nutrition-Guidelines.pdf,PDF,2,How do you incorporate the nutritional,有,2583,
WSAVA-NUTRITION,wsava/nutrition/Interpreting-Food-Labels-2025.pdf,PDF,1,NORTH AMERICA,有,2948,
WSAVA-NUTRITION,wsava/nutrition/Muscle-Condition-Score-Cat.pdf,PDF,1,,无（疑似扫描件）,0,
WSAVA-NUTRITION,wsava/nutrition/Muscle-Condition-Score-Dog.pdf,PDF,1,"© Copyright Tufts University, 2013. Used with permission",有,963,
WSAVA-NUTRITION,wsava/nutrition/Nutritional-Assessment-Checklist.pdf,PDF,2,wsava.org,有,6839,
WSAVA-NUTRITION,wsava/nutrition/Principles-of-Wellness-2025.pdf,PDF,20,Principles,有,6708,
WSAVA-NUTRITION,wsava/nutrition/Quick-Tips-Implementing-WSAVA-Nutrition-Guidelines.pdf,PDF,14,Tips for,有,2357,
WSAVA-NUTRITION,wsava/nutrition/Raw-Meat-Based-Diets-for-Pets-2021.pdf,PDF,1,WSAVA Global Nutrition Committee:,有,3782,
WSAVA-NUTRITION,wsava/nutrition/SOP-for-Use-of-WSAVA-GNC-Toolkits-v4.pdf,PDF,2,SOP for use of the WSAVA GNC,有,2787,
WSAVA-NUTRITION,wsava/nutrition/Selecting-a-Pet-Food-2021.pdf,PDF,1,WSAVA Global Nutrition Committee:,有,4871,
WSAVA-NUTRITION,wsava/nutrition/WSAVA-Nutrition-Assessment-Guidelines-2011-JSAP.pdf,PDF,12,Journal of Small Animal Practice • Vol 00 • June 2011 • © 2011 WSAVA,有,10231,
WSAVA-NUTRITION,wsava/nutrition/manifest.csv,CSV,,"filename,size_bytes,sha256 Body-Condition-Score-Cat-2025.pdf,5892887,a8a8cedeb88",有,2368,
WSAVA-DENTAL,wsava/dental/GDC-Oral-Cancer.pdf,PDF,2,"Visit your vet immediately, if you notice:",有,1888,
WSAVA-DENTAL,wsava/dental/GDC-Toothbrushing-Toolkit-1.pdf,PDF,2,"Periodontal disease is the most common medical issue in cats and dogs, with current studies showing",有,4961,
WSAVA-DENTAL,wsava/dental/WSAVA-Global-Dental-Guidelines-JSAPMandarin.pdf,PDF,127,世界小動物獸醫協會,有,2473,
WSAVA-PAIN-2022,wsava/pain/WSAVA-2022疼痛识别评估和治疗指南-中文.pdf,PDF,42,扫码了解更多,无（疑似扫描件）,71,
WSAVA-PAIN-2022,wsava/pain/topic-sheets/Caesarean-section.pdf,PDF,2,"The following pain management protocol is tiered to ensure a global relevance, recognizing that not all",有,7621,
WSAVA-PAIN-2022,wsava/pain/topic-sheets/Cancer-Pain.pdf,PDF,1,"The following pain management protocol is tiered to ensure a global relevance, recognizing that not all",有,4181,
WSAVA-PAIN-2022,wsava/pain/topic-sheets/Degenerative-joint-disease.pdf,PDF,1,© World Small Animal Veterinary Association. Adapted from,有,3668,
WSAVA-PAIN-2022,wsava/pain/topic-sheets/Pregnant-or-lactating-patients.pdf,PDF,1,© World Small Animal Veterinary Association. Adapted from,有,6111,
WSAVA-PAIN-2022,wsava/pain/topic-sheets/WSAVA-Global-Pain-Council-Perceived-levels-of-pain.pdf,PDF,1,© World Small Animal Veterinary Association. Adapted from,有,3168,
WSAVA-POSITION,wsava/position-statements/WSAVA-OneHealth-肥胖预防.pdf,PDF,3,EDITORIAL,有,10740,
WSAVA-POSITION,wsava/position-statements/WSAVA-微芯片与肿瘤立场声明.pdf,PDF,4,Microchip Safety and Efficacy,有,7943,
