来源ID,相对路径,字节,SHA256,说明
AAHA,aaha/AAHA-2010-Nutritional-Assessment-Guidelines.pdf,518460,cedf5609ab738aa4a51d39a8f1c72839f5aab56b1aaf3586251e150fcba2606d,
AAHA,aaha/AAHA-2014-Weight-Management-Guidelines.pdf,613354,89df89b05d080258fe89d1f6019c6326fd5cf52b435bd6e8e143a5612d5aff29,
AAHA,aaha/AAHA-2014-Weight-Management-Implementation-Toolkit.pdf,4672327,4737126313c8467397cc6ff563f50deb7d245ec76caed3e0b5e4fa927107593c,
AAHA,aaha/AAHA-2019-Canine-Life-Stage-Guidelines.pdf,2526952,90bae15fbdfa3c080dda278a0f3ba79ec52993203fa7cf51fb8efa32cd130ec5,
AAHA,aaha/AAHA-2019-Dental-Care-Guidelines-mirror.pdf,544682,b687c5938eaef15207ee81fca907f9f7c06ab3a7f54e89794bb1ab5be6bfd07e,
AAHA,aaha/AAHA-2019-Dental-Care-Guidelines.pdf,4048911,bfc30e6457097881f9e59a8f779a5dbae254d364d3f58bf5eca156492c1d16b9,
AAHA,aaha/AAHA-2021-Nutrition-and-Weight-Management-Guidelines.pdf,3269573,df542584fa12b1e10ecf8aa61f6ef625e12bb53122354bd0109d64ab9837ccdc,
AAHA,aaha/AAHA-2022-Canine-Vaccination-Guidelines-2024update.pdf,5507872,6ccd89577f12cd002b02ba3c26ab1a628901afe237f039fe528c18ccc6c0ce03,
AAHA,aaha/AAHA-2023-Senior-Care-Toolkit.pdf,4807731,6299dfb4e596974d896f1ef4bc856164aa04ac37065e479b56f16840637489f3,
ACVIM,acvim/ACVIM-2010-钩端螺旋体病-历史版本.xml,200330,b179a8bdd1b36f798230c14501946c72219c51eb1c2106ab973b5708237b2266,"2010 ACVIM Small Animal Consensus Statement on Leptospirosis: Diagnosis, Epidemiology, Treatment, and Prevention"
ACVIM,acvim/ACVIM-2015-心血管-肾脏轴疾病.xml,231855,245a6b006cc602b725be6638b0f97ca3e2f0f0438d7dd1c0c74241b0388fd146,Cardiovascular–renal axis disorders in the domestic dog and cat: a veterinary consensus statement
ACVIM,acvim/ACVIM-2015-治疗性抗菌药使用与耐药性.xml,146062,ebf9ef83f3703060b2023ab3d03b7c5655219de256b761e56f92a264835de73c,
ACVIM,acvim/ACVIM-2015-犬癫痫管理.xml,209953,7fd3d6b7b04df1268a9d0ad456ceccfa0f4a2d971d1f80fdf598cadc9457320f,2015 ACVIM Small Animal Consensus Statement on Seizure Management in Dogs
ACVIM,acvim/ACVIM-2018-犬猫莱姆病-更新共识.xml,276548,5151b0df70cded801971f780412c3053e0b91bdd361562d051c892518203b870,ACVIM consensus update on Lyme borreliosis in dogs and cats
ACVIM,acvim/ACVIM-2018-系统性高血压-识别评估与管理.xml,397269,3d81e4e0d8cabab5988c8694d0c4e7c126067fa0eb9ce2933856a6819c807557,"ACVIM consensus statement: Guidelines for the identification, evaluation, and management of systemic hypertension in dog"
ACVIM,acvim/ACVIM-2018-细胞毒化疗药物安全使用.xml,122315,84d18f6c20fe412f3b82b0fafdab6cce67769bc351230183ba5eb1826dd6b9ca,ACVIM small animal consensus statement on safe use of cytotoxic chemotherapeutics in veterinary practice
ACVIM,acvim/ACVIM-2018-胃肠道保护剂合理使用.xml,347682,6fcad42ab6e116ca9fbe6e121363c4af5b5d7c74d50963f117a408871c2ceba8,ACVIM consensus statement: Support for rational administration of gastrointestinal protectants to dogs and cats
ACVIM,acvim/ACVIM-2019-免疫介导性溶血性贫血-治疗.xml,377847,b3a6ec4155f6af0045fcd36af82c7f33623e9c5bdefe6fc0373f0e8d45aaa363,ACVIM consensus statement on the treatment of immune‐mediated hemolytic anemia in dogs
ACVIM,acvim/ACVIM-2019-免疫介导性溶血性贫血-诊断.xml,350194,0ecb0e3640e401fb34a87ebc988c5a39a1a548a501e1054402888280fe00f7d4,ACVIM consensus statement on the diagnosis of immune‐mediated hemolytic anemia in dogs and cats
ACVIM,acvim/ACVIM-2019-犬慢性肝炎诊断与治疗.xml,513137,fd34a88e55a0a582fe5bf35e4b90720c8281d3dabf8e7bea76851aa9e0ae2c08,ACVIM consensus statement on the diagnosis and treatment of chronic hepatitis in dogs
ACVIM,acvim/ACVIM-2020-心肌病分类诊断与管理.xml,240629,9873e073fa3b16e5a0b5620d7992c919757ffdba83e30fe3d3fc077c6c4e8a41,"ACVIM consensus statement guidelines for the classification, diagnosis, and management of cardiomyopathies in cats"
ACVIM,acvim/ACVIM-2020-肺动脉高压.xml,390816,c091eaa80a45ac7572eaf3a5e9e5f2911c760b8cc3a78c130d3d16d5cd73b66c,"ACVIM consensus statement guidelines for the diagnosis, classification, treatment, and monitoring of pulmonary hypertens"
ACVIM,acvim/ACVIM-2021-猫胰腺炎共识.xml,313389,bf1e93e64a952519f304d2d68538f285af97609319d07627c68ffb8781784865,ACVIM consensus statement on pancreatitis in cats
ACVIM,acvim/ACVIM-2022-犬慢性肠病-现状综述.xml,364461,a85aab58b8d78da1ec09bb28f0f0d1eb3ede9255b006ae5089e33b68a5d085f9,Canine chronic enteropathy—Current state-of-the-art and emerging concepts
ACVIM,acvim/ACVIM-2022-犬胸腰段椎间盘突出-诊断与管理.xml,437979,4c5cb4d08cecb6b953ccd9ae8e126a0017687ec3a00861f1b9f8df720eae2a49,ACVIM consensus statement on diagnosis and management of acute canine thoracolumbar intervertebral disc extrusion
ACVIM,acvim/ACVIM-2023-犬钩端螺旋体病-更新共识.xml,266694,6fe9085f37febef70c5a9eaf58f3381e4b80f1b9fa70fd58513acabe40db44be,Updated
ACVIM,acvim/ACVIM-2023-肝脏低级别肿瘤与炎症鉴别.xml,343775,8db95d19194090c54580c15fc1653e2e9f1ffa991ba394063efce22e426de4a5,ACVIM consensus statement guidelines on diagnosing and distinguishing low‐grade neoplastic from inflammatory lymphocytic
ACVIM,acvim/ACVIM-2024-免疫性血小板减少症-治疗.xml,346308,73771b82eb739a9b70561960f3fefc49cf3ca84458976a1a2e571a6b8c51644c,ACVIM consensus statement on the treatment of immune thrombocytopenia in dogs and cats
ACVIM,acvim/ACVIM-2024-免疫性血小板减少症-诊断.xml,363746,6113e6e19f302ceaa158cfb2b84c850ddee9db50cb9360ed7436b1600c21c269,
ACVIM,acvim/ACVIM-2024-犬尿失禁诊断与管理.xml,293329,a1728c87dab1ce09d5c37ace53f77655ef6874167ce475b5a9e00877f89b6f5a,ACVIM consensus statement on diagnosis and management of urinary incontinence in dogs
ACVIM,acvim/ACVIM-2024-癫痫持续状态与集群发作.xml,331064,4f4aa80b0abb11e03062f0c54aaf4c70c7e416568970250a30a56f1ff130c9dc,ACVIM Consensus Statement on the management of status epilepticus and cluster seizures in dogs and cats
ACVIM,acvim/ACVIM-2026-慢性肠病诊断与治疗共识.xml,410960,83232b6bb12f51e8c0dc2220ac9b998c2cb15546531b7b57ebee9d35915816fd,ACVIM–endorsed statement: consensus statement and systematic review on guidelines for the diagnosis and treatment of chr
CN-REG,cn-regulation/中华人民共和国动物防疫法-全国人大公报版.pdf,11529950,fa53ce73ca47543057d707af59e8efb72081b231551d6df2a978dbbf1a76b8ad,
CN-REG,cn-regulation/狂犬病防治技术规范-中国动物疫病预防控制中心.pdf,300223,e7f2d61f4fc957bb15ea293efad304bb14dc4412bfa210c9c1db009cd544c408,
FEDIAF,fediaf/FEDIAF-Nutritional-Guidelines_2025-ONLINE.pdf,2282715,0650ad067b3633beae7c3fc1703ff1b69d3e22560483153b336b029b3429e046,
IRIS,iris/IRIS-AKI-Grading_2026.pdf,318004,8b498a3bdbc8d53cab846e650ea73ce226289f6127621ad0fb32228eb25cb4ce,
IRIS,iris/IRIS-DOG-Treatment_Recommendations_may-2026.pdf,423491,b294cd7c87146819c552d6c7ec00b00bae11916ebba1ace44277d217ef334714,
IRIS,iris/IRIS_CAT_Treatment_Recommendations_-2026.pdf,235091,886d3c7b11fa719bcaacde4a965e4d1bf3de37b1d72e9641f491958677186c9c,
IRIS,iris/IRIS_Pocket_Guide_to_CKD_June-2026-cn6g.pdf,545317,4e1a1397f74bf42dbc19ac5d950227336efba3ef589d5774a5fc45d9b79ba00e,
IRIS,iris/IRIS_staging_guidelines-2026.pdf,298110,894e86e0dc27a8f9d5c63e91cd344cd7174ec0617b89d7b5a46c7c3733f4d59b,
MERCK,merck/临床生化.html,347342,f65cb34f2f3c935ac22bfd32bf1e68d3ea24d6618985690fe1243b239499e7ac,网页存档（原始 HTML）
MERCK,merck/临床生化.txt,26391,7334b23c6ef648e98bff9474d9fb663f73dab3fc431500b15b6cea8388c78b4a,网页正文文本版
MERCK,merck/临床血液学.html,354188,8bf92beff7cd61d9e9e28ef08b8bc0ad7f1d06242512cbe3ab2a3fbccc5ebeab,网页存档（原始 HTML）
MERCK,merck/临床血液学.txt,22056,83e35c9362c681b315647ecdb0882c42ff445a5e92403100f9e25afb7660e026,网页正文文本版
MERCK,merck/皮肤病维生素与矿物质.html,226616,43b70d620907e914ac8ca682294a480d00a1d32d0391c411395bf74bb155cbd0,网页存档（原始 HTML）
MERCK,merck/皮肤病维生素与矿物质.txt,4100,ee9b8f606749cbd2a9b296361777dec495c6520b40d704f53defc4e98f09bcb0,网页正文文本版
MERCK,merck/肝功能检查.html,244674,0fef53ead0aeeeef2e9ff461c42b7b19700340a5dc7a38b590bb677c6103874c,网页存档（原始 HTML）
MERCK,merck/肝功能检查.txt,9499,e7c572e233c6522da7b0f06028d97cb26c811241bbb46ea4bc35dc967140ced8,网页正文文本版
MERCK,merck/营养性皮肤病.html,316253,eb4d1e592dd50f6a288ecab5046d74d4ea977b3730ad607bda47452cbedaec93,网页存档（原始 HTML）
MERCK,merck/营养性皮肤病.txt,8108,b1102f4f04a2137784de6c76fd626f1c8a39f0a8c9e87e8e26b7c77ed9c6ee13,网页正文文本版
NRC,nrc/NRC-2006-Nutrient-Requirements-Dogs-Cats.epub,20274424,810360be08648ad7f84c4c4b974cb62b94b4d9c041b8595284826f93106a3f6d,
SACN5,sacn5/chapters/SACN5_1.pdf,7167255,d1a46084d11d494434fd9b2748a1d52275b968a94c415342b54d16d1b5bb7f09,
SACN5,sacn5/chapters/SACN5_10.pdf,1320186,7abd0d9d1dbb046de340ef8c68c0b7bce5b605bc05347a80cf5147a812099685,
SACN5,sacn5/chapters/SACN5_11.pdf,3967948,5a05fe19271da6a18b05d03c4be68847237903900f3b79a801d4aa4884d33538,
SACN5,sacn5/chapters/SACN5_12.pdf,2915333,37d58710610ccdb94ca4b6d1447681ea66fc09243757e37b0d18c74898c8d91f,
SACN5,sacn5/chapters/SACN5_13.pdf,1783321,60b149001a172040e914e3d96eff9753ba3b2a22ad0e8db64af93f49d610b9c4,
SACN5,sacn5/chapters/SACN5_14.pdf,1685131,f100cbff9258d617ce68b143b691949bc3f8ddee0b6f6cdcb16e87184d1fa649,
SACN5,sacn5/chapters/SACN5_15.pdf,1774529,e2d5aa2e5eb59bf454e9601f10077ff645fe948cb7386cbe74fa7b7d26d493ed,
SACN5,sacn5/chapters/SACN5_16.pdf,3387179,fa7b6e4b69adfc6175910c523c5d611808e5245e2a986f6b1edab208f01345c2,
SACN5,sacn5/chapters/SACN5_17.pdf,1695296,8db05cb4c1d80e0b534daa8ee73f3328881c0b71c512b25d13b6922abb4a954c,
SACN5,sacn5/chapters/SACN5_18.pdf,7118691,3f703f2139c5553d5b735a89211625181f2143117f7b960459ad5f079774db5d,
SACN5,sacn5/chapters/SACN5_19.pdf,2331522,bb910c34cfa335b26b6e91f64b9e54624ca8ad2dbdfaf97398c8e63c3536fae8,
SACN5,sacn5/chapters/SACN5_2.pdf,1411257,2b4cefd8963ad3226c4719578835c1b5458304d8cf30390fd4a1add40d46659c,
SACN5,sacn5/chapters/SACN5_20.pdf,1591542,617f51f6e5bacf53f9f91c3901557041be95842ccc8ad5436e41637e2570c6b9,
SACN5,sacn5/chapters/SACN5_21.pdf,1566182,76c82463b84e8d658db02e9358615811f66a2dceefa0061f2010ebcdad72cb0b,
SACN5,sacn5/chapters/SACN5_22.pdf,1586393,603025669dc5b53805b59d71a23a8cc56d5e178b0837ebbf9951fdd54c32326b,
SACN5,sacn5/chapters/SACN5_23.pdf,4643582,2b9670231fdad52a55092fce7678264103055fa43a0905e7ec81e31ff7d04ef5,
SACN5,sacn5/chapters/SACN5_24.pdf,1565166,517731db4378307ad632effa6b3a74ad58a938efbb5c94983794eebec8c4e8d6,
SACN5,sacn5/chapters/SACN5_25.pdf,12261196,84aaa61d065748a21b5dda8434bd986e2043b1c86e38380bd98869ba44eafeef,
SACN5,sacn5/chapters/SACN5_26.pdf,3222229,ebb9b9bd46598ff3bb6ee9d81ea9fcf5ad84a8e8e6766261fcef11cf2abe209b,
SACN5,sacn5/chapters/SACN5_27.pdf,11057503,f493182d31e5e18eda934fe7e079e79e8dfecff9a217fa7035f5685232abe896,
SACN5,sacn5/chapters/SACN5_28.pdf,7371561,1681a5411cca041eafc3acb90cef3262b93be28f7eecf6f6662504c5c04215fc,
SACN5,sacn5/chapters/SACN5_29.pdf,2567091,f64fd3dce3d79fbb4467d8373e0ac03293f0c9a22de8e4ec57a04ed5b75e8313,
SACN5,sacn5/chapters/SACN5_3.pdf,1245495,485786b38a5c0e3c0922a4801fb5057d11ae87059bded2ca6ad4508743678df4,
SACN5,sacn5/chapters/SACN5_30.pdf,2762176,f3542d6d68b60cb412417256e7933ee10c3e75aa6e96bf672fe8674b16d6e851,
SACN5,sacn5/chapters/SACN5_31.pdf,8193526,83b92e535d78ac85e022aae5cf01d88c5f9b9fa292d31caa47d8afa2112965a4,
SACN5,sacn5/chapters/SACN5_32.pdf,5735960,a085216ba2a94892267e27bdccc004680374eaa6290a05c131f4748ebf0d45e9,
SACN5,sacn5/chapters/SACN5_33.pdf,15613305,d50989d7f50e85a39247426430e826436c75cc2bfcd56b1148c6d3a926dbaf8d,
SACN5,sacn5/chapters/SACN5_34.pdf,6383029,51630eb16fe5c4449faf7222b29b30fd64e21fa60edcd792339bed800accf779,
SACN5,sacn5/chapters/SACN5_35.pdf,7788570,d84846f9652cf6c3e07877ccd937e1891b7245333673f92963ce398de39afa2c,
SACN5,sacn5/chapters/SACN5_36.pdf,8273493,68071dbb980993e9a5098e828d79fd845ebeb3135787b8322dec77390d313aa3,
SACN5,sacn5/chapters/SACN5_37.pdf,11401897,0567c29562dea7b5d04753d11e02752281ed5b0dfff019feecd1cae2748b8bca,
SACN5,sacn5/chapters/SACN5_38.pdf,9189572,1661e0a1ac82366b9bf40921c15154365382a6c597d5fc22ec2c406962a067b8,
SACN5,sacn5/chapters/SACN5_39.pdf,5536407,8d61a3c346e7b0927f41ebdd07522816a86e3891b9b1dbe74e95eb49a8b659a3,
SACN5,sacn5/chapters/SACN5_4.pdf,3812412,1c92e407b95338fb23d64aab243b3ef5bf432cf6f8b9d5738cf05350a74cc91e,
SACN5,sacn5/chapters/SACN5_40.pdf,2315896,c4469607878b771187af9b8c93e8a62a38c8140724e40ef1b30c6ffd8f71ac57,
SACN5,sacn5/chapters/SACN5_41.pdf,1518998,c076c91372c86343c32984fa797a5e9bc2af5e1e7c485b31074dac8a89bb5200,
SACN5,sacn5/chapters/SACN5_42.pdf,2764034,72c345e3153538bbccac0d0e66654e0579eade9f138b25db3a139f3de69b46ae,
SACN5,sacn5/chapters/SACN5_43.pdf,11024896,559a19a83f9460c1c7d0a23db3c1b52ebff6aeff1e8dc01a48c2459a98049be0,
SACN5,sacn5/chapters/SACN5_44.pdf,1490151,ebe10e10bdfe1f845a5d8e0d7d1483937214cc68463037c5ceaa82d2fa05a2e4,
SACN5,sacn5/chapters/SACN5_45.pdf,2021125,3084c9241331c808fd43e6ed84050cd58599b2cd268959b2e0dfd98a73939f46,
SACN5,sacn5/chapters/SACN5_46.pdf,14105574,ce7bf11c8df7945b12c4e406299b60d7a894fe2d7c3ea11ab5f25e9030da5ab7,
SACN5,sacn5/chapters/SACN5_47.pdf,5603411,bbc813aa2254660b91a5c47e585065daa4f533b5d6d90a1d9d1c854c3037a9f2,
SACN5,sacn5/chapters/SACN5_48.pdf,1647331,e1f8033a5dca08c06058641fe83dd246a13aa48634db75b16e325721e1b44985,
SACN5,sacn5/chapters/SACN5_49.pdf,2400288,00a14f6a851816641a0b77f4cef64006dcf3958976e98fceefb85ff852f6c370,
SACN5,sacn5/chapters/SACN5_5.pdf,3557162,c51d248d21ae74181bccbc0fed2e0f34d135e037eaf171fe58fb53a74602f7f6,
SACN5,sacn5/chapters/SACN5_50a.pdf,5067544,1b369bd0e0faf32e84d6e2dad2e2efcf7a0e85e913ac59fa14aea0760c05a8b1,
SACN5,sacn5/chapters/SACN5_51.pdf,1594311,722663706bfeccaabc616c6d974bb7e141a730cc9ce9ec14b60a6ce34f6500c1,
SACN5,sacn5/chapters/SACN5_52.pdf,2002442,353e30934ec57a6db4bcb1c4e9ec901792c1e9ec24e5c80c1a2fc14b20a074bd,
SACN5,sacn5/chapters/SACN5_53.pdf,2294638,0c51d684761f608e243ae5c5d368fd95b273747c636005914be9d21d92ccaf13,
SACN5,sacn5/chapters/SACN5_54.pdf,3119516,a3a0827c32870b4153a30a0f82ef739c897a66bb65d9afc44e5520ef36f047ca,
SACN5,sacn5/chapters/SACN5_55.pdf,1661368,17f1f21b9e631610841d098bbc6c44b8a83ac77dd5b1e0fa9050e41f738790ad,
SACN5,sacn5/chapters/SACN5_56.pdf,1853869,03a1d6bbcf5a3686b8e062481ef490137a21f9da0a21405e500e285729aba945,
SACN5,sacn5/chapters/SACN5_57.pdf,2923175,5956cd3f31910d1f1e91989911a8be8431ec305feae92a83220626ea0d3e017a,
SACN5,sacn5/chapters/SACN5_58.pdf,2678826,8e97875c60e6497624f7c7f4584800996068c63f3791e8c54bcffeb145fc0f09,
SACN5,sacn5/chapters/SACN5_59.pdf,1713221,5ab9947651e8b01aea5301f8432e48f608294226d0711ed134bc2a0e6823b58a,
SACN5,sacn5/chapters/SACN5_6.pdf,1764919,c4fc34610036beef1156ae42e7ee8ba7481a585c4403a7bcc3bd03993be70e3e,
SACN5,sacn5/chapters/SACN5_60.pdf,1663188,222c683e4727b47d5b848c421ffa6ecd849caf238148d0f828e16bc8e081b050,
SACN5,sacn5/chapters/SACN5_61.pdf,1598041,acbad89573d844ea9e5f177694cfa02bd2768c9920beaefbfdcf108208e43fe0,
SACN5,sacn5/chapters/SACN5_62.pdf,1695445,e527d026fee4afb332a29aff44a8db33bc05c2653b65e18ce13e70c6273bfc90,
SACN5,sacn5/chapters/SACN5_63.pdf,1651432,98492141bb2af1abf730a04976876a967d4ccdcbada57c431ed7f977f06840e2,
SACN5,sacn5/chapters/SACN5_64.pdf,1746914,a4e93f5c51ce37274063e1a0f5a09ba3aae0e1fc44ecf525c41ba00a5bfaa272,
SACN5,sacn5/chapters/SACN5_65.pdf,1687316,a8205dbe17f56dda6809ddb4cd9250045a7e499563b74acc0ca388a20773f3d0,
SACN5,sacn5/chapters/SACN5_66.pdf,1919172,dc4dd02dace1dd5afebc2021a039df3b8b2de0582fb98071373ab8e6609eac18,
SACN5,sacn5/chapters/SACN5_67.pdf,2018469,cad37514033f4659cbb92238747f2b4adc217636976c969c7a0dd31f8b0cfc9e,
SACN5,sacn5/chapters/SACN5_68.pdf,12231313,5a6d22a07bb6579086eaef2c72d07f05412bbca73bc29594d3049092ee9f1906,
SACN5,sacn5/chapters/SACN5_69.pdf,1552602,2a26573c9e651bdf7934cc31739d6df71685f724bab4b0c67b1cd330e02e960b,
SACN5,sacn5/chapters/SACN5_7.pdf,1247587,8d272461110f6d74c215d4b93e36a3519874c33126cb75cc0c760e1faa2a2482,
SACN5,sacn5/chapters/SACN5_70.pdf,2436505,aa4a38859814af1ae1c9675bc17ed6fccf5e6cf73fdeef72cce0513976d692cc,
SACN5,sacn5/chapters/SACN5_71.pdf,8407305,db1a7b700d60f1ce7a536dfb294ae1260521ee0ee67fe6351b1d84eff377da1e,
SACN5,sacn5/chapters/SACN5_72.pdf,1295787,ee011be0c572cccda3597aa39095625775beaf41aa4f8cde6ac982dd1e6654d7,
SACN5,sacn5/chapters/SACN5_8.pdf,15376384,03dd9e0d1f0a735c9e81874a2e369d246cc6ee9cd458f1f54ea7c5b2b22893d7,
SACN5,sacn5/chapters/SACN5_9.pdf,7709474,87b4423bb9d6ffb9f75a2eb8a75ac0b0347cb673a628a9be044a0dfa9c8b37bf,
WSAVA-DENTAL,wsava/dental/GDC-Oral-Cancer.pdf,59865788,ffaae5fd02b02300d9ed403820e24dfcb7cfe4bc9f6120ecff45752dfabb5d56,
WSAVA-DENTAL,wsava/dental/GDC-Toothbrushing-Toolkit-1.pdf,440714,5c969353ee4ae9edf71a72cd47c81893826706c322ba9c6e542f09569ca1ca28,
WSAVA-DENTAL,wsava/dental/WSAVA-Global-Dental-Guidelines-JSAPMandarin.pdf,39201245,2da310b490d63cb1a831cc3c15e9874f5ce6f6e15d606e91a2c5f1c423087fb7,
WSAVA-GI,wsava/gastrointestinal/forms/Final_Lower_Endoscopy_Report_Form.pdf,66413,ff057ab19e299d98b1fa0cdc03a67d57ca2ae5a6251a587df1299e28947160b5,
WSAVA-GI,wsava/gastrointestinal/forms/Final_Upper_Endoscopy_Report_Form.pdf,64111,8bdc7fdc0f0aca698be4576a8e5f0ec4c6946402e5c4510dedad8d5eb9796dea,
WSAVA-HEREDITARY,wsava/hereditary/WSAVA-Hereditary-Disease-Committee-Position-Paper-HDC-Edited.pdf,110893,b10b7c5810de0c48a173d54bb4b8bca503eadec9b580496d8a3757576688efad,
WSAVA-NUTRITION,wsava/nutrition/Body-Condition-Score-Cat-2025.pdf,5892887,a8a8cedeb884c9572c5ff1d3a29e915b1b57c8137f2c95eac18a6057a4c318f6,
WSAVA-NUTRITION,wsava/nutrition/Body-Condition-Score-Dog-2025.pdf,5739899,5b2cf171672b9b3a77b8e184977fd3bcc6e1e7f56e8fecf6726f57cb3bb531f5,
WSAVA-NUTRITION,wsava/nutrition/Calorie-Needs-Healthy-Adult-Cats-2020.pdf,211017,64e70739330af299009dd398aef36455300c53cc3a1b1144073c8dc8a832baef,
WSAVA-NUTRITION,wsava/nutrition/Calorie-Needs-Healthy-Adult-Dogs-2020.pdf,221798,ba4bec361bcb40275ec349c24a055d63be94b83c1488797c64c8ac7003689321,
WSAVA-NUTRITION,wsava/nutrition/Diet-History-Form.pdf,541413,4aa67693305b37578aa74e31909f0f8397325d6c1a457c580d5540fe39b7de65,
WSAVA-NUTRITION,wsava/nutrition/Feeding-Guide-Hospitalized-Dogs-Cats.pdf,1113277,0dd89e6bc9bc51fbd2437d3327e7068d5bad1c807dec68b72823652cc0e82317,
WSAVA-NUTRITION,wsava/nutrition/Feeding-Instructions-Monitoring-Chart-Hospitalized-Patients.pdf,614788,5d4f320b5281ac6f54aaee26413cb5e66b36c7e0efc926cb60c5d280391952f4,
WSAVA-NUTRITION,wsava/nutrition/Global-Nutritional-Assesment-Guidelines-Chinese.pdf,1117411,c1b93d1e4cb40848b506ff52db71971ea57abf3cc702854544eec8ef251aa4fa,
WSAVA-NUTRITION,wsava/nutrition/Guide-to-Treats-Cats-2025.pdf,5623751,eeb91f6666e18a57f9becd0a55d8ac35ac598a72462c7091810e178cbdfae752,
WSAVA-NUTRITION,wsava/nutrition/Guide-to-Treats-Dogs-2025.pdf,2143206,8537db3560bc933fe5d62ab5b2f4899105b15b49763716a956fcc5a579cf5722,
WSAVA-NUTRITION,wsava/nutrition/Implementing-WSAVA-Nutrition-Guidelines.pdf,3776665,bce30493f6daf781d63c75cb06df37e0fef8cb13f88d814e07c9a5b70da850c8,
WSAVA-NUTRITION,wsava/nutrition/Interpreting-Food-Labels-2025.pdf,5646949,6d17b7d797734320d929ea5b1a75198e9b0b253d910fe2dbb7664c56c0fa64dd,
WSAVA-NUTRITION,wsava/nutrition/Muscle-Condition-Score-Cat.pdf,2140500,0e739f4ff7587a7a6109d1809bc2f14fce0c072891a8ff472c57e9bd100463c6,
WSAVA-NUTRITION,wsava/nutrition/Muscle-Condition-Score-Dog.pdf,515388,04e0a0541de2b64b292d37ced0603dabf53cc2edcceb7bd0705f6a1b750f15e0,
WSAVA-NUTRITION,wsava/nutrition/Nutritional-Assessment-Checklist.pdf,663198,eb468410b2bf3e6a363566a073466212a28d4f5fa681d0875ed957bc50ddc91c,
WSAVA-NUTRITION,wsava/nutrition/Principles-of-Wellness-2025.pdf,2052968,3b423c8493561735fa0a359461eb2e6c2d410223672c237ee9faa45acd8fc3b8,
WSAVA-NUTRITION,wsava/nutrition/Quick-Tips-Implementing-WSAVA-Nutrition-Guidelines.pdf,4180537,77782d42e5acfce739aed25378c6c7ac9b55a1f58969e37ee3ed9665873fefd8,
WSAVA-NUTRITION,wsava/nutrition/Raw-Meat-Based-Diets-for-Pets-2021.pdf,3285658,d9736d7be3dbf15324f2cafa91c3fb3c475edbf40c76ef0f39ce58a51039c2de,
WSAVA-NUTRITION,wsava/nutrition/SOP-for-Use-of-WSAVA-GNC-Toolkits-v4.pdf,450282,df2d57af5ba26a115fb7da569dc999f25d6fea69e71e42104a47bf14fc5b1f8c,
WSAVA-NUTRITION,wsava/nutrition/Selecting-a-Pet-Food-2021.pdf,2256752,007eb191826f686324d412f4bfe3c2b3c49139b3653236e017b03668586b5e27,
WSAVA-NUTRITION,wsava/nutrition/WSAVA-Nutrition-Assessment-Guidelines-2011-JSAP.pdf,866301,652cebc560db0dc76ac910deaf1388dc1f38786668409acaa6e290ec7cddbca3,
WSAVA-NUTRITION,wsava/nutrition/manifest.csv,2369,1d745dfecc4841399c8902c90b48c2d3bae6622fd9194fbbf419581a8de061e2,
WSAVA-PAIN,wsava/pain/WSAVA-2022疼痛识别评估和治疗指南-中文.pdf,66303427,1c9a738020b7c547ee455907a7fc945091d76d724464d41ea72e8f7615487a91,
WSAVA-PAIN,wsava/pain/topic-sheets/Caesarean-section.pdf,539073,03fc1b99fa351dbfe6c86eb94bceb7fe6b79486d118e0a101a3cd5eadc34cabb,
WSAVA-PAIN,wsava/pain/topic-sheets/Cancer-Pain.pdf,496797,c87414eb96f1274990aa0c7989933b4e66a81b6ef1c9a714dad2812bc985100b,
WSAVA-PAIN,wsava/pain/topic-sheets/Degenerative-joint-disease.pdf,131796,2542b473142f0025345cd997432cea48e187b2a2c5b169a063ac7e9a0f4b5a62,
WSAVA-PAIN,wsava/pain/topic-sheets/Pregnant-or-lactating-patients.pdf,130851,b2001f4ae9ad585cbf5f3db5682408e3702a3cf8a8ec60e847d71f36fd26dc47,
WSAVA-PAIN,wsava/pain/topic-sheets/WSAVA-Global-Pain-Council-Perceived-levels-of-pain.pdf,136268,69a1aadb56fed709a0b772551ed6408c3218091b71e14763256bdd5f8b63748c,
WSAVA-POSITION,wsava/position-statements/WSAVA-OneHealth-肥胖预防.pdf,208361,a699487abb9f9630907512dee3b808ac67bf73c12cdcf0980cad2a879dcf9e34,
WSAVA-POSITION,wsava/position-statements/WSAVA-微芯片与肿瘤立场声明.pdf,330673,2a560e11924302cf5c9ae5c5251b561b0390022914b3bd1c447f8bdf4e2236ae,
WSAVA-RENAL,wsava/renal/Renal-Standardization-Brochure.pdf,2163699,21a3cab0f4570323c138b4872ffa559c2ec32465461963dedf5761814068b38c,
WSAVA-REPRO,wsava/reproduction/Executive-Summary.pdf,256777,e5d1c7a8dad586b282ef49b9d7705cca18d46456738e681111066fffeb24116b,
WSAVA-REPRO,wsava/reproduction/J-of-Small-Animal-Practice-2024-Romagnoli-WSAVA-guidelines-for-the-control-of-reproduction-in-dogs-and-cats.pdf,76706915,73a0df834e6aea92079914966fa27cff1c3ef3afff18445dcc3dd69245944315,
WSAVA-REPRO,wsava/reproduction/WSAVA犬猫生殖管理指南-中文版.pdf,14185070,7aecb81817dc4950b7018dcb5521c58a91e427e0bd3c69943b9b0d0e9deda109,
WSAVA-VACC,wsava/vaccination/WSAVA-2015疫苗接种指南-中文.pdf,1493508,6bab332d64839ebcea866e5eace8db0c78d51c0767b74e378217fabe9b5626c3,
WSAVA-VACC,wsava/vaccination/WSAVA-Vaccination-Guidelines-2015.pdf,377712,70ae3dcbe5973ee8b2837ddff8062af908dac4aae4854c67fb3057fa89b28434,
WSAVA-VACC,wsava/vaccination/WSAVA-Vaccination-guidelines-2024.pdf,831198,86d26ed4a975ce3cca35b029762228d0f4bae5122f512407362770c7ef7d3653,
WSAVA-WELFARE,wsava/welfare/PWG-福祉提示.pdf,380078,55444109487751ebb235be9ffb627518d7e302c7e151f3eeaa900e55514325d5,
WSAVA-WELFARE,wsava/welfare/WSAVA-Animal-Welfare-Guidelines-2018.pdf,1792891,de624fa8e80743fd31bafade5ad350868b0e110f147c70d6820683cc1f001ff7,
WSAVA-WELFARE,wsava/welfare/WSAVA_Animal_Welfare_Charter_Feb-2020.pdf,3542657,10ffd180878cebb088c5800e7de2d3cdb1baf7ccc0de10777432110098894d1d,
