领域,编号,标题,分类,风险等级,紧急程度,证据强度,来源机构数,来源,定位,结论,要点数,注意事项数,当前审核状态,审核结论（请填）,审核意见（请填）
免疫/疫苗,immune-001,犬的核心疫苗是哪几种：每一只狗都应该接种,免疫,高（写错会延误或伤人）,,两个机构互相印证,2,WSAVA-VACC-2024 / CN-EPIDEMIC-LAW,Different types of vaccine / 动物防疫法 · 强制免疫,"犬的核心疫苗是预防犬瘟热（CDV）、犬腺病毒（CAV）和犬细小病毒（CPV）的疫苗——WSAVA 明确""应当给每一只狗和猫接种核心疫苗""。狂犬病疫苗在中国属于强制免疫，按国内法规执行。",5,2,PENDING_REVIEW,,
免疫/疫苗,immune-002,母源抗体：幼犬为什么不能只打一针,免疫,高（写错会延误或伤人）,,两个机构互相印证,2,WSAVA-VACC-2024 / AAHA-VACC-2022,Effects of maternally derived antibodies on immunisation / 幼犬免疫程序,幼犬通过初乳获得母源抗体（MDA），它在出生后按约 9–10 天的半衰期下降。在 MDA 还高的时候打疫苗，疫苗会被中和、不会产生主动免疫——所以幼犬首免要打多次，而不是一针就够。,5,2,PENDING_REVIEW,,
免疫/疫苗,immune-003,易感窗口期：最危险的那几周,免疫,高（写错会延误或伤人）,,两个机构互相印证,2,WSAVA-VACC-2024 / AAHA-VACC-2022,Fig 1 与正文 / 幼犬免疫程序,"母源抗体已经低到不足以保护、却又高到足以干扰疫苗，中间这段时间叫""易感窗口期""。此时幼犬既防不住病、又打不上免疫——这是它一生中最危险的一段。",4,2,PENDING_REVIEW,,
免疫/疫苗,immune-004,幼犬首免的推荐时间表,免疫,高（写错会延误或伤人）,,两个机构互相印证,2,WSAVA-VACC-2024 / AAHA-VACC-2022,MDA 章节与 Fig 1 / 幼犬免疫程序,WSAVA 推荐的幼犬核心疫苗首免程序是：从 6–8 周龄开始，每 2–4 周接种一次，直到 16 周龄或更大。16 周龄那一针很关键——它保证在绝大多数幼犬 MDA 已经消退后至少接种到一次。,6,2,PENDING_REVIEW,,
免疫/疫苗,immune-005,成年犬的加强免疫：三年一次而不是每年一次,免疫,高（写错会延误或伤人）,,两个机构互相印证,2,WSAVA-VACC-2024 / CN-EPIDEMIC-LAW,Serological testing 章节 / 强制免疫与免疫证明,对犬瘟、细小、腺病毒这三种核心疫苗，接种后建立的免疫力可以维持很多年（远超 3 年）。WSAVA 因此建议这类核心疫苗的加强间隔为三年或更少频次，而不是每年一针。,4,2,PENDING_REVIEW,,
免疫/疫苗,immune-006,抗体检测能代替打疫苗吗,免疫,高（写错会延误或伤人）,,两个机构互相印证,2,WSAVA-VACC-2024 / AAHA-VACC-2022,Serological testing 章节 / 抗体检测,"抗体阳性通常说明有保护，可以据此推迟加强；但抗体阴性不等于没有保护——细胞免疫与免疫记忆测不出来。所以抗体检测是""可以少打""的依据，不是""不用打""的依据。",6,2,PENDING_REVIEW,,
免疫/疫苗,immune-007,老年犬还要不要打疫苗,免疫,高（写错会延误或伤人）,,两个机构互相印证,2,WSAVA-VACC-2024 / AAHA-SENIOR-2023,Aged animals 段落 / 老年护理工具包,"一辈子按指南接种过来的老年犬，不需要额外的强化方案；但研究显示""3 年以上没接种""的老年犬抗体达标率更低，所以老年犬仍建议维持三年一次（或更频繁）的核心疫苗加强。",6,2,PENDING_REVIEW,,
免疫/疫苗,immune-009,打完疫苗后的不良反应：什么情况要立刻回医院,分诊,高（写错会延误或伤人）,立即就医,两个机构互相印证,2,WSAVA-VACC-2024 / AAHA-VACC-2022,Any adverse events 段落 / 疫苗不良反应,接种后出现面部肿胀、荨麻疹、呕吐、呼吸困难、虚弱倒地，属于急性过敏反应，需要立即回医院；只有轻微精神差、注射部位小硬结、食欲略降，可以先观察。,5,2,PENDING_REVIEW,,
免疫/疫苗,immune-010,国内狂犬病免疫与犬只登记的关系,免疫,高（写错会延误或伤人）,,三个以上机构,3,CN-EPIDEMIC-LAW / CN-RABIES-TECH / AAHA-VACC-2022,强制免疫相关条款 / 免疫程序与记录 / 狂犬病疫苗,狂犬病在我国属于强制免疫病种。犬只需要按国家与当地规定接种狂犬疫苗，并取得免疫证明——这既是防疫要求，也通常与养犬登记、出行、寄养挂钩。,4,2,PENDING_REVIEW,,
免疫/疫苗,immune-015,接种部位出现肿块：什么时候要看医生,分诊,高（写错会延误或伤人）,尽快就医,两个机构互相印证,2,WSAVA-VACC-2024 / AAHA-VACC-2022,不良反应与接种部位记录 / 接种部位反应,接种后注射部位出现一过性小硬结、且 1–2 周内自行变小，可以先观察；如果肿块持续超过 1 个月、或还在变大，应尽快就医检查。,3,2,PENDING_REVIEW,,
检查指标解读,lab-003,肌酐与尿素：反映肾功能，但都不是唯一依据,解读,高（写错会延误或伤人）,,两个机构互相印证,2,IRIS-CKD-2026 / MERCK-CLINICAL-BIOCHEM,分期系统与判读前提 / 尿素与肌酐段落,肌酐与尿素是评估肾功能的常用指标，但两者都会受肾外因素影响（脱水、蛋白摄入、肌肉量、消化道出血等）。轻度尿素升高本身不构成肾病诊断，需要结合肌酐、尿检、尿比重等一起判断。,5,2,PENDING_REVIEW,,
检查指标解读,lab-004,IRIS 分期是什么：为什么它要兽医来做,解读,高（写错会延误或伤人）,,两个机构互相印证,2,IRIS-CKD-2026 / SACN5,IRIS Staging System / 第37章 慢性肾病,IRIS 是国际肾病协会制定的慢性肾病分期体系，按稳定的血清肌酐把 CKD 分为四期，另外再按蛋白尿与血压细分。这两个前提很关键：CKD 必须已被确认，且氮质血症必须已定位为肾性来源。,5,2,PENDING_REVIEW,,
检查指标解读,lab-007,尿检为什么不能省,解读,高（写错会延误或伤人）,,两个机构互相印证,2,IRIS-CKD-2026 / MERCK-CLINICAL-BIOCHEM,蛋白尿评估 / 尿液分析,"尿检能提供血液检查给不了的信息：尿液浓缩能力（尿比重）、有没有蛋白尿、有没有感染或结晶。肾病的判读离不开尿检 —— 单看血里的肌酐无法区分""肾性""还是""肾前性""。",5,2,PENDING_REVIEW,,
检查指标解读,lab-026,尿素与肌酐：为什么不能只看一个,解读,高（写错会延误或伤人）,,两个机构互相印证,2,IRIS-CKD-2026 / MERCK-CLINICAL-BIOCHEM,分期系统与判读前提 / 尿素与肌酐段落,尿素容易受饮食蛋白与脱水影响，肌酐则受肌肉量影响。两者一起看、看比值与变化趋势，比单看一个可靠得多；而且它们都不是早期肾损伤的敏感指标。,5,3,PENDING_REVIEW,,
检查指标解读,lab-035,犬胰脂肪酶（cPL）与普通脂肪酶：为什么普通脂肪酶不算数,解读,高（写错会延误或伤人）,,两个机构互相印证,2,MERCK-CLINICAL-BIOCHEM / SACN5,淀粉酶 / 脂肪酶 / PLI 段落 / 第67章 急性与慢性胰腺炎 · 实验室检查,普通的血脂肪酶与淀粉酶特异性不高：肾脏、肝脏、肠道等非胰腺问题也可能让它们升高。犬胰脂肪酶免疫反应性（cPL）测的是胰腺来源的脂肪酶，对胰腺更特异、也更敏感，但仍需结合症状与影像判断。,5,3,PENDING_REVIEW,,
检查指标解读,lab-047,血小板：数值低不一定是真的低，但出血信号不能等,解读,高（写错会延误或伤人）,,两个机构互相印证,2,MERCK-HEME / ACVIM-CONSENSUS,Platelets 段落 / ACVIM 2024 ITP 诊断共识 · Algorithm for the diagnosis of ITP,血小板参与凝血。报告上血小板偏低时，第一件事是确认它是不是真的低——采血与处理过程中的血小板聚集会造成假性偏低；但若同时出现皮肤瘀点、瘀斑、牙龈或鼻出血，就属于需要尽快联系兽医的信号。,5,2,PENDING_REVIEW,,
检查指标解读,lab-055,尿蛋白/肌酐比（UPC）：为什么比试纸蛋白更可靠,解读,高（写错会延误或伤人）,,两个机构互相印证,2,IRIS-CKD-2026 / ACVIM-CONSENSUS,Staging Guidelines · 蛋白尿评估、亚分期与治疗监测 / ACVIM 2015 心血管-肾脏轴疾病共识 · Biomarkers；ACVIM 2026 慢性肠病共识 · Clinical pathology,"试纸上的""蛋白""是筛查，UPC 才是定量：它同时测尿里的蛋白与肌酐，用比值抵消尿液浓淡带来的误差，因此更适合判断蛋白尿的多少与趋势。持续存在的肾性蛋白尿是肾脏损伤的证据，也是决定要不要干预的依据之一。",6,2,PENDING_REVIEW,,
检查指标解读,lab-062,化验单上这几类信号，不要等到复查日,分诊,高（写错会延误或伤人）,尽快就医,两个机构互相印证,2,MERCK-HEME / ACVIM-CONSENSUS,Platelets 与急性失血段落 / ACVIM 2024 ITP 诊断共识 · Introduction 与诊断流程,复查是为了确认趋势，但有些情况不适合等：血小板偏低同时出现皮肤瘀点、瘀斑、牙龈或鼻出血；或化验提示贫血而动物已经精神差、呼吸急促、站不稳。出现这类情况，应尽快联系兽医，而不是等到预约的复查日。,5,2,PENDING_REVIEW,,
常见病与就医时机,clinical-001,这些情况不要等：需要立刻就医的红旗信号,分诊,高（写错会延误或伤人）,立即就医,两个机构互相印证,2,WSAVA-PAIN-2022 / ACVIM-CONSENSUS,疼痛与痛苦识别 / ACVIM 2024 癫痫持续状态共识,出现以下任一情况，不要在家观察、不要等明天，立即联系兽医或送急诊：呼吸困难或持续张嘴喘、牙龈苍白或发紫、抽搐、倒地起不来、腹部明显膨大且干呕、无法排尿、大量出血、误食有毒物或异物、体温异常。,8,2,PENDING_REVIEW,,
常见病与就医时机,clinical-002,狗不会喊痛：疼痛要看行为变化,分诊,高（写错会延误或伤人）,尽快就医,两个机构互相印证,2,WSAVA-PAIN-2022 / ACVIM-CONSENSUS,疼痛识别 / ACVIM 2022 IVDD 共识,动物天生会隐藏疼痛。行为变了就是最重要的线索：不愿跳上沙发、上下楼梯犹豫、被摸某个部位时躲开或低吼、睡觉姿势改变、比以前爱趴着、脾气变差、舔咬某一处。,6,2,PENDING_REVIEW,,
常见病与就医时机,clinical-003,突然站不起来或拖后腿：分秒必争,分诊,高（写错会延误或伤人）,立即就医,两个机构互相印证,2,ACVIM-CONSENSUS / WSAVA-PAIN-2022,ACVIM 2022 胸腰段 IVDD 共识 / 急性疼痛与神经损伤,突然出现后腿无力、走路摇晃、拖行甚至完全站不起来，可能是脊髓急症。这类情况越早处理恢复机会越大，不要在家观察，立即就医。,5,2,PENDING_REVIEW,,
常见病与就医时机,clinical-004,呕吐和腹泻：什么时候能观察，什么时候要去医院,分诊,高（写错会延误或伤人）,尽快就医,两个机构互相印证,2,ACVIM-CONSENSUS / WSAVA-NUTRITION,ACVIM 2026 慢性肠病共识 / 营养评估工具,偶尔一次呕吐或软便、精神食欲都正常，可以先观察并记录；但如果频繁呕吐、呕吐物带血、腹泻带血或呈黑色柏油状、伴随精神差或不吃、或持续超过一天，应尽快就医。,6,2,PENDING_REVIEW,,
常见病与就医时机,clinical-005,"喝水变多、尿变多：别当成""天气热""",分诊,高（写错会延误或伤人）,尽快就医,两个机构互相印证,2,MERCK-CLINICAL-BIOCHEM / IRIS-CKD-2026,多饮多尿 / 肾病表现,饮水量和尿量明显增加是需要重视的信号，涉及内分泌、肾脏等多个方向。先做一件事：如实测一下每天喝多少，这个数字对医生非常有用。,4,2,PENDING_REVIEW,,
常见病与就医时机,clinical-009,咳嗽：短鼻犬和老年犬要格外当心,分诊,高（写错会延误或伤人）,尽快就医,两个机构互相印证,2,ACVIM-CONSENSUS / MERCK-HEME,ACVIM 2020 心肌病与肺高压共识 / ——,偶尔咳一声、精神照常，可以先观察；但持续咳嗽、夜间或兴奋时加重、咳嗽后晕倒、呼吸费力都需要就医。短鼻犬种与老年犬的门槛要放低。,4,2,PENDING_REVIEW,,
常见病与就医时机,clinical-010,中暑：夏天最容易被低估的急症,分诊,高（写错会延误或伤人）,立即就医,两个机构互相印证,2,WSAVA-WELFARE / MERCK-CLINICAL-BIOCHEM,环境与福利 / ——,狗主要靠喘气散热，比人怕热得多。短鼻犬、肥胖犬、老年犬、长毛深色犬风险最高。出现剧烈喘气、流大量口水、站不稳、牙龈发红或发紫、呕吐腹泻，属于立即就医级别。,5,2,PENDING_REVIEW,,
常见病与就医时机,clinical-011,误食：哪些东西必须马上送医院,分诊,高（写错会延误或伤人）,立即就医,两个机构互相印证,2,WSAVA-NUTRITION / MERCK-CLINICAL-BIOCHEM,食品安全工具包 / 中毒识别,狗误食后不要等症状出现。巧克力、葡萄/葡萄干、洋葱大蒜、木糖醇（无糖口香糖等）、老鼠药、人用药物、以及骨头/玩具/绳子等异物，都属于需要立即联系兽医的情况。,5,2,PENDING_REVIEW,,
常见病与就医时机,clinical-013,母犬未绝育：子宫蓄脓要认得出来,分诊,高（写错会延误或伤人）,立即就医,两个机构互相印证,2,WSAVA-REPRO / MERCK-CLINICAL-BIOCHEM,生殖管理指南 / ——,未绝育母犬在发情后几周到两个月内出现精神差、喝水多、呕吐、腹部变大或阴道分泌物，要高度警惕子宫蓄脓 —— 这是危及生命的急症，必须立即就医。,4,2,PENDING_REVIEW,,
常见病与就医时机,clinical-016,呼吸费力、张嘴喘、牙龈发紫：按分钟算的急症,分诊,高（写错会延误或伤人）,立即就医,两个机构互相印证,2,ACVIM-CONSENSUS / WSAVA-PAIN-2022,ACVIM 2020 肺动脉高压共识：临床线索表 / 生命体征与痛苦识别,"呼吸窘迫是这个知识库里最紧急的一类信号：费力呼吸、张口呼吸、喘得停不下来、舌头或牙龈发紫，出现任何一条都要立即送医，不要在家等它自己缓过来。等它""看起来好一点""的时候，往往已经错过了最容易处理的窗口。",5,3,PENDING_REVIEW,,
常见病与就医时机,clinical-017,抽搐超过 5 分钟，或一次接一次停不下来：急救级别,分诊,高（写错会延误或伤人）,立即就医,两个机构互相印证,2,ACVIM-CONSENSUS / WSAVA-PAIN-2022,ACVIM 2024 癫痫持续状态与集群发作共识：T1=5 分钟、T2=30 分钟 / 痛苦识别与生命体征,抽搐（全身僵直、四肢划水、口吐白沫、大小便失禁、叫不应）持续超过 5 分钟，或一次接一次、两次之间意识没有恢复，都是需要立即急救的状态，不要在家等它停。抽搐本身还可能伴发体温升高、缺氧等并发症，拖得越久越难处理。,5,3,PENDING_REVIEW,,
常见病与就医时机,clinical-018,后腿突然拖行、脚趾被掐也没反应：这是最急的一种,分诊,高（写错会延误或伤人）,立即就医,两个机构互相印证,2,ACVIM-CONSENSUS / WSAVA-PAIN-2022,ACVIM 2022 急性胸腰段椎间盘突出共识：神经功能分级 / 急性疼痛与神经功能丧失,"突然出现后腿发软、走路摇晃或完全站不起来，可能是脊髓急症。决定紧急程度的不是""还能不能走""，而是有没有痛觉：脚趾被用力掐也没有反应、或者喘气费力（提示肋间肌也受影响），属于最高级别急症，立即就医，越早恢复的机会越大。",6,3,PENDING_REVIEW,,
常见病与就医时机,clinical-019,出血止不住、牙龈渗血、皮肤出现针尖样出血点,分诊,高（写错会延误或伤人）,立即就医,两个机构互相印证,2,ACVIM-CONSENSUS / MERCK-HEME,ACVIM 2024 ITP 诊断共识：黑便与出血严重程度 / 贫血：失血、溶血与造血不足,"按压后仍止不住的出血、反复或量多的鼻出血、牙龈自行渗血、皮肤出现针尖样出血点或大片瘀斑，都不是""小事""。这类表现说明止血机制可能出了问题，需要立即就医查找原因 —— 可能是中毒、血小板或凝血异常等方向，等下去有发生内出血的风险。",6,3,PENDING_REVIEW,,
常见病与就医时机,clinical-020,被车撞、从高处摔下、被大狗咬过：没有伤口也要去医院,分诊,高（写错会延误或伤人）,尽快就医,两个机构互相印证,2,WSAVA-PAIN-2022 / AAHA-LIFE-STAGE-2019,急性疼痛与创伤评估 / 体格检查：五项生命体征,车祸、高处坠落、被大狗咬住甩动，都可能造成外表看不见的内伤（肺挫伤、气胸、腹腔出血、膀胱破裂、脊柱损伤）。只要发生过这类事件，即使狗当时能走能叫、没有明显伤口，也要尽快让兽医检查；如果已经出现呼吸费力、牙龈苍白、站不起来或意识模糊，按立即处理。,6,3,PENDING_REVIEW,,
常见病与就医时机,clinical-021,高热、喘得厉害、站不稳：中暑是「先送医、再降温」,分诊,高（写错会延误或伤人）,立即就医,两个机构互相印证,2,WSAVA-WELFARE / MERCK-CLINICAL-BIOCHEM,环境与热应激 / 急症与器官功能指标,"高温环境下出现剧烈喘气、大量流口水、走路摇晃、牙龈鲜红或发紫、呕吐腹泻甚至抽搐，属于立即就医级别。中暑不是""凉快一下就好""：即使狗自己缓过来、看起来恢复正常，也需要就医评估，因为内脏损伤可能在之后才显现。",5,3,PENDING_REVIEW,,
常见病与就医时机,clinical-022,肚子突然胀大 + 干呕却吐不出东西：不要等，直接走急诊,分诊,高（写错会延误或伤人）,立即就医,两个机构互相印证,2,ACVIM-CONSENSUS / WSAVA-PAIN-2022,ACVIM 2015 心血管-肾脏轴共识：胃扩张与扭转 / 急性疼痛与不安表现,腹部在短时间内明显膨大、干呕却吐不出东西、流口水、坐立不安，是胃扩张-扭转最典型的组合，属于立即就医的外科急症。它可以在很短的时间里进展到危及生命，没有任何在家观察的空间。,5,3,PENDING_REVIEW,,
常见病与就医时机,clinical-023,没绝育的母狗：没有阴道分泌物也可能是子宫蓄脓,分诊,高（写错会延误或伤人）,立即就医,两个机构互相印证,2,WSAVA-REPRO / MERCK-CLINICAL-BIOCHEM,生殖管理指南：子宫内膜囊性增生-子宫蓄脓综合征 / 多饮多尿的检查方向,"未绝育母犬在发情结束后的几周到两个月内出现精神差、喝水排尿增多、食欲下降、呕吐或腹部变大，要警惕子宫蓄脓 —— 这是危及生命的急症。关键提醒：有一部分病例阴道完全不流分泌物（子宫颈闭合），恰恰因为""没看到流脓""而容易被拖延。",6,3,PENDING_REVIEW,,
常见病与就医时机,clinical-024,公狗反复蹲着却尿不出来：尿道堵塞，拖不得,分诊,高（写错会延误或伤人）,立即就医,两个机构互相印证,2,ACVIM-CONSENSUS / WSAVA-PAIN-2022,ACVIM 2024 犬尿失禁共识：尿道梗阻与排尿障碍 / 排尿相关疼痛与不安,"公狗反复摆出排尿姿势、用力却只滴几滴甚至完全尿不出来、频繁舔生殖器、肚子胀、烦躁或哀叫，提示尿道可能被堵塞，属于立即就医的急症。""还能滴出几滴""不代表安全 —— 部分堵塞同样会损伤肾脏，也会随时变成完全堵塞。",5,3,PENDING_REVIEW,,
常见病与就医时机,clinical-025,一直吐、连水都喝不进去：一天就是分界线,分诊,高（写错会延误或伤人）,尽快就医,两个机构互相印证,2,ACVIM-CONSENSUS / WSAVA-NUTRITION,ACVIM 2026 慢性肠病共识：消化道症状评估 / WSAVA 营养评估指南：筛查与监测,判断呕吐急不急，看两件事：吐的频率和能不能留住水。如果喝水都吐、连水都喝不进去，或者频繁呕吐持续超过一天，或者伴随精神明显变差、腹痛、吐血，应尽快就医；幼犬、老年犬和已有慢性病的狗门槛要更低。,6,3,PENDING_REVIEW,,
常见病与就医时机,clinical-026,拉血 + 精神差：这两条同时出现就别在家扛,分诊,高（写错会延误或伤人）,尽快就医,两个机构互相印证,2,ACVIM-CONSENSUS / WSAVA-VACC-2024,ACVIM 2026 慢性肠病共识：症状评估 / 幼犬免疫程序与免疫窗口,"单纯一次软便或少量血丝、精神照常，可以先观察记录；但血性腹泻同时伴随精神差、不吃、呕吐或腹痛，说明不只是""吃坏了肚子""，应尽快就医。幼犬未完成免疫时更要优先排除传染病，门槛放到最低。",6,3,PENDING_REVIEW,,
常见病与就医时机,clinical-027,眼睛被撞到、突然看不见、眼球看起来不对：按急症走,分诊,高（写错会延误或伤人）,尽快就医,两个机构互相印证,2,WSAVA-PAIN-2022 / AAHA-LIFE-STAGE-2019,眼部与头面部疼痛识别 / 体格检查项目（含眼部评估）,眼睛结构精细、损伤进展快：被撞被挠、眼球位置或外观看起来不对、突然看不见、明显怕光流泪睁不开、瞳孔大小不对称，都应按急症处理，尽快就医。眼球相关的急症拖延几小时就可能造成不可逆的视力损伤。,5,3,PENDING_REVIEW,,
常见病与就医时机,clinical-028,脸突然肿起来、身上起风团：急性过敏要立刻处理,分诊,高（写错会延误或伤人）,立即就医,两个机构互相印证,2,WSAVA-VACC-2024 / AAHA-VACC-2022,Adverse events following vaccination：hypersensitivity 段落 / What About Adverse Reactions?,接触某种东西（疫苗、药物、虫咬、食物）后几分钟到一小时内突然出现脸部/眼皮/嘴肿、全身起风团，属于急性过敏反应，需要立即联系兽医。只要伴随呼吸费力、呕吐、站不稳、倒地，就是急救级别，直接送急诊。,5,3,PENDING_REVIEW,,
常见病与就医时机,clinical-029,高烧 + 整个人蔫了：别只看体温数字，看精神状态,分诊,高（写错会延误或伤人）,立即就医,两个机构互相印证,2,ACVIM-CONSENSUS / MERCK-CLINICAL-BIOCHEM,ACVIM 2024 癫痫持续状态共识：并发症处理段落 / 急症与器官功能指标,"狗的正常体温比人高，且测量方式与环境都会影响读数（刚运动完、天气热、紧张都会偏高）。真正需要立刻行动的是""高热 + 精神明显沉郁""这个组合：不吃不喝、趴着不动、叫不太应、呼吸变快、身体发烫。这类情况需要尽快由兽医评估，不要自行喂退烧药。",6,3,PENDING_REVIEW,,
常见病与就医时机,clinical-030,幼犬突然蔫、发抖、站不稳：小体型幼犬的「能量和体温」问题,分诊,高（写错会延误或伤人）,立即就医,两个机构互相印证,2,WSAVA-NUTRITION / ACVIM-CONSENSUS,WSAVA 营养评估指南：生长动物需更频繁监测 / ACVIM 2024 癫痫持续状态共识：低血糖等诱因,"小体型幼犬出现突然精神变差、站不稳、发抖、流口水、意识模糊甚至抽搐，是需要立刻处理的情况：幼犬能量储备少、体温调节能力差，长时间没进食、受凉、拉稀呕吐或过度劳累都可能迅速恶化。出现这些表现请立即联系兽医，不要在家等它""睡一觉就好""。",5,3,PENDING_REVIEW,,
常见病与就医时机,clinical-031,打完疫苗后的急性反应：大多在 1 小时内出现,分诊,高（写错会延误或伤人）,立即就医,两个机构互相印证,2,WSAVA-VACC-2024 / AAHA-VACC-2022,Adverse events following vaccination（FAQ 段落） / What About Adverse Reactions?,接种后出现脸部肿胀、全身风团、呕吐、精神变差、呼吸费力，都属于疫苗不良事件，需要立即联系接种的医院。指南记录：急性（I 型）超敏反应通常在暴露后数分钟到 1 小时内出现，过敏反应几乎都在接种后 60 分钟内开始。接种当天建议留院观察一段时间再走，回家后继续留意。,6,3,PENDING_REVIEW,,
常见病与就医时机,clinical-032,牙龈发白、四肢发凉、叫不太应：休克前兆,分诊,高（写错会延误或伤人）,立即就医,两个机构互相印证,3,WSAVA-NUTRITION / WSAVA-PAIN-2022 / MERCK-HEME,WSAVA 五项生命体征（V5）标准化 / 痛苦识别与全身状态评估 / 贫血：急性失血与慢性失血的区别,牙龈从粉变白或发灰、耳朵和四肢摸起来发凉、脉搏细弱而快、精神迷糊叫不太应、站不稳，这些组合起来提示循环已经出问题（休克前兆），属于立即就医的情况。它可能发生在大量失血、持续呕吐腹泻、腹部胀大、被咬伤或严重过敏之后。,6,3,PENDING_REVIEW,,
常见病与就医时机,clinical-033,误食老鼠药、人用药、百合、葡萄：没症状也要马上走,分诊,高（写错会延误或伤人）,立即就医,三个以上机构,3,WSAVA-NUTRITION / ACVIM-CONSENSUS / MERCK-CLINICAL-BIOCHEM,WSAVA Guide to Treats — Dogs 2025：Toxic food ingredients / ACVIM 2023 犬钩端螺旋体病更新共识：疫苗过敏样反应 / 中毒与急症生化改变,"老鼠药、人用药物（尤其止痛药）、百合、葡萄与葡萄干、木糖醇、巧克力、洋葱大蒜、酒精、生酵母面团都属于高风险误食物。判断标准不是""它现在有没有症状""，而是""它吃了什么、吃了多少、什么时候吃的"" —— 有些中毒的症状出现得很晚，等出现症状时处理窗口可能已经过去。出现误食，立即联系兽医或送急诊。",6,3,PENDING_REVIEW,,
常见病与就医时机,clinical-034,呕吐：偶发、反复、喷射状要分开看,分诊,高（写错会延误或伤人）,尽快就医,三个以上机构,3,ACVIM-CONSENSUS / SACN5 / WSAVA-NUTRITION,ACVIM 2026 慢性肠病共识 · 消化道症状评估 / 第 54 章（喷射状/止不住的呕吐需考虑胃流出道阻塞）；第 51 章（急性 >3 天、慢性 >21 天需积极管理）；第 57 章（黑色或咖啡渣样呕吐物） / 营养评估工具 · 病史与饮食史,先分清是哪一种：偶发一两次、吐完精神食欲照常可以先记录观察；一天多次、喝水也吐、呕吐物带血或呈咖啡渣样、喷射状喷出、伴随腹部不适或精神变差，需要尽快就医。幼犬、老年犬和有慢性病的狗门槛要放低。,6,3,PENDING_REVIEW,,
常见病与就医时机,clinical-035,腹泻：急性与慢性、带血与带黏液分别看什么,分诊,高（写错会延误或伤人）,尽快就医,三个以上机构,3,ACVIM-CONSENSUS / SACN5 / WSAVA-NUTRITION,ACVIM 2022 慢性肠病综述（慢性消化道症状 ≥3 周）/ 2026 慢性肠病共识 · 诊断流程 / 第 56 章 Table 56-1（危及生命的急性胃肠炎表现）；第 61 章（大肠疾病表现）；第 55 章 Table 55-4（血便的定位） / 营养评估工具 · 饮食史,突然出现的软便或水样便多是急性，先记录并观察精神与食欲；带鲜血或呈黑色柏油状、频繁水样、伴随呕吐、精神明显变差或不吃、或长期反复不缓解，需要尽快就医。幼犬与老年犬脱水更快，门槛更低。,6,3,PENDING_REVIEW,,
常见病与就医时机,clinical-037,"体重不明原因下降：先看""掉得快不快""，再看伴随表现",分诊,高（写错会延误或伤人）,尽快就医,三个以上机构,4,AAHA-SENIOR-2023 / WSAVA-NUTRITION / SACN5 / ACVIM-CONSENSUS,老年护理工具包 · 体重与肌肉流失（Muscle loss / Weight loss or gain） / BCS / MCS 工具（体况与肌况需分别评估） / 第 25 章 · 一周内体重下降 >10% 有临床意义；数天内 10%–15% 多为水分变化 / ACVIM 2026 慢性肠病共识 · 体重下降 ≥5% 提示需进一步检查,"饭量没变、甚至吃得更多，体重却在下降，通常不是""挑食""或""老了""能解释的。先在家把体重与体况记录下来（同一台秤、固定频率），再带着变化速度去就医 —— ""多久掉了多少""对医生最有价值。",6,3,PENDING_REVIEW,,
常见病与就医时机,clinical-041,跛行与不愿起身：先按疼痛处理,分诊,高（写错会延误或伤人）,尽快就医,两个机构互相印证,2,WSAVA-PAIN-2022 / ACVIM-CONSENSUS,表 5「猫和犬急性疼痛相关的行为变化」（印刷页 15）：不愿移动、姿势与活动改变 / ACVIM 2022 胸腰段 IVDD 共识,突然跛行、不愿起身或不敢跳，先按疼痛对待：限制活动（不上下楼、不跳跃、不剧烈奔跑），尽快就医评估。完全不敢用那条腿、拖后腿、突然站不起来、或伴随精神差 属于急症，立即就医。,6,3,PENDING_REVIEW,,
常见病与就医时机,clinical-042,"僵硬与起身困难：别急着说""老了就这样""",解读,高（写错会延误或伤人）,,三个以上机构,3,WSAVA-PAIN-2022 / SACN5 / AAHA-SENIOR-2023,"表 8「评估猫和犬慢性疼痛的行为」（印刷页 22）：僵硬、跛行、起卧与跳跃能力下降 / 第 34 章《骨关节炎的营养管理》· 临床表现与疼痛评估问卷 / 老年护理工具包 · 居家监测（上下楼困难、跛行、僵硬、活动变化）与""old age is not a disease""","起身慢、走一会儿才""顺过来""、不愿跳跃或上下楼，最常见的解释是疼痛与关节方向的问题，而不是单纯变老。这类表现是可以被评估和管理的，值得带去检查，而不是让狗一直忍。",5,3,PENDING_REVIEW,,
常见病与就医时机,clinical-046,眼分泌物与红眼：有些情况当天就要看,分诊,高（写错会延误或伤人）,尽快就医,两个机构互相印证,2,ACVIM-CONSENSUS / WSAVA-PAIN-2022,ACVIM 2018 系统性高血压共识 · 靶器官损害（眼） / 表 11（角膜损伤/溃疡、青光眼列为中度至重度疼痛）与 3.6 眼科手术章节,少量清亮或浅褐色分泌物很常见，可以先清洁并观察；但黄绿色脓性分泌物、眼睛发红、眯眼或睁不开、怕光、角膜看起来发白或浑浊、频繁用爪子抓眼睛，都提示眼睛可能正在疼，需要当天就医 —— 眼部问题拖不得。,6,3,PENDING_REVIEW,,
常见病与就医时机,clinical-049,排尿异常：次数、姿势、颜色、气味各看什么,分诊,高（写错会延误或伤人）,尽快就医,三个以上机构,3,ACVIM-CONSENSUS / IRIS-CKD-2026 / MERCK-CLINICAL-BIOCHEM,ACVIM 2024 犬尿失禁诊断与管理共识 · 诊断与排尿模式 / IRIS 2026 口袋指南 · 多尿与尿液浓缩 / 尿素与肌酐升高的原因（含尿道阻塞）,先记录四件事：次数、姿势、颜色、气味。出现尿中带血、频繁蹲却只尿几滴、排尿时弓背或叫、尿味异常刺鼻、在室内排尿，应尽快就医；完全尿不出、只有滴尿、腹部明显胀大或精神急剧变差属于立即就医，不要等。,6,3,PENDING_REVIEW,,
常见病与就医时机,clinical-050,"精神状态变差：""就是不太对劲""值得认真对待",分诊,高（写错会延误或伤人）,尽快就医,三个以上机构,3,WSAVA-PAIN-2022 / AAHA-LIFE-STAGE-2019 / ACVIM-CONSENSUS,表 5「猫和犬急性疼痛相关的行为变化」（印刷页 15）与疼痛行为识别章节 / 生命阶段评估：五项生命体征（体温、脉搏、呼吸、疼痛、营养）与行为/认知的常规评估 / ACVIM 2018 系统性高血压共识 · 临床表现与靶器官损害,"""就是不太对劲""往往是最早的信号，而不是""没事""。动物会隐藏不适，行为、食欲、互动与作息的变化都值得量化记录；精神差同时出现呕吐、腹泻、呼吸异常、站立困难、不吃或身体发烫 需要尽快就医，意识不清、抽搐、呼吸困难、牙龈苍白 属于立即就医。",6,3,PENDING_REVIEW,,
常见病与就医时机,clinical-051,老年犬的行为与体力变化：该不该当病看,解读,高（写错会延误或伤人）,,两个机构互相印证,3,AAHA-SENIOR-2023 / AAHA-LIFE-STAGE-2019 / WSAVA-PAIN-2022,"老年护理工具包 · DISHAA 缩写表与""old age is not a disease"" / 生命阶段表（Senior = 估计寿命最后 25%）与体检频率（至少每 6 个月） / 表 8「评估猫和犬慢性疼痛的行为」（印刷页 22）：情绪举止与活力活动能力","老年犬新出现的行为或体力变化，应该先当成""可能有可处理的原因""，而不是""老了就这样""。方向包括疼痛与关节、感官退化、代谢与内分泌、以及认知功能变化等，都需要兽医评估 —— 其中很多是可以干预的。",6,3,PENDING_REVIEW,,
预防与体检节奏,prev-002,成年犬的健康检查：6–12 个月一次，都查什么,预防,高（写错会延误或伤人）,,两个机构互相印证,3,AAHA-LIFE-STAGE-2019 / WSAVA-VACC-2024 / WSAVA-NUTRITION,"journal p.269 正文；Table 2（Young adult / Mature adult 列）；Table 4（journal p.276） / Comprehensive Preventative Health Care（p.6） / Principles of Wellness 2025, p.4/6","成年犬的复诊频率，AAHA 生命阶段指南给的是""每 6–12 个月一次""，并建议成熟成年犬每年至少做一次""最低数据库""（minimum database）化验；WSAVA 则强调年度健康检查不是""疫苗咨询""，同一次就诊里还要讨论体内外寄生虫、口腔、营养与行为，并按个体需要安排更频繁的检查。",6,3,PENDING_REVIEW,,
预防与体检节奏,prev-003,什么年龄算老年：为什么老年犬至少要半年查一次,预防,高（写错会延误或伤人）,,两个机构互相印证,4,AAHA-LIFE-STAGE-2019 / WSAVA-NUTRITION / AAHA-SENIOR-2023 / WSAVA-VACC-2024,"Table 1（journal p.269）；journal p.269 正文；Table 2 Senior 列（p.270） / Principles of Wellness 2025, p.4 体检频率表与 p.6 / 工具包信息图 p.3 / Comprehensive Preventative Health Care（p.6）","AAHA 生命阶段指南不用固定年龄定义老年，而是把它定义为""估计寿命的最后 25%""（取决于品种与体型）；对老年犬的检查节奏，指南给的明确下限是""至少每半年一次体检与最低数据库检查""，AAHA 老年护理工具包则强调老年方案不能一刀切——健康与不健康的老年宠物需要不同的管理方式。",6,3,PENDING_REVIEW,,
预防与体检节奏,prev-005,口腔检查与洗牙节奏：多久查一次、什么时候该洗牙,预防,高（写错会延误或伤人）,,两个机构互相印证,3,AAHA-DENTAL-2019 / WSAVA-DENTAL / AAHA-LIFE-STAGE-2019,p.5（1–2 岁前首次牙科预防）、p.6（清醒评估低估）、p.7（麻醉 + 口内 X 光、28% 数据）、p.9（PD1–PD4 分期）、p.12（麻醉下洁牙的必要性、不麻醉洁牙不可接受）、p.17（每次就诊讨论、每 6 个月清醒口腔检查）、p.19（10–14 天复查） / GDC Toothbrushing Toolkit p.1–2 / Table 2 Dentistry 行（journal p.274）,AAHA 牙科护理指南给的节奏是：口腔健康从第一次就诊起、之后每次就诊都要讨论，每 6 个月做一次清醒状态下的口腔检查是合适的；首次真正意义的洁牙（含抛光与口内 X 光）建议在小型与中型犬 1 岁前、较大体型犬 2 岁前完成，此后终生定期做麻醉下口腔检查与洁牙。家庭护理方面，WSAVA 建议每天刷牙一次，从恒牙萌出后（约 6–7 月龄）或专业洁牙后开始。,6,3,PENDING_REVIEW,,
预防与体检节奏,prev-006,肾病早期筛查：为什么要查尿、UPC 与血压,预防,高（写错会延误或伤人）,,两个机构互相印证,2,IRIS-CKD-2026 / AAHA-LIFE-STAGE-2019,Staging p.1（至少两次测定）、p.2（肌酐筛查不敏感、SDMA）、p.4（UPC 前提与 2 周/2 个月）、p.5–6（血压测定与持续性）；Dog recs p.2–3（各期测血压与 UPC、稳定后至少每 3 个月）、p.10（血钙血磷 4–6 周→12 周） / Table 4（journal p.276）,"肾病的早期发现靠""按生命阶段的常规化验 + 对异常的确认""，而不是一次抽血：AAHA 生命阶段指南把尿检（含尿比重、尿沉渣、蛋白）列为成年犬每年一次、老年犬每 6–12 个月一次，生化最低组合里包含肌酐与（如有）SDMA；IRIS 指南解释了为什么单次结果不能下结论——分期要在补水、稳定状态下至少两次测定，尿蛋白与血压也必须在排除干扰因素后重复确认。",6,3,PENDING_REVIEW,,
预防与体检节奏,prev-014,疼痛的定期评估：老年犬最容易被漏掉的一项,复查,高（写错会延误或伤人）,,两个机构互相印证,3,WSAVA-PAIN-2022 / AAHA-LIFE-STAGE-2019 / AAHA-SENIOR-2023,"第一部分「疼痛的识别与评估」及「急性疼痛的识别与评估」（中文版 p.11–16）：表 4（犬猫急性疼痛评估工具与量表名）、表 5（犬/猫疼痛相关行为变化）、图 7（猫面部疼痛量表）、图 11–12（疼痛姿势与""安静疼痛""易被误认） / journal p.269（五项生命征评估、疼痛评分、标准化评分记录）；Table 2 General 行（骨关节炎教育、家长观察、体检中评估 OA 分期）；Table 2 Behavior 行 senior 列（认知变化常规评估） / 工具包 Table 2 Integument 行（""Evaluate for pain""）；Your Senior Pet Booklet p.11（肌肉关节与骨骼的家庭观察清单、与兽医讨论疼痛管理）","疼痛是 AAHA 生命阶段指南规定的""五项生命征""之一，与体温、脉搏、呼吸、营养并列——也就是说每次体检都要评估，并用标准化评分记录以便看趋势；WSAVA 疼痛指南进一步要求疼痛评估要反复测量、而不是只看某一次的数字评分，并指出不熟悉疼痛行为的人很容易把""安静疼痛""误当成在休息。",5,3,PENDING_REVIEW,,
日常护理,nurse-001,刷牙：方法、顺序与每天一次的频率,预防,高（写错会延误或伤人）,,两个机构互相印证,2,WSAVA-DENTAL / AAHA-DENTAL-2019,居家照护－工具与刷牙方式／刷牙技巧（PDF p.85–86）；GDC 刷牙工具包 STEP 1–5 / Recommending Home Oral Hygiene and Products（p.17）,刷牙是目前去除牙菌斑最有效的方法，理想频率是每天一次；已确诊牙周病的犬需要每天刷，兽医可能建议每天两次。有效的关键不是力度而是位置与动作：牙刷与牙齿长轴成 45 度角，刷毛放在牙龈缘，沿牙弓做圆周运动，优先刷颊侧面。,6,3,PENDING_REVIEW,,
日常护理,nurse-005,清耳手法与边界：什么时候绝对不能自己掏,安全,高（写错会延误或伤人）,,三个以上机构,3,SACN5 / WSAVA-NUTRITION / AAHA-SENIOR-2023,"第 31 章 食物不良反应－耳道属于潮湿贴合皮肤面、外耳炎诊断 / Principles of Wellness 2025－Principles of Dermatology（p.8） / Home Monitoring Tips：Brain, Spinal Cord, and Nervous System",家庭能安全做的只有外耳廓与耳道开口可见部分的清洁；耳道深部的清理、冲洗与用药都必须由兽医完成。出现疼痛（碰耳就躲或叫）、耳道红肿、脓性分泌物、明显异味、频繁摇头抓耳时，不要自己掏耳，也不要往耳道里滴任何液体。,6,3,PENDING_REVIEW,,
日常护理,nurse-009,剪指甲：按长度而不是按天数，血线看不清就别硬剪,安全,高（写错会延误或伤人）,,两个机构互相印证,2,AAHA-SENIOR-2023 / WSAVA-NUTRITION,"Home Monitoring Tips：Inner and Outer Ear Flaps, Skin, Fur, Nails, and Nail Beds / Principles of Wellness 2025－Principles of Dermatology（p.8）","修剪频率按""长度""决定，而不是按固定天数：标准是指甲不影响站立与行走、不卷曲扎进肉垫。指甲内部有血管与神经（血线），剪过头会出血疼痛；深色指甲看不清血线时，每次只剪极小一段、分次完成，没有把握就交给兽医或专业美容师。",6,3,PENDING_REVIEW,,
日常护理,nurse-013,皮肤褶皱犬的褶皱护理：清洁之后必须弄干,预防,高（写错会延误或伤人）,,两个机构互相印证,3,SACN5 / WSAVA-NUTRITION / WSAVA-WELFARE,第 31 章 食物不良反应－马拉色菌皮炎 / Principles of Wellness 2025－Principles of Dermatology（p.8） / The need for a suitable environment（p.36）,皮肤褶皱（唇褶、鼻褶等皮肤互相贴合的缝隙）潮湿、通风差，是酵母菌等微生物容易增殖的部位。面部褶皱多的犬需要更频繁的检查与护理：清洁褶皱内部之后一定要把水分弄干，只清洁不擦干等于给微生物创造环境；发现发红、异味、分泌物或犬频繁蹭脸抓脸，就要找兽医。,6,3,PENDING_REVIEW,,
日常护理,nurse-015,老年犬卧床护理：减压、干燥、每天查皮肤,预防,高（写错会延误或伤人）,,两个机构互相印证,2,AAHA-SENIOR-2023 / WSAVA-WELFARE,"Home Monitoring Tips：Muscles, Joints, and Bones（骨科床垫、加热垫警示）；Skin, Fur / The need for a suitable environment（p.36）",长期卧床或起身困难的犬，护理核心是三件事：减压（合适的支撑垫 + 定时帮助变换姿势）、干燥清洁（尿便污染会加速皮肤损伤）、每天检查皮肤。骨突处是重点观察部位，一旦出现压不褪色的发红、破皮、渗液或异味，就要就医。,6,3,PENDING_REVIEW,,
日常护理,nurse-020,皮肤与被毛：什么算异常、什么情况要看医生,分诊,高（写错会延误或伤人）,尽快就医,两个机构互相印证,2,WSAVA-NUTRITION / AAHA-SENIOR-2023,"Principles of Wellness 2025－Principles of Dermatology（p.8） / Home Monitoring Tips：Skin, Fur, Nails, and Nail Beds；Muscles, Joints, and Bones",皮肤与被毛的问题，家长能做的是定期看、记录变化、及时就医。需要联系兽医的信号包括：皮肤发红、肿胀、脱毛、皮屑或结痂、渗出、异味、被毛油腻，指甲与甲床的变化，以及剧烈或持续加重的瘙痒（严重瘙痒本身是重大福利问题）。不要长期靠换洗护产品或保健品自行处理。,6,3,PENDING_REVIEW,,
就诊前准备,visit-005,急诊先说三句：最危急的表现、开始时间、基础病与正在用的药,分诊,高（写错会延误或伤人）,立即就医,两个机构互相印证,3,AAHA-LIFE-STAGE-2019 / WSAVA-WELFARE / AAHA-SENIOR-2023,Table 2「General」栏 / Chapter 3: Pre-arrival／Receiving area（triage） / Seek immediate veterinary care 清单,到了急诊（或打电话求助），先说三句：① 现在最危险的表现是什么 ② 从什么时候开始 ③ 有没有基础病、正在用什么药。这三句决定接下来是先抢救还是先检查；其余细节等医生问。,6,3,PENDING_REVIEW,,
就诊前准备,visit-007,体检／化验前要不要禁食、要不要停药：按医院要求，不要自己停,预防,高（写错会延误或伤人）,,三个以上机构,3,WSAVA-NUTRITION / AAHA-LIFE-STAGE-2019 / MERCK-CLINICAL-BIOCHEM,Nutritional Assessment Checklist：Nutritional screening risk factors / Table 2「General」栏 / 影响分析物的因素（进食、运动、应激、用药）,要不要空腹、空腹多久、要不要停药，只有一个依据：这家医院对这次检查的具体要求。不同项目要求不同；长期用药尤其不要自行停——先打电话问开药的兽医，并把用药清单交给医院，由医生决定。,6,3,PENDING_REVIEW,,
品种遗传风险,breed-001,髋关节与肘关节发育不良：大型犬的品种相关骨科筛查（拉布拉多、金毛、德牧等）,预防,高（写错会延误或伤人）,,三个以上机构,3,SACN5 / AAHA-LIFE-STAGE-2019 / WSAVA-PAIN-2022,第34章 骨关节炎 · Risk Factors / Dogs 节 / Breed-specific screening 行；Table 4 Imaging 行 / Degenerative joint disease topic sheet（改编自 Mathews et al. 2014）,发育性骨科疾病（含髋关节与肘关节发育不良）在大型、快速生长的犬中更常见，SACN5 举出的高风险品种是德国牧羊犬（German shepherd dog）、罗威纳（Rottweiler）、拉布拉多寻回犬（Labrador Retriever）与金毛寻回犬（Golden Retriever）。髋关节发育不良是多基因遗传病，营养与生活方式能明显影响它的发生率与严重程度——也就是说，风险高不等于会发病，但值得从幼犬期就做体重与生长管理，并在兽医建议的年龄做影像学筛查。,6,3,PENDING_REVIEW,,
品种遗传风险,breed-002,椎间盘疾病：软骨发育不良型品种（腊肠犬、法国斗牛犬）,预防,高（写错会延误或伤人）,,三个以上机构,4,ACVIM-CONSENSUS / WSAVA-REPRO / WSAVA-HEREDITARY / AAHA-SENIOR-2023,"ACVIM 2022 犬胸腰段椎间盘突出共识 · Introduction 与再发率段落 / 5.1.3 Orthopaedic diseases / The role of genetic testing / The importance of genetic counselling / Home Monitoring Tips for Senior Pets · Muscles, Joints, and Bones",在软骨发育不良型（chondrodystrophic）品种中，椎间盘退变发生得更早、更重。ACVIM 2022 胸腰段椎间盘突出共识指出，这一过程与 12 号染色体上的 FGF4 逆转录基因相关，而胸腰段椎间盘突出正是犬急性轻瘫与瘫痪最常见的原因——原因就在于这类品种的流行度高。非软骨发育不良品种也会发生，但频率低得多。,6,3,PENDING_REVIEW,,
品种遗传风险,breed-004,短头颅（扁脸）犬的气道与口腔风险：巴哥、法国斗牛犬、英国斗牛犬、波士顿梗,预防,高（写错会延误或伤人）,,三个以上机构,6,WSAVA-HEREDITARY / WSAVA-WELFARE / ACVIM-CONSENSUS / AAHA-DENTAL-2019 / AAHA-LIFE-STAGE-2019 / SACN5,Health-conscious breeding / Chapter 4 · Selective breeding of companion animals；Chapter 3 · suitable diet（饲喂器具适配短头颅动物） / ACVIM 2020 肺动脉高压共识 · Group 3a1 气管/主支气管塌陷、BOAS 条目与 T8 建议 / 麻醉与口腔评估章节 / Breed-specific screening / 牙科护理段落 / 第47章 牙周病 · Breed 节,"极短的面部（brachycephaly）被 WSAVA 遗传病委员会明确列为""容易致病的解剖特征""之一，选育方向应当是更温和、更不极端的面部结构。短头颅犬的气道结构与牙齿拥挤会带来一系列可预期的风险：麻醉与苏醒期需要特别防范低氧与呼吸困难，咬合异常与牙齿拥挤让口腔护理更难，上气道阻塞还可能与肺动脉高压相关。",6,3,PENDING_REVIEW,,
品种遗传风险,breed-005,二尖瓣退变（心内膜病）：骑士查理王小猎犬与小型犬的品种相关心脏筛查,预防,高（写错会延误或伤人）,,三个以上机构,4,SACN5 / AAHA-LIFE-STAGE-2019 / ACVIM-CONSENSUS / AAHA-SENIOR-2023,第36章 心血管疾病 · 获得性心脏病与品种段落 / Breed-specific screening 行；Table 4（ECG 行） / ACVIM 2020 肺动脉高压共识 · Group 2 与 MMVD 相关段落 / Home Monitoring Tips for Senior Pets · Heart,"慢性二尖瓣瓣膜病（心内膜病）是犬最常见的获得性心脏异常，影响超过三分之一的 10 岁以上犬，在小体型犬中发生频率相对更高；SACN5 记录骑士查理王小猎犬（Cavalier King Charles Spaniel）中二尖瓣疾病在英国、瑞典、美国被检出的比例超过 50%。建议从中年起把""听诊有无心脏杂音""作为每次体检的固定项目。",6,3,PENDING_REVIEW,,
品种遗传风险,breed-006,扩张型心肌病：杜宾、拳师与大型犬的品种相关心脏风险,预防,高（写错会延误或伤人）,,三个以上机构,4,SACN5 / AAHA-LIFE-STAGE-2019 / WSAVA-HEREDITARY / AAHA-SENIOR-2023,第36章 心血管疾病 · 心肌疾病与 Risk Factors 段 / Breed-specific screening 行；Table 4 / The importance of genetic counselling / Home Monitoring Tips for Senior Pets,SACN5 指出，大型犬（尤其公犬）更容易发生扩张型心肌病（DCM），其中杜宾犬（Doberman Pinscher）特别易感；拳师犬（Boxer）中常见的是致心律失常性右心室心肌病（ARVC）。SACN5 把心血管疾病的危险因素总结为品种、性别、肥胖、肾脏病、药物、内分泌病与心丝虫感染，其中品种与性别是最重要的两个。,6,3,PENDING_REVIEW,,
品种遗传风险,breed-008,铜蓄积性肝病：贝灵顿梗、拉布拉多等品种的肝铜风险,预防,高（写错会延误或伤人）,,三个以上机构,3,ACVIM-CONSENSUS / SACN5 / AAHA-LIFE-STAGE-2019,ACVIM 2019 犬慢性肝炎共识 · 铜相关慢性肝炎段落 / 第68章 肝胆疾病 · Canine Copper-Associated Hepatotoxicosis / Breed-specific screening 行（Mature Adult / Senior 列）,铜相关慢性肝炎（CuCH）可以发生在任何品种（包括混血犬），但贝灵顿梗（Bedlington Terrier）、达尔马提亚犬、拉布拉多寻回犬、杜宾犬与西高地白梗被认为更容易发生；贝灵顿梗是研究得最清楚的遗传性铜中毒模型。异常铜蓄积来自胆汁排铜障碍、膳食铜过多，或两者兼有。风险更高不等于会发病，但值得在体检中关注肝酶，必要时评估肝铜。,6,3,PENDING_REVIEW,,
品种遗传风险,breed-009,门体分流与门静脉发育不良：约克夏、马尔济斯等小型犬的血管异常,预防,高（写错会延误或伤人）,,三个以上机构,3,SACN5 / AAHA-LIFE-STAGE-2019 / MERCK-HEPATIC,第68章 肝胆疾病 · Portosystemic Shunts in Dogs and Cats（含 Primary portal vein hypoplasia） / Breed-specific screening 行（Puppy 列） / 胆汁酸与门体分流判读（背景与警示）,先天性门体分流（PSS）分为肝内型（多见于大型犬）与肝外型（多见于小型犬）；爱尔兰猎狼犬中已确认存在遗传基础。SACN5 还记录，原发性门静脉发育不良（微血管发育不良）常见于凯恩梗、约克夏梗与马尔济斯。幼年患犬可能生长迟缓、体重不增，部分会出现肝性脑病或尿酸盐结石。AAHA 生命阶段指南把门体分流列入幼犬阶段应筛查的异常之一。,6,3,PENDING_REVIEW,,
品种遗传风险,breed-014,皮肤与被毛的品种遗传倾向：西高地、沙皮、英国斗牛犬等,预防,高（写错会延误或伤人）,,三个以上机构,3,SACN5 / WSAVA-HEREDITARY / AAHA-LIFE-STAGE-2019,第32章 表32-2 与 Atopy 段；第31章 Adverse Reactions to Food 段 / Health-conscious breeding / Breed-specific screening 行（Puppy 列）,"SACN5 皮肤与被毛疾病章节给出""非肿瘤性皮肤病品种倾向""表与特应性皮炎易感品种名单：西高地白梗（West Highland White Terrier）、沙皮犬（Chinese Shar-Pei）、英国斗牛犬（English Bulldog）、拳师犬、拉布拉多、金毛、波士顿梗、达尔马提亚犬、巴哥犬等都在不同项目上被列出。WSAVA 遗传病委员会还把""皮肤褶皱""明确列为容易致病的解剖特征，呼吁选育更温和的结构。",6,3,PENDING_REVIEW,,
品种遗传风险,breed-015,免疫介导性疾病的品种倾向：德国牧羊犬、沙皮、拳师犬等易感品种概览,预防,高（写错会延误或伤人）,,三个以上机构,3,ACVIM-CONSENSUS / SACN5 / WSAVA-REPRO,ACVIM 2026 犬慢性肠病共识 · 品种易感性段；ACVIM 2022 现状综述 · 遗传与免疫段 / 第61章 表61-3；第29章 Hypothyroidism；第31章 Adverse Reactions to Food / 5.1.4 与性腺切除长期影响章节,多类免疫相关疾病都有品种倾向。可引用的来源包括：ACVIM 犬慢性肠病共识列出德国牧羊犬（German Shepherd Dog）、软毛麦色梗与中国沙皮犬（Chinese Shar-Pei）等易感品种；拳师犬与法国斗牛犬的肉芽肿性结肠炎与黏膜侵袭性大肠杆菌相关；SACN5 记录拳师犬与组织细胞性结肠炎相关，并指出淋巴细胞性甲状腺炎（免疫介导）存在品种倾向；WSAVA 犬猫生殖管理指南记录性腺切除与某些免疫疾病发生率升高相关。,6,3,PENDING_REVIEW,,
行为与认知,behav-003,行为变了先查身体：疼痛、感官退化、牙病与内科病,分诊,高（写错会延误或伤人）,尽快就医,三个以上机构,5,SACN5 / AAHA-SENIOR-2023 / AAHA-LIFE-STAGE-2019 / WSAVA-WELFARE / WSAVA-PAIN-2022,第35章 患者评估、风险因素、再评估 / 工具包第11页 居家监测指南（各系统信号） / Safety；Behavior · For the senior dog / Five Animal Welfare Needs 第5项 / 准则（第5页）；表5（犬急性疼痛行为）；表8（犬慢性疼痛行为）,"老年犬出现行为变化时，第一步不是""纠正行为""，而是排查身体原因：疼痛（尤其关节炎、牙痛）、视力与听力下降、肾病、高血压、内分泌疾病、口腔问题都可能表现为行为改变。认知功能障碍（CDS）只有在排除其他医学问题之后才能成立；发现异常请尽快安排就诊，并带上在家的行为记录与用药清单。",6,3,PENDING_REVIEW,,
行为与认知,behav-010,什么时候该看医生：行为变化的就医时机,分诊,高（写错会延误或伤人）,尽快就医,三个以上机构,5,WSAVA-WELFARE / SACN5 / AAHA-SENIOR-2023 / AAHA-LIFE-STAGE-2019 / WSAVA-PAIN-2022,Recognition of animal pain；Conclusion / 第35章 再评估；病例35-1 讨论 / 工具包第11页 居家监测指南 / Behavior 章节 / 准则（第5页）；1.6–1.7 慢性疼痛的识别,行为变化本身就需要兽医评估：WSAVA 动物福利指南明确指出，疼痛常常是通过行为改变被识别出来的，行为改变往往是动物不舒服的最早线索。以下几种情况不要等：突然出现的行为变化、已经影响进食或睡眠、出现攻击或自伤、出现抽搐或站不起来等神经表现。,6,2,PENDING_REVIEW,,
行为与认知,behav-011,行为变化与长期用药：把用药清单带给医生,解读,高（写错会延误或伤人）,,两个机构互相印证,2,SACN5 / AAHA-LIFE-STAGE-2019,第35章 患者评估；病例35-2 讨论 / 表2 生命阶段检查清单 · 用药与补充剂询问,"老年犬常同时管理多个健康问题，可能同时使用多种处方药、保健品或外用产品，其中一些可能与行为变化有关。SACN5 在排查老年犬行为问题时，把""正在使用的药物治疗""列为可能的影响因素之一；AAHA 生命阶段指南把""询问当前使用的药物与补充剂（含保健品、草药）""列入就诊内容。做法很简单：把完整用药清单带给兽医，由兽医判断相关性——不要自行停药或改剂量。",5,3,PENDING_REVIEW,,
