"领域","编号","标题","分类","风险等级","紧急程度","证据强度","来源机构数","来源","定位","结论","要点数","注意事项数","当前审核状态","审核结论（请填）","审核意见（请填）"
"免疫/疫苗","immune-001","犬的核心疫苗是哪几种：每一只狗都应该接种","免疫","高（写错会延误或伤人）","","两个机构互相印证","2","WSAVA-VACC-2024 / CN-EPIDEMIC-LAW","Different types of vaccine / 动物防疫法 · 强制免疫","犬的核心疫苗是预防犬瘟热（CDV）、犬腺病毒（CAV）和犬细小病毒（CPV）的疫苗——WSAVA 明确""应当给每一只狗和猫接种核心疫苗""。狂犬病疫苗在中国属于强制免疫，按国内法规执行。","5","2","PENDING_REVIEW","",""
"免疫/疫苗","immune-002","母源抗体：幼犬为什么不能只打一针","免疫","高（写错会延误或伤人）","","两个机构互相印证","2","WSAVA-VACC-2024 / AAHA-VACC-2022","Effects of maternally derived antibodies on immunisation / 幼犬免疫程序","幼犬通过初乳获得母源抗体（MDA），它在出生后按约 9–10 天的半衰期下降。在 MDA 还高的时候打疫苗，疫苗会被中和、不会产生主动免疫——所以幼犬首免要打多次，而不是一针就够。","5","2","PENDING_REVIEW","",""
"免疫/疫苗","immune-003","易感窗口期：最危险的那几周","免疫","高（写错会延误或伤人）","","两个机构互相印证","2","WSAVA-VACC-2024 / AAHA-VACC-2022","Fig 1 与正文 / 幼犬免疫程序","母源抗体已经低到不足以保护、却又高到足以干扰疫苗，中间这段时间叫""易感窗口期""。此时幼犬既防不住病、又打不上免疫——这是它一生中最危险的一段。","4","2","PENDING_REVIEW","",""
"免疫/疫苗","immune-004","幼犬首免的推荐时间表","免疫","高（写错会延误或伤人）","","两个机构互相印证","2","WSAVA-VACC-2024 / AAHA-VACC-2022","MDA 章节与 Fig 1 / 幼犬免疫程序","WSAVA 推荐的幼犬核心疫苗首免程序是：从 6–8 周龄开始，每 2–4 周接种一次，直到 16 周龄或更大。16 周龄那一针很关键——它保证在绝大多数幼犬 MDA 已经消退后至少接种到一次。","6","2","PENDING_REVIEW","",""
"免疫/疫苗","immune-005","成年犬的加强免疫：三年一次而不是每年一次","免疫","高（写错会延误或伤人）","","两个机构互相印证","2","WSAVA-VACC-2024 / CN-EPIDEMIC-LAW","Serological testing 章节 / 强制免疫与免疫证明","对犬瘟、细小、腺病毒这三种核心疫苗，接种后建立的免疫力可以维持很多年（远超 3 年）。WSAVA 因此建议这类核心疫苗的加强间隔为三年或更少频次，而不是每年一针。","4","2","PENDING_REVIEW","",""
"免疫/疫苗","immune-006","抗体检测能代替打疫苗吗","免疫","高（写错会延误或伤人）","","两个机构互相印证","2","WSAVA-VACC-2024 / AAHA-VACC-2022","Serological testing 章节 / 抗体检测","抗体阳性通常说明有保护，可以据此推迟加强；但抗体阴性不等于没有保护——细胞免疫与免疫记忆测不出来。所以抗体检测是""可以少打""的依据，不是""不用打""的依据。","6","2","PENDING_REVIEW","",""
"免疫/疫苗","immune-007","老年犬还要不要打疫苗","免疫","高（写错会延误或伤人）","","两个机构互相印证","2","WSAVA-VACC-2024 / AAHA-SENIOR-2023","Aged animals 段落 / 老年护理工具包","一辈子按指南接种过来的老年犬，不需要额外的强化方案；但研究显示""3 年以上没接种""的老年犬抗体达标率更低，所以老年犬仍建议维持三年一次（或更频繁）的核心疫苗加强。","6","2","PENDING_REVIEW","",""
"免疫/疫苗","immune-008","疫苗接种记录该记什么（医生最需要的六项）","免疫","中","","单一来源","1","WSAVA-VACC-2024","Medical records documentation","WSAVA 要求接种时在病历里记下六项：接种日期、接种人、疫苗名称、批号/序列号、有效期、生产厂商，以及接种部位与途径。出问题时，缺哪一项都很难追。","7","1","PENDING_REVIEW","",""
"免疫/疫苗","immune-009","打完疫苗后的不良反应：什么情况要立刻回医院","分诊","高（写错会延误或伤人）","立即就医","两个机构互相印证","2","WSAVA-VACC-2024 / AAHA-VACC-2022","Any adverse events 段落 / 疫苗不良反应","接种后出现面部肿胀、荨麻疹、呕吐、呼吸困难、虚弱倒地，属于急性过敏反应，需要立即回医院；只有轻微精神差、注射部位小硬结、食欲略降，可以先观察。","5","2","PENDING_REVIEW","",""
"免疫/疫苗","immune-010","国内狂犬病免疫与犬只登记的关系","免疫","高（写错会延误或伤人）","","三个以上机构","3","CN-EPIDEMIC-LAW / CN-RABIES-TECH / AAHA-VACC-2022","强制免疫相关条款 / 免疫程序与记录 / 狂犬病疫苗","狂犬病在我国属于强制免疫病种。犬只需要按国家与当地规定接种狂犬疫苗，并取得免疫证明——这既是防疫要求，也通常与养犬登记、出行、寄养挂钩。","4","2","PENDING_REVIEW","",""
"免疫/疫苗","immune-011","疫苗不只是打针：整体预防保健包含哪些","预防","中","","两个机构互相印证","2","WSAVA-VACC-2024 / AAHA-LIFE-STAGE-2019","Comprehensive preventative health care / 生命阶段检查建议","WSAVA 把疫苗定位成""整体预防保健的一部分""：定期（通常每年）健康检查，加上体内外寄生虫、人畜共患病预防、口腔护理、营养建议与行为评估。只打针不体检，等于只做了一半。","4","1","PENDING_REVIEW","",""
"免疫/疫苗","immune-012","非核心疫苗怎么决定打不打","免疫","中","","两个机构互相印证","2","WSAVA-VACC-2024 / AAHA-VACC-2022","非核心疫苗段落 / 非核心疫苗","非核心疫苗（钩端螺旋体、副流感、博德特氏菌等）不是默认全打，而是按每只狗的生活方式与当地疫情逐只评估：常去草地积水、常接触其他犬、常寄养或参赛的狗，风险更高。","4","2","PENDING_REVIEW","",""
"免疫/疫苗","immune-013","疫苗打晚了 / 漏了一针怎么办","免疫","中","","单一来源","1","WSAVA-VACC-2024","免疫记忆与回忆应答段落","漏打或延迟时，通常不需要从头再来：成年犬补一针核心疫苗即可恢复防御（免疫记忆会带来快速应答）。幼犬首免期间漏针，则要看它当时多大、漏的是第几针，由兽医决定怎么补。","4","2","PENDING_REVIEW","",""
"免疫/疫苗","immune-014","接种部位与途径为什么要记录","免疫","中","","单一来源","1","WSAVA-VACC-2024","Medical records documentation","WSAVA 要求记录接种的解剖部位与途径。原因很实际：日后该部位出现肿块、或需要判断某次反应与哪一针有关时，这个信息是唯一的线索。","3","1","PENDING_REVIEW","",""
"免疫/疫苗","immune-015","接种部位出现肿块：什么时候要看医生","分诊","高（写错会延误或伤人）","尽快就医","两个机构互相印证","2","WSAVA-VACC-2024 / AAHA-VACC-2022","不良反应与接种部位记录 / 接种部位反应","接种后注射部位出现一过性小硬结、且 1–2 周内自行变小，可以先观察；如果肿块持续超过 1 个月、或还在变大，应尽快就医检查。","3","2","PENDING_REVIEW","",""
"检查指标解读","lab-001","看懂化验单的第一件事：参考区间是这家实验室的","解读","中","","单一来源","1","MERCK-CLINICAL-BIOCHEM","参考区间章节","化验单上的""参考区间""是出具这份报告的实验室针对自己的仪器与方法制定的，不是全国统一标准。判断某个值是否异常，只能对着这份报告上印的区间看，不能拿别家的区间套。","5","2","PENDING_REVIEW","",""
"检查指标解读","lab-002","一个指标超出区间，不等于得了病","解读","中","","单一来源","1","MERCK-CLINICAL-BIOCHEM","结果解读原则","单次、轻度的指标偏离在健康动物身上并不少见，可能来自脱水、应激、进食、剧烈运动、采样或检测误差。判断一个异常值有没有意义，要看它偏离多少、是否持续、以及有没有配套的其他异常。","4","2","PENDING_REVIEW","",""
"检查指标解读","lab-003","肌酐与尿素：反映肾功能，但都不是唯一依据","解读","高（写错会延误或伤人）","","两个机构互相印证","2","IRIS-CKD-2026 / MERCK-CLINICAL-BIOCHEM","分期系统与判读前提 / 尿素与肌酐段落","肌酐与尿素是评估肾功能的常用指标，但两者都会受肾外因素影响（脱水、蛋白摄入、肌肉量、消化道出血等）。轻度尿素升高本身不构成肾病诊断，需要结合肌酐、尿检、尿比重等一起判断。","5","2","PENDING_REVIEW","",""
"检查指标解读","lab-004","IRIS 分期是什么：为什么它要兽医来做","解读","高（写错会延误或伤人）","","两个机构互相印证","2","IRIS-CKD-2026 / SACN5","IRIS Staging System / 第37章 慢性肾病","IRIS 是国际肾病协会制定的慢性肾病分期体系，按稳定的血清肌酐把 CKD 分为四期，另外再按蛋白尿与血压细分。这两个前提很关键：CKD 必须已被确认，且氮质血症必须已定位为肾性来源。","5","2","PENDING_REVIEW","",""
"检查指标解读","lab-005","肝酶升高说明什么（以及不说明什么）","解读","中","","两个机构互相印证","2","MERCK-CLINICAL-BIOCHEM / ACVIM-CONSENSUS","肝酶段落 / ACVIM 2019 犬慢性肝炎共识","肝酶（如 ALT、ALP）升高反映的是""肝细胞受到刺激或损伤""，不等于肝功能衰竭。有些酶受药物、激素、骨骼生长等因素影响；真正的""肝功能""要看白蛋白、胆红素、胆汁酸、凝血等指标。","4","2","PENDING_REVIEW","",""
"检查指标解读","lab-006","血常规怎么看：三类细胞各管什么","解读","中","","两个机构互相印证","2","MERCK-HEME / ACVIM-CONSENSUS","血常规解读 / ACVIM 2019 IMHA 诊断共识","血常规主要看三类：红细胞（携带氧气，反映贫血或脱水）、白细胞（免疫与炎症）、血小板（凝血）。单看总数意义有限，要看分类比例与形态。","4","2","PENDING_REVIEW","",""
"检查指标解读","lab-007","尿检为什么不能省","解读","高（写错会延误或伤人）","","两个机构互相印证","2","IRIS-CKD-2026 / MERCK-CLINICAL-BIOCHEM","蛋白尿评估 / 尿液分析","尿检能提供血液检查给不了的信息：尿液浓缩能力（尿比重）、有没有蛋白尿、有没有感染或结晶。肾病的判读离不开尿检 —— 单看血里的肌酐无法区分""肾性""还是""肾前性""。","5","2","PENDING_REVIEW","",""
"检查指标解读","lab-008","为什么医生要说""复查""而不是当场下结论","复查","中","","两个机构互相印证","2","IRIS-CKD-2026 / AAHA-LIFE-STAGE-2019","监测与复查 / 生命阶段检查","绝大多数指标的价值在于趋势而不是单点。复查的目的有三个：确认异常是否持续、看变化速度、以及评估治疗或饮食调整有没有效果。所以""过多久复查""本身就是医嘱的一部分。","5","2","PENDING_REVIEW","",""
"检查指标解读","lab-009","化验前要不要空腹：不按要求做会让结果失真","预防","中","","单一来源","1","MERCK-CLINICAL-BIOCHEM","采样前准备","不少生化指标会受进食影响，所以医生会要求空腹采血。没有按要求空腹，结果可能失真、甚至需要重抽一次 —— 最省事的做法是采血前跟医院确认一次要求。","5","2","PENDING_REVIEW","",""
"检查指标解读","lab-010","""检查都正常""也是有价值的结果","解读","低","","单一来源","1","MERCK-CLINICAL-BIOCHEM","诊断思路","检查正常不是白花钱：它排除了很多可能性，把方向收窄到剩下的几种。临床上""排除了严重问题""本身就是一个重要结论，接下来往往靠观察、复查或更有针对性的检查来推进。","4","2","PENDING_REVIEW","",""
"检查指标解读","lab-021","ALT 与 AST：反映肝细胞受损，不等于肝功能好坏","解读","中","","两个机构互相印证","2","MERCK-CLINICAL-BIOCHEM / ACVIM-CONSENSUS","ALT / AST 段落 / ACVIM 2019 犬慢性肝炎共识 · 临床病理学与诊断流程","ALT 与 AST 是""肝细胞受损""的提示指标，不是肝功能指标。它们升高只说明肝细胞受到刺激或损伤，不能说明肝脏还能不能干活；判断肝功能要看白蛋白、胆红素、胆汁酸、血糖与凝血。","5","3","PENDING_REVIEW","",""
"检查指标解读","lab-022","ALP 与 GGT：提示胆汁淤积，但都容易被""非肝胆因素""带偏","解读","中","","两个机构互相印证","2","MERCK-CLINICAL-BIOCHEM / ACVIM-CONSENSUS","ALP / GGT 段落 / ACVIM 2019 犬慢性肝炎共识 · 诊断流程","ALP 升高常见于胆汁淤积，也常来自激素与药物影响；幼犬生长期骨骼发育本身就会让 ALP 偏高。ALP 与 GGT 一起看比单看一个有用：两者同向升高更支持胆道问题。","5","2","PENDING_REVIEW","",""
"检查指标解读","lab-023","胆汁酸与胆红素：一个看""功能""，一个看""黄疸""","解读","中","","两个机构互相印证","2","MERCK-HEPATIC / ACVIM-CONSENSUS","Total Serum Bile Acids 段落 / ACVIM 2019 犬慢性肝炎共识 · 诊断流程","胆汁酸反映肝脏处理胆汁的能力，比胆红素更敏感；胆红素升高更多对应已经出现的黄疸。两者结合影像与肝活检，才能回答""肝胆到底出了什么问题""。","5","3","PENDING_REVIEW","",""
"检查指标解读","lab-024","血氨：和肝性脑病有关，但正常的血氨不能排除它","解读","中","","两个机构互相印证","2","MERCK-HEPATIC / ACVIM-CONSENSUS","Ammonia in Hepatic Disease 段落 / ACVIM 2019 犬慢性肝炎共识 · 门体分流与肝性脑病","血氨升高提示肝脏清除氨的能力下降，常见于门体分流和一些严重肝病。单次血氨正常不能排除肝性脑病；而且血氨对采样与送检要求很苛刻，结果容易失真。","5","3","PENDING_REVIEW","",""
"检查指标解读","lab-025","一次抽血看""肝功能""够不够：酶、合成、排泄三组要一起看","解读","中","","两个机构互相印证","2","ACVIM-CONSENSUS / MERCK-CLINICAL-BIOCHEM","ACVIM 2019 犬慢性肝炎共识 · 诊断流程 / 肝酶与肝功能指标段落","肝酶 ≠ 肝功能。评估肝脏要三组一起看：损伤指标（ALT、AST）、胆汁淤积指标（ALP、GGT、胆红素、胆汁酸）、合成功能指标（白蛋白、血糖、凝血）。缺一组，结论就可能偏。","5","2","PENDING_REVIEW","",""
"检查指标解读","lab-026","尿素与肌酐：为什么不能只看一个","解读","高（写错会延误或伤人）","","两个机构互相印证","2","IRIS-CKD-2026 / MERCK-CLINICAL-BIOCHEM","分期系统与判读前提 / 尿素与肌酐段落","尿素容易受饮食蛋白与脱水影响，肌酐则受肌肉量影响。两者一起看、看比值与变化趋势，比单看一个可靠得多；而且它们都不是早期肾损伤的敏感指标。","5","3","PENDING_REVIEW","",""
"检查指标解读","lab-027","SDMA：比肌酐更早，但不是""确诊肾病""的开关","解读","中","","两个机构互相印证","2","IRIS-CKD-2026 / MERCK-CLINICAL-BIOCHEM","SDMA 判读前提 / 肾功能指标段落","SDMA 在肾功能下降的较早阶段就可能升高，比肌酐更早给提示。但它是筛查与提示工具，不是确诊开关：升高需要结合尿检、尿比重、蛋白尿与影像一起判断。","5","2","PENDING_REVIEW","",""
"检查指标解读","lab-028","磷与钙磷乘积：肾病随访里最容易被忽略的一组","解读","中","","两个机构互相印证","2","IRIS-CKD-2026 / MERCK-CLINICAL-BIOCHEM","磷管理与随访 / 钙与磷段落","磷升高是肾功能下降后的常见改变，也是需要长期盯着的一项。钙磷乘积是评估软组织钙化风险的参考，但怎么处理要由兽医结合分期、饮食与用药一起决定。","5","3","PENDING_REVIEW","",""
"检查指标解读","lab-029","总蛋白、白蛋白、球蛋白、白球比：四个一起读才有意义","解读","中","","两个机构互相印证","2","MERCK-CLINICAL-BIOCHEM / SACN5","总蛋白 / 白蛋白 / 球蛋白段落 / 第1章 · 患者评估（实验室检查部分）","总蛋白是白蛋白与球蛋白的合计，白球比能区分不同的异常模式。白蛋白偏低要重视，因为它关系到血管内水分能不能留住，可能提示流失、合成不足或炎症。","5","2","PENDING_REVIEW","",""
"检查指标解读","lab-030","呕吐腹泻之后电解质为什么会乱：钠、钾、氯怎么看","分诊","中","尽快就医","单一来源","1","MERCK-CLINICAL-BIOCHEM","钠 / 钾 / 氯段落","呕吐与腹泻会带走水分与电解质，不同的丢失方式导致不同的紊乱方向。钠、钾、氯常常一起看，因为它们反映的是水盐与酸碱状态，而不是单一器官。","5","3","PENDING_REVIEW","",""
"检查指标解读","lab-031","一次血糖高不等于糖尿病：应激也能把血糖顶上去","解读","中","","两个机构互相印证","2","SACN5 / MERCK-CLINICAL-BIOCHEM","第29章 · 糖尿病（诊断与评估） / 血糖段落","去医院紧张、采血时挣扎，都可能让血糖一过性升高；持续的空腹高血糖加上尿糖，才是提示糖尿病的模式。单次血糖升高需要结合症状与复查来判断。","5","3","PENDING_REVIEW","",""
"检查指标解读","lab-032","果糖胺：看的是过去一段时间的平均血糖","解读","中","","两个机构互相印证","2","SACN5 / MERCK-CLINICAL-BIOCHEM","第29章 · 糖尿病（血糖控制评估） / 血糖与血清蛋白段落","果糖胺反映抽血前一段时间的平均血糖水平，能部分抵消""医院里紧张导致血糖偏高""的干扰。但它会被白蛋白与总蛋白影响，单看它不足以判断控制好坏。","5","3","PENDING_REVIEW","",""
"检查指标解读","lab-033","胆固醇与甘油三酯：先分清是""没空腹""还是""真有病""","解读","中","","两个机构互相印证","2","SACN5 / MERCK-CLINICAL-BIOCHEM","第28章 · 脂质代谢紊乱（患者评估） / 胆固醇与甘油三酯段落","血脂最容易受""刚吃过饭""影响，判读前先确认有没有按要求空腹、样本有没有脂血。持续且明显的升高需要找原因：内分泌疾病、肝病、蛋白丢失性肾病等都可能造成。","5","3","PENDING_REVIEW","",""
"检查指标解读","lab-034","T4、fT4 与 TSH：为什么单看 T4 会误判","解读","中","","两个机构互相印证","2","SACN5 / MERCK-CLINICAL-BIOCHEM","甲状腺功能评估相关章节 / 激素与蛋白结合指标段落","总 T4 会受""非甲状腺疾病""和药物影响而偏低，单看它容易把生病的狗误判成甲减。判读甲状腺通常要把总 T4、游离 T4（平衡透析法）与 TSH 放在一起，并结合临床症状。","6","3","PENDING_REVIEW","",""
"检查指标解读","lab-035","犬胰脂肪酶（cPL）与普通脂肪酶：为什么普通脂肪酶不算数","解读","高（写错会延误或伤人）","","两个机构互相印证","2","MERCK-CLINICAL-BIOCHEM / SACN5","淀粉酶 / 脂肪酶 / PLI 段落 / 第67章 急性与慢性胰腺炎 · 实验室检查","普通的血脂肪酶与淀粉酶特异性不高：肾脏、肝脏、肠道等非胰腺问题也可能让它们升高。犬胰脂肪酶免疫反应性（cPL）测的是胰腺来源的脂肪酶，对胰腺更特异、也更敏感，但仍需结合症状与影像判断。","5","3","PENDING_REVIEW","",""
"检查指标解读","lab-036","CK、cTnI、NT-proBNP：三个""肌肉与心脏""指标各提示什么","解读","中","","三个以上机构","3","ACVIM-CONSENSUS / MERCK-CLINICAL-BIOCHEM / SACN5","ACVIM 2015 心血管–肾脏轴共识 · 生物标志物章节 / CK 段落 / 第36章 · 心血管疾病（临床评估）","三者不是一回事：CK 反映骨骼肌或心肌损伤，cTnI 提示心肌损伤，NT-proBNP 反映心脏壁的牵张压力。它们都只是""提示""，需要结合超声心动图与临床表现判读。","5","3","PENDING_REVIEW","",""
"检查指标解读","lab-037","CRP 等炎症指标：高了不等于感染，正常也不等于没病","解读","中","","两个机构互相印证","2","MERCK-CLINICAL-BIOCHEM / ACVIM-CONSENSUS","炎症相关指标段落 / ACVIM 2022 犬慢性肠病共识 · 实验室评估","CRP 等急性期蛋白在炎症或感染时会升高，但它只说明""身体里有炎症反应""，不说明炎症在哪里、由什么引起。它更适合用来跟踪趋势，而不是单独下结论。","5","2","PENDING_REVIEW","",""
"检查指标解读","lab-038","铜、锌、铁：微量元素不是""查一次补一点""这么简单","解读","中","","三个以上机构","3","ACVIM-CONSENSUS / MERCK-CLINICAL-BIOCHEM / SACN5","ACVIM 2019 犬慢性肝炎共识 · 铜与肝脏 / 矿物质与微量元素段落 / 第32章 · 皮肤与被毛疾病（锌、铜）","微量元素之间存在相互影响：铜与锌会互相干扰吸收，肝铜蓄积在部分犬种会损伤肝脏。补充剂不能凭一次血检结果自行添加，而且血里的水平不一定代表器官里的储存量。","5","3","PENDING_REVIEW","",""
"检查指标解读","lab-039","报告上没印的指标，要不要自己补查","解读","低","","两个机构互相印证","2","MERCK-CLINICAL-BIOCHEM / AAHA-LIFE-STAGE-2019","检测项目选择章节 / 各生命阶段检查建议","报告上没有的指标有两种可能：没测，或者测了但结果正常所以没印。这两种情况处理方式完全不同，所以第一件事是向医院问清楚，而不是自己找地方补查。","5","3","PENDING_REVIEW","",""
"检查指标解读","lab-040","同一指标在不同实验室，为什么不能直接比","解读","低","","两个机构互相印证","2","MERCK-CLINICAL-BIOCHEM / AAHA-LIFE-STAGE-2019","参考区间与方法学段落 / 健康检查与结果随访","不同实验室的仪器、试剂、检测方法不同，同一个样本在不同地方测出的数字可以不一样。比较趋势时，最好用同一家实验室、同一种方法的结果。","5","2","PENDING_REVIEW","",""
"检查指标解读","lab-041","化验单上的箭头上上下下，到底怎么读","解读","低","","两个机构互相印证","2","MERCK-CLINICAL-BIOCHEM / AAHA-LIFE-STAGE-2019","结果解读原则 / 检查与随访","箭头只表示""这一项超出了本实验室的参考区间""，不等于病情严重程度。读报告要按""偏离多少、几项一起动、变化速度、和症状对不对得上""来排序，而不是数箭头个数。","5","2","PENDING_REVIEW","",""
"检查指标解读","lab-042","哪些项目要空腹、哪些不用：别把""没空腹""变成白抽一次","预防","低","","单一来源","2","MERCK-CLINICAL-BIOCHEM / MERCK-HEPATIC","采样前准备与样本处理 / Total Serum Bile Acids 段落 · 采样要求","是否需要空腹取决于要查哪些项目，没有统一答案。最省事的做法是预约时直接问医院：""这次需要空腹吗？水能不能喝？""","5","3","PENDING_REVIEW","",""
"检查指标解读","lab-043","红细胞压积与血红蛋白：三个指标其实在说同一件事","解读","中","","两个机构互相印证","2","MERCK-HEME / ACVIM-CONSENSUS","RBC measurements 与 artifacts 段落 / ACVIM 2019 IMHA 诊断共识 · Anemia","红细胞压积（PCV/HCT）、血红蛋白浓度、红细胞计数不是三个独立指标，而是从三个角度测量同一件事，把它们当成互不相干的变量来解读是错的。它们协同变化，据此算出的平均红细胞体积与平均血红蛋白浓度，才是看""红细胞长什么样""的线索。","6","2","PENDING_REVIEW","",""
"检查指标解读","lab-044","白细胞总数与分类：百分比会骗人，要看绝对值","解读","中","","两个机构互相印证","2","MERCK-HEME / ACVIM-CONSENSUS","WBC 段落（meaningful interpretation requires the absolute number） / ACVIM 2024 ITP 诊断共识 · Global screening recommendations","白细胞报告上的百分比不能单独解读：有意义的是每一类细胞的绝对数量。某一类的百分比升高，可能只是因为另一类变少了，而不是这一类真的变多——兽医看的是""总数乘比例""算出来的绝对数。","5","2","PENDING_REVIEW","",""
"检查指标解读","lab-045","中性粒细胞与淋巴细胞：感染、炎症与应激的不同模式","解读","中","","两个机构互相印证","2","MERCK-HEME / ACVIM-CONSENSUS","Neutrophils / Lymphocytes 段落 / ACVIM 2015 治疗性抗菌药使用与耐药性共识 · Controlling Disease without Antimicrobials","中性粒细胞升高不等于细菌感染：炎症、急性应激、糖皮质激素作用、肿瘤都可能让它升高。淋巴细胞减少最常见的原因是糖皮质激素（应激或用药），而不是""免疫力被摧毁""——白细胞象要放在整体里读。","6","2","PENDING_REVIEW","",""
"检查指标解读","lab-046","嗜酸性粒细胞升高：过敏、寄生虫与其他可能","解读","中","","两个机构互相印证","2","MERCK-HEME / AAHA-LIFE-STAGE-2019","Eosinophils 段落 / 寄生虫筛查段落","嗜酸性粒细胞升高常见于过敏/超敏反应、寄生虫感染、组织损伤，也可见于肥大细胞瘤、母犬发情或妊娠；有些大型犬品种平时就相对偏高。它降低则几乎都是糖皮质激素（自身分泌或用药）造成的，单独看意义有限。","5","2","PENDING_REVIEW","",""
"检查指标解读","lab-047","血小板：数值低不一定是真的低，但出血信号不能等","解读","高（写错会延误或伤人）","","两个机构互相印证","2","MERCK-HEME / ACVIM-CONSENSUS","Platelets 段落 / ACVIM 2024 ITP 诊断共识 · Algorithm for the diagnosis of ITP","血小板参与凝血。报告上血小板偏低时，第一件事是确认它是不是真的低——采血与处理过程中的血小板聚集会造成假性偏低；但若同时出现皮肤瘀点、瘀斑、牙龈或鼻出血，就属于需要尽快联系兽医的信号。","5","2","PENDING_REVIEW","",""
"检查指标解读","lab-048","网织红细胞：判断贫血时骨髓有没有在""加班""","解读","中","","两个机构互相印证","2","MERCK-HEME / ACVIM-CONSENSUS","Polychromasia / regeneration 段落 / ACVIM 2019 IMHA 诊断共识 · Anemia","网织红细胞是刚释放到血液里的年轻红细胞。它升高说明骨髓在加速造血（再生性反应），方向指向失血或溶血；不升高则提示骨髓反应不足，是完全不同的方向。判断贫血的性质，比单看贫血有多重更重要。","5","2","PENDING_REVIEW","",""
"检查指标解读","lab-049","血涂片与贫血的形态学：机器给数字，涂片给答案","解读","中","","两个机构互相印证","2","MERCK-HEME / ACVIM-CONSENSUS","RBC morphology / 血涂片检查段落 / ACVIM 2019 IMHA 诊断共识 · Prominent spherocytosis / Erythrocyte ghosts","自动血常规只给数字，血涂片能看到细胞的形态，而形态常常直接指向病因方向。看贫血时，除了""有多重""，还要看红细胞是大是小、颜色深还是浅、有没有球形红细胞与多染性细胞。","6","2","PENDING_REVIEW","",""
"检查指标解读","lab-050","指标异常的非疾病原因：应激、品种与采血过程本身","解读","中","","两个机构互相印证","3","MERCK-HEME / MERCK-CLINICAL-BIOCHEM / AAHA-LIFE-STAGE-2019","Stress / steroid 效应段落、样本采集段落 / 血糖与肌酸激酶段落 / 参考区间与品种差异段落","不少""异常""与疾病无关：应激与就诊过程、采血操作、品种差异都会影响结果。理解这些因素，才能明白为什么兽医会说""先复查一次""，而不是马上按异常值处理。","6","2","PENDING_REVIEW","",""
"检查指标解读","lab-051","为什么要验尿：血检查不出来的那几件事","解读","中","","两个机构互相印证","2","IRIS-CKD-2026 / ACVIM-CONSENSUS","IRIS Pocket Guide 与 Staging Guidelines · 尿液检查与蛋白尿段落 / ACVIM 2024 犬尿失禁共识 · Urinalysis and urine culture","尿检不是""顺便做一下""：尿比重反映肾脏的浓缩能力，尿蛋白反映肾脏有没有在漏蛋白，尿沉渣反映有没有感染、出血或管型。这些信息血液检查给不了，肾病的判读尤其离不开尿检。","5","2","PENDING_REVIEW","",""
"检查指标解读","lab-052","尿比重：肾脏""浓缩能力""的窗口","解读","中","","两个机构互相印证","2","IRIS-CKD-2026 / ACVIM-CONSENSUS","Staging Guidelines · 分期前提；Pocket Guide · 尿液检查 / ACVIM 2015 心血管-肾脏轴疾病共识 · Biomarkers；ACVIM 2018 系统性高血压共识 · 高血压定义","尿比重反映肾脏把尿液浓缩的能力。它不能单独证明或排除肾病：喝水多、输液、利尿剂、高血压导致的多尿都会让尿变稀；但反过来，尿液能被很好地浓缩，会让""氮质血症来自肾性原因""的可能性变小。","6","2","PENDING_REVIEW","",""
"检查指标解读","lab-053","尿试纸上的每一格，都不能单独下结论","解读","中","","三个以上机构","3","IRIS-CKD-2026 / ACVIM-CONSENSUS / MERCK-CLINICAL-BIOCHEM","Staging Guidelines · 蛋白尿评估段落 / ACVIM 2019 IMHA 诊断共识 · Hemoglobinemia/Hemoglobinuria；ACVIM 2023 钩端螺旋体病共识 · 尿液分析 / 酮体与胆红素段落","尿试纸是筛查工具，不是定量检测：蛋白格可能不够敏感，血／血红素格阳性不一定就是""尿血""，糖与酮体多为定性结果。哪一格异常，决定的是""下一步该做什么检查""，而不是诊断。","6","2","PENDING_REVIEW","",""
"检查指标解读","lab-054","尿沉渣：显微镜下看到的，比试纸多得多","解读","中","","两个机构互相印证","2","ACVIM-CONSENSUS / IRIS-CKD-2026","IMHA 诊断共识 · 尿沉渣；钩端螺旋体病共识 · 尿液分析；尿失禁共识 · Urinalysis and urine culture / AKI Grading · 实验室与影像证据；犬治疗建议 · 排除可治疗病因","尿沉渣是把尿离心后用显微镜看：能看到红细胞、白细胞、管型与细菌。它回答的是""尿里这些东西是从哪来的""，也是把试纸阳性拆开来看的关键一步。","6","2","PENDING_REVIEW","",""
"检查指标解读","lab-055","尿蛋白/肌酐比（UPC）：为什么比试纸蛋白更可靠","解读","高（写错会延误或伤人）","","两个机构互相印证","2","IRIS-CKD-2026 / ACVIM-CONSENSUS","Staging Guidelines · 蛋白尿评估、亚分期与治疗监测 / ACVIM 2015 心血管-肾脏轴疾病共识 · Biomarkers；ACVIM 2026 慢性肠病共识 · Clinical pathology","试纸上的""蛋白""是筛查，UPC 才是定量：它同时测尿里的蛋白与肌酐，用比值抵消尿液浓淡带来的误差，因此更适合判断蛋白尿的多少与趋势。持续存在的肾性蛋白尿是肾脏损伤的证据，也是决定要不要干预的依据之一。","6","2","PENDING_REVIEW","",""
"检查指标解读","lab-056","采尿方式决定结果：尿培养的要求比尿检更严","解读","中","","两个机构互相印证","2","ACVIM-CONSENSUS / IRIS-CKD-2026","ACVIM 2010 钩端螺旋体病共识 · PCR 与培养；ACVIM 2024 尿失禁共识 · Urinalysis and urine culture；ACVIM 2015 抗菌药共识 · Use of Screening Cultures in Animals / 犬治疗建议 · 排除可治疗病因段落","尿检的解读离不开这杯尿是怎么采的；而尿培养对采样方式与送检时限的要求更严——指南在不同场景下明确指定采集方式（如经膀胱穿刺采尿），并要求样本""采得合格""。没有疾病证据时，也不建议常规做培养。","6","2","PENDING_REVIEW","",""
"检查指标解读","lab-057","X 光与超声：各自擅长什么，为什么拍片方位很关键","解读","中","","两个机构互相印证","3","ACVIM-CONSENSUS / AAHA-2021-NUTRITION / AAHA-LIFE-STAGE-2019","ACVIM 2015 心血管-肾脏轴疾病共识 · Imaging；ACVIM 2020 肺动脉高压共识 · D2/D3 与监测；ACVIM 2024 尿失禁共识 · Diagnostic imaging / 心脏病检查段落 / 最小数据库与影像学段落","X 光擅长看整体轮廓、气体、骨头与高密度结石；超声擅长看脏器内部结构、积液与血流，两者互补而不是互相替代。影像结论还强烈依赖投照方位与操作质量——同一个病灶，体位不同可能就看不见。","6","2","PENDING_REVIEW","",""
"检查指标解读","lab-058","影像报告""未见异常""，不等于没有病","解读","中","","三个以上机构","3","ACVIM-CONSENSUS / WSAVA-DENTAL / AAHA-LIFE-STAGE-2019","ACVIM 2026 慢性肠病共识 · Diagnostic imaging；ACVIM 2015 心血管-肾脏轴疾病共识 · Imaging / 口腔检查与放射学、牙周病分期章节 / 筛查异常与临床判断段落","影像检查有分辨极限，也各有""擅长看什么""：报告上的""未见异常""，意思是""这次检查没有发现这项检查能发现的问题""，而不是""这只狗没有病""。症状持续时，下一步往往是换一种检查或复查，而不是就此收工。","5","2","PENDING_REVIEW","",""
"检查指标解读","lab-059","心脏超声与 NT-proBNP：标志物只能辅助，不能单独定论","解读","中","","两个机构互相印证","2","ACVIM-CONSENSUS / AAHA-2021-NUTRITION","ACVIM 2015 心血管-肾脏轴疾病共识 · Biomarkers of CvRD（该声明获良好共识）；ACVIM 2020 肺动脉高压共识 · Monitoring 与辅助诊断检查 / 心脏病检查段落","NT-proBNP 这类 BNP 指标是血液里的心脏生物标志物，在犬上更多用于""辅助判断与随访""：不能单独用来确诊或排除心脏病。原因很实在——结果存在明显的""灰区""，还受肾功能、个体与品种差异影响；要评估心脏的结构与功能，心脏超声（超声心动图）才是关键检查。","6","2","PENDING_REVIEW","",""
"检查指标解读","lab-060","检查前的准备：空腹、应激与""什么时候采""","预防","中","","三个以上机构","5","MERCK-CLINICAL-BIOCHEM / MERCK-HEME / IRIS-CKD-2026 / ACVIM-CONSENSUS / AAHA-LIFE-STAGE-2019","血糖与肌酸激酶段落 / 样本采集与血涂片段落 / Staging Guidelines · 分期前提 / ACVIM 2019 IMHA 诊断共识 · 样本采集；ACVIM 2023 钩端螺旋体病共识 · 诊断；ACVIM 2026 慢性肠病共识 · 内镜前准备 / 减应激保定段落","很多""结果不准""是准备没做好：进食、运动、应激、采血操作、采样时机（是否已经用药）都会改变结果。具体要求（要不要空腹、空腹多久、要不要停药）由医院按检查项目通知——不要自己猜，也不要自己改。","6","2","PENDING_REVIEW","",""
"检查指标解读","lab-061","复查：间隔由兽医定，价值在于趋势，报告要留好","复查","中","","三个以上机构","4","AAHA-LIFE-STAGE-2019 / IRIS-CKD-2026 / ACVIM-CONSENSUS / WSAVA-WELFARE","基线、趋势与监测频率段落 / Staging Guidelines · 分期前提与蛋白尿亚分期 / ACVIM 2019 IMHA 治疗共识 · Monitoring / Record keeping 章节","同一个指标的价值在于趋势而不是单次数值：有些疾病在数值还没超出参考区间、只是比既往升高时就已经被发现。复查间隔由疾病、治疗阶段、年龄与生活方式共同决定；而趋势能不能看出来，取决于每次的报告有没有留好。","6","2","PENDING_REVIEW","",""
"检查指标解读","lab-062","化验单上这几类信号，不要等到复查日","分诊","高（写错会延误或伤人）","尽快就医","两个机构互相印证","2","MERCK-HEME / ACVIM-CONSENSUS","Platelets 与急性失血段落 / ACVIM 2024 ITP 诊断共识 · Introduction 与诊断流程","复查是为了确认趋势，但有些情况不适合等：血小板偏低同时出现皮肤瘀点、瘀斑、牙龈或鼻出血；或化验提示贫血而动物已经精神差、呼吸急促、站不稳。出现这类情况，应尽快联系兽医，而不是等到预约的复查日。","5","2","PENDING_REVIEW","",""
"常见病与就医时机","clinical-001","这些情况不要等：需要立刻就医的红旗信号","分诊","高（写错会延误或伤人）","立即就医","两个机构互相印证","2","WSAVA-PAIN-2022 / ACVIM-CONSENSUS","疼痛与痛苦识别 / ACVIM 2024 癫痫持续状态共识","出现以下任一情况，不要在家观察、不要等明天，立即联系兽医或送急诊：呼吸困难或持续张嘴喘、牙龈苍白或发紫、抽搐、倒地起不来、腹部明显膨大且干呕、无法排尿、大量出血、误食有毒物或异物、体温异常。","8","2","PENDING_REVIEW","",""
"常见病与就医时机","clinical-002","狗不会喊痛：疼痛要看行为变化","分诊","高（写错会延误或伤人）","尽快就医","两个机构互相印证","2","WSAVA-PAIN-2022 / ACVIM-CONSENSUS","疼痛识别 / ACVIM 2022 IVDD 共识","动物天生会隐藏疼痛。行为变了就是最重要的线索：不愿跳上沙发、上下楼梯犹豫、被摸某个部位时躲开或低吼、睡觉姿势改变、比以前爱趴着、脾气变差、舔咬某一处。","6","2","PENDING_REVIEW","",""
"常见病与就医时机","clinical-003","突然站不起来或拖后腿：分秒必争","分诊","高（写错会延误或伤人）","立即就医","两个机构互相印证","2","ACVIM-CONSENSUS / WSAVA-PAIN-2022","ACVIM 2022 胸腰段 IVDD 共识 / 急性疼痛与神经损伤","突然出现后腿无力、走路摇晃、拖行甚至完全站不起来，可能是脊髓急症。这类情况越早处理恢复机会越大，不要在家观察，立即就医。","5","2","PENDING_REVIEW","",""
"常见病与就医时机","clinical-004","呕吐和腹泻：什么时候能观察，什么时候要去医院","分诊","高（写错会延误或伤人）","尽快就医","两个机构互相印证","2","ACVIM-CONSENSUS / WSAVA-NUTRITION","ACVIM 2026 慢性肠病共识 / 营养评估工具","偶尔一次呕吐或软便、精神食欲都正常，可以先观察并记录；但如果频繁呕吐、呕吐物带血、腹泻带血或呈黑色柏油状、伴随精神差或不吃、或持续超过一天，应尽快就医。","6","2","PENDING_REVIEW","",""
"常见病与就医时机","clinical-005","喝水变多、尿变多：别当成""天气热""","分诊","高（写错会延误或伤人）","尽快就医","两个机构互相印证","2","MERCK-CLINICAL-BIOCHEM / IRIS-CKD-2026","多饮多尿 / 肾病表现","饮水量和尿量明显增加是需要重视的信号，涉及内分泌、肾脏等多个方向。先做一件事：如实测一下每天喝多少，这个数字对医生非常有用。","4","2","PENDING_REVIEW","",""
"常见病与就医时机","clinical-006","体重在掉但饭量没变：值得查一查","分诊","中","尽快就医","两个机构互相印证","2","AAHA-SENIOR-2023 / WSAVA-NUTRITION","老年护理工具包 / 体况评分工具","饭量没减、甚至吃得更香，体重却在下降 —— 这通常不是""挑食""或""老了""能解释的，值得安排一次检查。在家定期称重是最容易做到、也最有用的监测。","4","2","PENDING_REVIEW","",""
"常见病与就医时机","clinical-007","口臭不是""狗本来就这样""","预防","中","","两个机构互相印证","2","WSAVA-DENTAL / AAHA-DENTAL-2019","牙周病与家庭护理 / 口腔评估","持续口臭几乎总意味着口腔有问题（牙菌斑、牙结石、牙周病）。牙周病不只是口腔问题——它会带来疼痛、影响进食，还与全身健康相关。口臭值得带去检查，而不是忍着。","5","3","PENDING_REVIEW","",""
"常见病与就医时机","clinical-008","皮肤痒、掉毛、反复抓：先分清""痒""和""秃""","分诊","中","可观察","两个机构互相印证","2","WSAVA-NUTRITION / SACN5","皮肤被毛评估 / 皮肤病章节","皮肤问题先分两条线：以痒为主（反复抓挠、舔咬、蹭地）和以掉毛为主（不痒但毛变稀、对称性脱毛）。两条线要查的方向不同，记清楚""痒不痒""对医生很有价值。","5","3","PENDING_REVIEW","",""
"常见病与就医时机","clinical-009","咳嗽：短鼻犬和老年犬要格外当心","分诊","高（写错会延误或伤人）","尽快就医","两个机构互相印证","2","ACVIM-CONSENSUS / MERCK-HEME","ACVIM 2020 心肌病与肺高压共识 / ——","偶尔咳一声、精神照常，可以先观察；但持续咳嗽、夜间或兴奋时加重、咳嗽后晕倒、呼吸费力都需要就医。短鼻犬种与老年犬的门槛要放低。","4","2","PENDING_REVIEW","",""
"常见病与就医时机","clinical-010","中暑：夏天最容易被低估的急症","分诊","高（写错会延误或伤人）","立即就医","两个机构互相印证","2","WSAVA-WELFARE / MERCK-CLINICAL-BIOCHEM","环境与福利 / ——","狗主要靠喘气散热，比人怕热得多。短鼻犬、肥胖犬、老年犬、长毛深色犬风险最高。出现剧烈喘气、流大量口水、站不稳、牙龈发红或发紫、呕吐腹泻，属于立即就医级别。","5","2","PENDING_REVIEW","",""
"常见病与就医时机","clinical-011","误食：哪些东西必须马上送医院","分诊","高（写错会延误或伤人）","立即就医","两个机构互相印证","2","WSAVA-NUTRITION / MERCK-CLINICAL-BIOCHEM","食品安全工具包 / 中毒识别","狗误食后不要等症状出现。巧克力、葡萄/葡萄干、洋葱大蒜、木糖醇（无糖口香糖等）、老鼠药、人用药物、以及骨头/玩具/绳子等异物，都属于需要立即联系兽医的情况。","5","2","PENDING_REVIEW","",""
"常见病与就医时机","clinical-012","老年犬的""变老""里，有多少其实是病","预防","中","","两个机构互相印证","2","AAHA-SENIOR-2023 / WSAVA-VACC-2024","老年护理工具包 / Aged animals 段落","很多被当成""老了就这样""的表现，其实是可以处理的疾病：不爱动可能是关节痛、夜里转圈或对着墙站可能是认知功能障碍、喝水变多可能是内分泌或肾脏问题。老年犬更需要定期检查，而不是更少。","5","2","PENDING_REVIEW","",""
"常见病与就医时机","clinical-013","母犬未绝育：子宫蓄脓要认得出来","分诊","高（写错会延误或伤人）","立即就医","两个机构互相印证","2","WSAVA-REPRO / MERCK-CLINICAL-BIOCHEM","生殖管理指南 / ——","未绝育母犬在发情后几周到两个月内出现精神差、喝水多、呕吐、腹部变大或阴道分泌物，要高度警惕子宫蓄脓 —— 这是危及生命的急症，必须立即就医。","4","2","PENDING_REVIEW","",""
"常见病与就医时机","clinical-014","带狗去医院前，准备这三样东西","预防","低","","两个机构互相印证","2","AAHA-LIFE-STAGE-2019 / WSAVA-VACC-2024","就诊沟通 / Medical records documentation","去医院前准备三样：症状的时间线、正在吃的所有东西、想问的问题清单。这三样能显著提高一次问诊的效率，也让医生少走弯路。","6","1","PENDING_REVIEW","",""
"常见病与就医时机","clinical-015","绝育与不绝育：决策要看什么","预防","中","","单一来源","1","WSAVA-REPRO","生殖管理指南","绝育的利弊与品种、体型、性别、年龄、生活方式都有关，没有统一答案。WSAVA 的生殖管理指南强调个体化决策，而不是""到年龄就做""。","4","2","PENDING_REVIEW","",""
"常见病与就医时机","clinical-016","呼吸费力、张嘴喘、牙龈发紫：按分钟算的急症","分诊","高（写错会延误或伤人）","立即就医","两个机构互相印证","2","ACVIM-CONSENSUS / WSAVA-PAIN-2022","ACVIM 2020 肺动脉高压共识：临床线索表 / 生命体征与痛苦识别","呼吸窘迫是这个知识库里最紧急的一类信号：费力呼吸、张口呼吸、喘得停不下来、舌头或牙龈发紫，出现任何一条都要立即送医，不要在家等它自己缓过来。等它""看起来好一点""的时候，往往已经错过了最容易处理的窗口。","5","3","PENDING_REVIEW","",""
"常见病与就医时机","clinical-017","抽搐超过 5 分钟，或一次接一次停不下来：急救级别","分诊","高（写错会延误或伤人）","立即就医","两个机构互相印证","2","ACVIM-CONSENSUS / WSAVA-PAIN-2022","ACVIM 2024 癫痫持续状态与集群发作共识：T1=5 分钟、T2=30 分钟 / 痛苦识别与生命体征","抽搐（全身僵直、四肢划水、口吐白沫、大小便失禁、叫不应）持续超过 5 分钟，或一次接一次、两次之间意识没有恢复，都是需要立即急救的状态，不要在家等它停。抽搐本身还可能伴发体温升高、缺氧等并发症，拖得越久越难处理。","5","3","PENDING_REVIEW","",""
"常见病与就医时机","clinical-018","后腿突然拖行、脚趾被掐也没反应：这是最急的一种","分诊","高（写错会延误或伤人）","立即就医","两个机构互相印证","2","ACVIM-CONSENSUS / WSAVA-PAIN-2022","ACVIM 2022 急性胸腰段椎间盘突出共识：神经功能分级 / 急性疼痛与神经功能丧失","突然出现后腿发软、走路摇晃或完全站不起来，可能是脊髓急症。决定紧急程度的不是""还能不能走""，而是有没有痛觉：脚趾被用力掐也没有反应、或者喘气费力（提示肋间肌也受影响），属于最高级别急症，立即就医，越早恢复的机会越大。","6","3","PENDING_REVIEW","",""
"常见病与就医时机","clinical-019","出血止不住、牙龈渗血、皮肤出现针尖样出血点","分诊","高（写错会延误或伤人）","立即就医","两个机构互相印证","2","ACVIM-CONSENSUS / MERCK-HEME","ACVIM 2024 ITP 诊断共识：黑便与出血严重程度 / 贫血：失血、溶血与造血不足","按压后仍止不住的出血、反复或量多的鼻出血、牙龈自行渗血、皮肤出现针尖样出血点或大片瘀斑，都不是""小事""。这类表现说明止血机制可能出了问题，需要立即就医查找原因 —— 可能是中毒、血小板或凝血异常等方向，等下去有发生内出血的风险。","6","3","PENDING_REVIEW","",""
"常见病与就医时机","clinical-020","被车撞、从高处摔下、被大狗咬过：没有伤口也要去医院","分诊","高（写错会延误或伤人）","尽快就医","两个机构互相印证","2","WSAVA-PAIN-2022 / AAHA-LIFE-STAGE-2019","急性疼痛与创伤评估 / 体格检查：五项生命体征","车祸、高处坠落、被大狗咬住甩动，都可能造成外表看不见的内伤（肺挫伤、气胸、腹腔出血、膀胱破裂、脊柱损伤）。只要发生过这类事件，即使狗当时能走能叫、没有明显伤口，也要尽快让兽医检查；如果已经出现呼吸费力、牙龈苍白、站不起来或意识模糊，按立即处理。","6","3","PENDING_REVIEW","",""
"常见病与就医时机","clinical-021","高热、喘得厉害、站不稳：中暑是「先送医、再降温」","分诊","高（写错会延误或伤人）","立即就医","两个机构互相印证","2","WSAVA-WELFARE / MERCK-CLINICAL-BIOCHEM","环境与热应激 / 急症与器官功能指标","高温环境下出现剧烈喘气、大量流口水、走路摇晃、牙龈鲜红或发紫、呕吐腹泻甚至抽搐，属于立即就医级别。中暑不是""凉快一下就好""：即使狗自己缓过来、看起来恢复正常，也需要就医评估，因为内脏损伤可能在之后才显现。","5","3","PENDING_REVIEW","",""
"常见病与就医时机","clinical-022","肚子突然胀大 + 干呕却吐不出东西：不要等，直接走急诊","分诊","高（写错会延误或伤人）","立即就医","两个机构互相印证","2","ACVIM-CONSENSUS / WSAVA-PAIN-2022","ACVIM 2015 心血管-肾脏轴共识：胃扩张与扭转 / 急性疼痛与不安表现","腹部在短时间内明显膨大、干呕却吐不出东西、流口水、坐立不安，是胃扩张-扭转最典型的组合，属于立即就医的外科急症。它可以在很短的时间里进展到危及生命，没有任何在家观察的空间。","5","3","PENDING_REVIEW","",""
"常见病与就医时机","clinical-023","没绝育的母狗：没有阴道分泌物也可能是子宫蓄脓","分诊","高（写错会延误或伤人）","立即就医","两个机构互相印证","2","WSAVA-REPRO / MERCK-CLINICAL-BIOCHEM","生殖管理指南：子宫内膜囊性增生-子宫蓄脓综合征 / 多饮多尿的检查方向","未绝育母犬在发情结束后的几周到两个月内出现精神差、喝水排尿增多、食欲下降、呕吐或腹部变大，要警惕子宫蓄脓 —— 这是危及生命的急症。关键提醒：有一部分病例阴道完全不流分泌物（子宫颈闭合），恰恰因为""没看到流脓""而容易被拖延。","6","3","PENDING_REVIEW","",""
"常见病与就医时机","clinical-024","公狗反复蹲着却尿不出来：尿道堵塞，拖不得","分诊","高（写错会延误或伤人）","立即就医","两个机构互相印证","2","ACVIM-CONSENSUS / WSAVA-PAIN-2022","ACVIM 2024 犬尿失禁共识：尿道梗阻与排尿障碍 / 排尿相关疼痛与不安","公狗反复摆出排尿姿势、用力却只滴几滴甚至完全尿不出来、频繁舔生殖器、肚子胀、烦躁或哀叫，提示尿道可能被堵塞，属于立即就医的急症。""还能滴出几滴""不代表安全 —— 部分堵塞同样会损伤肾脏，也会随时变成完全堵塞。","5","3","PENDING_REVIEW","",""
"常见病与就医时机","clinical-025","一直吐、连水都喝不进去：一天就是分界线","分诊","高（写错会延误或伤人）","尽快就医","两个机构互相印证","2","ACVIM-CONSENSUS / WSAVA-NUTRITION","ACVIM 2026 慢性肠病共识：消化道症状评估 / WSAVA 营养评估指南：筛查与监测","判断呕吐急不急，看两件事：吐的频率和能不能留住水。如果喝水都吐、连水都喝不进去，或者频繁呕吐持续超过一天，或者伴随精神明显变差、腹痛、吐血，应尽快就医；幼犬、老年犬和已有慢性病的狗门槛要更低。","6","3","PENDING_REVIEW","",""
"常见病与就医时机","clinical-026","拉血 + 精神差：这两条同时出现就别在家扛","分诊","高（写错会延误或伤人）","尽快就医","两个机构互相印证","2","ACVIM-CONSENSUS / WSAVA-VACC-2024","ACVIM 2026 慢性肠病共识：症状评估 / 幼犬免疫程序与免疫窗口","单纯一次软便或少量血丝、精神照常，可以先观察记录；但血性腹泻同时伴随精神差、不吃、呕吐或腹痛，说明不只是""吃坏了肚子""，应尽快就医。幼犬未完成免疫时更要优先排除传染病，门槛放到最低。","6","3","PENDING_REVIEW","",""
"常见病与就医时机","clinical-027","眼睛被撞到、突然看不见、眼球看起来不对：按急症走","分诊","高（写错会延误或伤人）","尽快就医","两个机构互相印证","2","WSAVA-PAIN-2022 / AAHA-LIFE-STAGE-2019","眼部与头面部疼痛识别 / 体格检查项目（含眼部评估）","眼睛结构精细、损伤进展快：被撞被挠、眼球位置或外观看起来不对、突然看不见、明显怕光流泪睁不开、瞳孔大小不对称，都应按急症处理，尽快就医。眼球相关的急症拖延几小时就可能造成不可逆的视力损伤。","5","3","PENDING_REVIEW","",""
"常见病与就医时机","clinical-028","脸突然肿起来、身上起风团：急性过敏要立刻处理","分诊","高（写错会延误或伤人）","立即就医","两个机构互相印证","2","WSAVA-VACC-2024 / AAHA-VACC-2022","Adverse events following vaccination：hypersensitivity 段落 / What About Adverse Reactions?","接触某种东西（疫苗、药物、虫咬、食物）后几分钟到一小时内突然出现脸部/眼皮/嘴肿、全身起风团，属于急性过敏反应，需要立即联系兽医。只要伴随呼吸费力、呕吐、站不稳、倒地，就是急救级别，直接送急诊。","5","3","PENDING_REVIEW","",""
"常见病与就医时机","clinical-029","高烧 + 整个人蔫了：别只看体温数字，看精神状态","分诊","高（写错会延误或伤人）","立即就医","两个机构互相印证","2","ACVIM-CONSENSUS / MERCK-CLINICAL-BIOCHEM","ACVIM 2024 癫痫持续状态共识：并发症处理段落 / 急症与器官功能指标","狗的正常体温比人高，且测量方式与环境都会影响读数（刚运动完、天气热、紧张都会偏高）。真正需要立刻行动的是""高热 + 精神明显沉郁""这个组合：不吃不喝、趴着不动、叫不太应、呼吸变快、身体发烫。这类情况需要尽快由兽医评估，不要自行喂退烧药。","6","3","PENDING_REVIEW","",""
"常见病与就医时机","clinical-030","幼犬突然蔫、发抖、站不稳：小体型幼犬的「能量和体温」问题","分诊","高（写错会延误或伤人）","立即就医","两个机构互相印证","2","WSAVA-NUTRITION / ACVIM-CONSENSUS","WSAVA 营养评估指南：生长动物需更频繁监测 / ACVIM 2024 癫痫持续状态共识：低血糖等诱因","小体型幼犬出现突然精神变差、站不稳、发抖、流口水、意识模糊甚至抽搐，是需要立刻处理的情况：幼犬能量储备少、体温调节能力差，长时间没进食、受凉、拉稀呕吐或过度劳累都可能迅速恶化。出现这些表现请立即联系兽医，不要在家等它""睡一觉就好""。","5","3","PENDING_REVIEW","",""
"常见病与就医时机","clinical-031","打完疫苗后的急性反应：大多在 1 小时内出现","分诊","高（写错会延误或伤人）","立即就医","两个机构互相印证","2","WSAVA-VACC-2024 / AAHA-VACC-2022","Adverse events following vaccination（FAQ 段落） / What About Adverse Reactions?","接种后出现脸部肿胀、全身风团、呕吐、精神变差、呼吸费力，都属于疫苗不良事件，需要立即联系接种的医院。指南记录：急性（I 型）超敏反应通常在暴露后数分钟到 1 小时内出现，过敏反应几乎都在接种后 60 分钟内开始。接种当天建议留院观察一段时间再走，回家后继续留意。","6","3","PENDING_REVIEW","",""
"常见病与就医时机","clinical-032","牙龈发白、四肢发凉、叫不太应：休克前兆","分诊","高（写错会延误或伤人）","立即就医","两个机构互相印证","3","WSAVA-NUTRITION / WSAVA-PAIN-2022 / MERCK-HEME","WSAVA 五项生命体征（V5）标准化 / 痛苦识别与全身状态评估 / 贫血：急性失血与慢性失血的区别","牙龈从粉变白或发灰、耳朵和四肢摸起来发凉、脉搏细弱而快、精神迷糊叫不太应、站不稳，这些组合起来提示循环已经出问题（休克前兆），属于立即就医的情况。它可能发生在大量失血、持续呕吐腹泻、腹部胀大、被咬伤或严重过敏之后。","6","3","PENDING_REVIEW","",""
"常见病与就医时机","clinical-033","误食老鼠药、人用药、百合、葡萄：没症状也要马上走","分诊","高（写错会延误或伤人）","立即就医","三个以上机构","3","WSAVA-NUTRITION / ACVIM-CONSENSUS / MERCK-CLINICAL-BIOCHEM","WSAVA Guide to Treats — Dogs 2025：Toxic food ingredients / ACVIM 2023 犬钩端螺旋体病更新共识：疫苗过敏样反应 / 中毒与急症生化改变","老鼠药、人用药物（尤其止痛药）、百合、葡萄与葡萄干、木糖醇、巧克力、洋葱大蒜、酒精、生酵母面团都属于高风险误食物。判断标准不是""它现在有没有症状""，而是""它吃了什么、吃了多少、什么时候吃的"" —— 有些中毒的症状出现得很晚，等出现症状时处理窗口可能已经过去。出现误食，立即联系兽医或送急诊。","6","3","PENDING_REVIEW","",""
"常见病与就医时机","clinical-034","呕吐：偶发、反复、喷射状要分开看","分诊","高（写错会延误或伤人）","尽快就医","三个以上机构","3","ACVIM-CONSENSUS / SACN5 / WSAVA-NUTRITION","ACVIM 2026 慢性肠病共识 · 消化道症状评估 / 第 54 章（喷射状/止不住的呕吐需考虑胃流出道阻塞）；第 51 章（急性 >3 天、慢性 >21 天需积极管理）；第 57 章（黑色或咖啡渣样呕吐物） / 营养评估工具 · 病史与饮食史","先分清是哪一种：偶发一两次、吐完精神食欲照常可以先记录观察；一天多次、喝水也吐、呕吐物带血或呈咖啡渣样、喷射状喷出、伴随腹部不适或精神变差，需要尽快就医。幼犬、老年犬和有慢性病的狗门槛要放低。","6","3","PENDING_REVIEW","",""
"常见病与就医时机","clinical-035","腹泻：急性与慢性、带血与带黏液分别看什么","分诊","高（写错会延误或伤人）","尽快就医","三个以上机构","3","ACVIM-CONSENSUS / SACN5 / WSAVA-NUTRITION","ACVIM 2022 慢性肠病综述（慢性消化道症状 ≥3 周）/ 2026 慢性肠病共识 · 诊断流程 / 第 56 章 Table 56-1（危及生命的急性胃肠炎表现）；第 61 章（大肠疾病表现）；第 55 章 Table 55-4（血便的定位） / 营养评估工具 · 饮食史","突然出现的软便或水样便多是急性，先记录并观察精神与食欲；带鲜血或呈黑色柏油状、频繁水样、伴随呕吐、精神明显变差或不吃、或长期反复不缓解，需要尽快就医。幼犬与老年犬脱水更快，门槛更低。","6","3","PENDING_REVIEW","",""
"常见病与就医时机","clinical-036","""挑食""和""食欲下降""不是一回事","解读","中","","三个以上机构","3","WSAVA-NUTRITION / AAHA-2021-NUTRITION / SACN5","全球营养评估指南 · 进阶评估与居家监测（食物摄取量与食欲） / 个体化营养评估 · 近期食欲变化（anorexia / hyporexia / dysrexia） / 第 25 章 · 厌食与恶病质的定义；营养摄入不足的后果","要分清两种：挑食（对某款食物不感兴趣，但精神好、愿意吃别的）和食欲下降（对食物普遍没兴趣，连平时最爱吃的也不吃）。后者更值得查，因为它常常是身体不舒服的早期信号，方向需要兽医判断。","6","3","PENDING_REVIEW","",""
"常见病与就医时机","clinical-037","体重不明原因下降：先看""掉得快不快""，再看伴随表现","分诊","高（写错会延误或伤人）","尽快就医","三个以上机构","4","AAHA-SENIOR-2023 / WSAVA-NUTRITION / SACN5 / ACVIM-CONSENSUS","老年护理工具包 · 体重与肌肉流失（Muscle loss / Weight loss or gain） / BCS / MCS 工具（体况与肌况需分别评估） / 第 25 章 · 一周内体重下降 >10% 有临床意义；数天内 10%–15% 多为水分变化 / ACVIM 2026 慢性肠病共识 · 体重下降 ≥5% 提示需进一步检查","饭量没变、甚至吃得更多，体重却在下降，通常不是""挑食""或""老了""能解释的。先在家把体重与体况记录下来（同一台秤、固定频率），再带着变化速度去就医 —— ""多久掉了多少""对医生最有价值。","6","3","PENDING_REVIEW","",""
"常见病与就医时机","clinical-038","多饮多尿：先把""每天喝多少""量出来","解读","中","","两个机构互相印证","2","MERCK-CLINICAL-BIOCHEM / IRIS-CKD-2026","尿素与肌酐升高原因与判读前提（一项检查很少对应某一具体情况） / IRIS 2026 口袋指南 · CKD 临床表现（多饮多尿、体重下降、食欲下降、精神变差等）","饮水量和尿量同时增加是需要认真对待的信号，方向涉及内分泌、肾脏等多个方面，要由兽医通过检查区分。家长最有价值的动作只有一件：用量杯量出每天喝多少，连续记几天。","6","3","PENDING_REVIEW","",""
"常见病与就医时机","clinical-039","咳嗽：夜间咳、运动后咳，分别提示要查什么","分诊","中","尽快就医","单一来源","1","ACVIM-CONSENSUS","ACVIM 2020 肺动脉高压共识 · 临床表现 Table 1","偶尔咳一两声、精神照常，可以先观察并记录；持续咳嗽、夜间或兴奋／运动后明显加重、运动后呼吸急促久久不恢复、咳后晕倒或明显虚弱 都需要就医。在凉爽安静的环境里仍呼吸费力、持续张嘴大喘、牙龈发紫或苍白属于立即就医。短鼻犬与老年犬门槛更低。","6","3","PENDING_REVIEW","",""
"常见病与就医时机","clinical-040","打喷嚏与鼻分泌物：什么时候只是刺激，什么时候要查","分诊","中","可观察","单一来源","1","WSAVA-VACC-2024","非核心疫苗章节（Bordetella bronchiseptica、CPiV）与接种后反应","偶尔打喷嚏（灰尘、气味、粉尘刺激）很常见，可以先观察并记录；持续或越来越频繁的喷嚏、脓性分泌物、单侧分泌物或带血、同时咳嗽或精神食欲下降 需要就医。群聚环境（收容所、寄养、日托、犬展）中的狗呼吸道病原传播风险更高，其中针对支气管败血波氏杆菌与犬副流感的疫苗在 WSAVA 指南中属于家养犬的非核心疫苗，是否需要接种按个体风险和兽医讨论。","6","3","PENDING_REVIEW","",""
"常见病与就医时机","clinical-041","跛行与不愿起身：先按疼痛处理","分诊","高（写错会延误或伤人）","尽快就医","两个机构互相印证","2","WSAVA-PAIN-2022 / ACVIM-CONSENSUS","表 5「猫和犬急性疼痛相关的行为变化」（印刷页 15）：不愿移动、姿势与活动改变 / ACVIM 2022 胸腰段 IVDD 共识","突然跛行、不愿起身或不敢跳，先按疼痛对待：限制活动（不上下楼、不跳跃、不剧烈奔跑），尽快就医评估。完全不敢用那条腿、拖后腿、突然站不起来、或伴随精神差 属于急症，立即就医。","6","3","PENDING_REVIEW","",""
"常见病与就医时机","clinical-042","僵硬与起身困难：别急着说""老了就这样""","解读","高（写错会延误或伤人）","","三个以上机构","3","WSAVA-PAIN-2022 / SACN5 / AAHA-SENIOR-2023","表 8「评估猫和犬慢性疼痛的行为」（印刷页 22）：僵硬、跛行、起卧与跳跃能力下降 / 第 34 章《骨关节炎的营养管理》· 临床表现与疼痛评估问卷 / 老年护理工具包 · 居家监测（上下楼困难、跛行、僵硬、活动变化）与""old age is not a disease""","起身慢、走一会儿才""顺过来""、不愿跳跃或上下楼，最常见的解释是疼痛与关节方向的问题，而不是单纯变老。这类表现是可以被评估和管理的，值得带去检查，而不是让狗一直忍。","5","3","PENDING_REVIEW","",""
"常见病与就医时机","clinical-043","瘙痒与掉毛：先分清""痒为主""还是""掉毛为主""","解读","中","","三个以上机构","3","WSAVA-NUTRITION / SACN5 / ACVIM-CONSENSUS","全球营养评估指南 · 皮肤与被毛检查（毛发干燥易拔除、皮肤干燥/薄/鳞状） / 第 31 章《食物不良反应》· 瘙痒性皮炎与排除性饮食试验 / ACVIM 2026 慢性肠病共识 · 过敏原特异性免疫球蛋白章节","皮肤问题先分两条主线：以痒为主（反复抓挠、舔咬、蹭地、抓到影响睡眠）和以掉毛为主（不太痒但毛变稀、成片或对称性脱毛）。两条线要查的方向不同，""痒不痒、掉哪儿、有没有季节性""是家长能提供的最有用信息。","6","3","PENDING_REVIEW","",""
"常见病与就医时机","clinical-044","耳臭、甩头、挠耳朵：别只反复""滴药""","分诊","中","尽快就医","单一来源","1","SACN5","第 31 章《食物不良反应》· 外耳炎与瘙痒表现","耳朵有异味、分泌物增多、频繁甩头或挠耳，提示耳道出了问题，需要兽医检查耳道。不建议自己往耳道里滴东西或掏耳朵 —— 耳道又深又弯，盲目处理常把问题推得更深，也掩盖了真正的原因。","6","3","PENDING_REVIEW","",""
"常见病与就医时机","clinical-045","口臭与流涎：口腔可能已经在疼","分诊","中","尽快就医","两个机构互相印证","2","WSAVA-DENTAL / AAHA-DENTAL-2019","牙周病临床特征 / 牙痛可见变化表 / 家庭护理章节 / Addressing Pain（牙痛的间接表现）","持续口臭通常意味着口腔里有问题（牙菌斑、牙结石、牙周病方向），口臭值得带去检查，而不是忍着。如果还出现流涎、掉食、只肯吃软食、单侧咀嚼、或与主人的互动方式改变，提示可能已经在疼，应尽快安排口腔检查。","6","3","PENDING_REVIEW","",""
"常见病与就医时机","clinical-046","眼分泌物与红眼：有些情况当天就要看","分诊","高（写错会延误或伤人）","尽快就医","两个机构互相印证","2","ACVIM-CONSENSUS / WSAVA-PAIN-2022","ACVIM 2018 系统性高血压共识 · 靶器官损害（眼） / 表 11（角膜损伤/溃疡、青光眼列为中度至重度疼痛）与 3.6 眼科手术章节","少量清亮或浅褐色分泌物很常见，可以先清洁并观察；但黄绿色脓性分泌物、眼睛发红、眯眼或睁不开、怕光、角膜看起来发白或浑浊、频繁用爪子抓眼睛，都提示眼睛可能正在疼，需要当天就医 —— 眼部问题拖不得。","6","3","PENDING_REVIEW","",""
"常见病与就医时机","clinical-047","便秘与排便费力：先分清""拉不出""和""没便意""","分诊","中","尽快就医","两个机构互相印证","2","WSAVA-NUTRITION / SACN5","全球营养评估指南 · 筛查风险因子（含肠胃胀气、便秘）与饮食史 / 第 64 章《便秘》· 定义与 Table 64-2（不同情况的纤维方向不同）","排便次数减少、粪便干硬、蹲很久拉不出或排便时疼痛，都算排便困难。偶尔一次可以先通过增加饮水与调整饮食结构观察；反复发生、完全拉不出、或伴随呕吐、腹部胀大、精神差，需要尽快就医。","6","3","PENDING_REVIEW","",""
"常见病与就医时机","clinical-048","胀气与放屁多：多数和吃有关，但这几种不是","解读","中","","两个机构互相印证","2","SACN5 / WSAVA-NUTRITION","第 65 章《肠胃胀气》· 风险因素与饮食因素 / 饮食史与零食评估工具","平时排气多，常与吞入空气、饮食结构（难消化成分、纤维类型、突然换粮）、或消化吸收有关，多可以通过调整进食方式与饮食结构改善；但腹部持续胀大发硬、疼痛表现、伴随呕吐腹泻或体重下降，不是普通胀气，需要就医。","6","3","PENDING_REVIEW","",""
"常见病与就医时机","clinical-049","排尿异常：次数、姿势、颜色、气味各看什么","分诊","高（写错会延误或伤人）","尽快就医","三个以上机构","3","ACVIM-CONSENSUS / IRIS-CKD-2026 / MERCK-CLINICAL-BIOCHEM","ACVIM 2024 犬尿失禁诊断与管理共识 · 诊断与排尿模式 / IRIS 2026 口袋指南 · 多尿与尿液浓缩 / 尿素与肌酐升高的原因（含尿道阻塞）","先记录四件事：次数、姿势、颜色、气味。出现尿中带血、频繁蹲却只尿几滴、排尿时弓背或叫、尿味异常刺鼻、在室内排尿，应尽快就医；完全尿不出、只有滴尿、腹部明显胀大或精神急剧变差属于立即就医，不要等。","6","3","PENDING_REVIEW","",""
"常见病与就医时机","clinical-050","精神状态变差：""就是不太对劲""值得认真对待","分诊","高（写错会延误或伤人）","尽快就医","三个以上机构","3","WSAVA-PAIN-2022 / AAHA-LIFE-STAGE-2019 / ACVIM-CONSENSUS","表 5「猫和犬急性疼痛相关的行为变化」（印刷页 15）与疼痛行为识别章节 / 生命阶段评估：五项生命体征（体温、脉搏、呼吸、疼痛、营养）与行为/认知的常规评估 / ACVIM 2018 系统性高血压共识 · 临床表现与靶器官损害","""就是不太对劲""往往是最早的信号，而不是""没事""。动物会隐藏不适，行为、食欲、互动与作息的变化都值得量化记录；精神差同时出现呕吐、腹泻、呼吸异常、站立困难、不吃或身体发烫 需要尽快就医，意识不清、抽搐、呼吸困难、牙龈苍白 属于立即就医。","6","3","PENDING_REVIEW","",""
"常见病与就医时机","clinical-051","老年犬的行为与体力变化：该不该当病看","解读","高（写错会延误或伤人）","","两个机构互相印证","3","AAHA-SENIOR-2023 / AAHA-LIFE-STAGE-2019 / WSAVA-PAIN-2022","老年护理工具包 · DISHAA 缩写表与""old age is not a disease"" / 生命阶段表（Senior = 估计寿命最后 25%）与体检频率（至少每 6 个月） / 表 8「评估猫和犬慢性疼痛的行为」（印刷页 22）：情绪举止与活力活动能力","老年犬新出现的行为或体力变化，应该先当成""可能有可处理的原因""，而不是""老了就这样""。方向包括疼痛与关节、感官退化、代谢与内分泌、以及认知功能变化等，都需要兽医评估 —— 其中很多是可以干预的。","6","3","PENDING_REVIEW","",""
"预防与体检节奏","prev-001","幼犬期该查什么：第一年的体检与预防节奏","预防","中","","两个机构互相印证","2","AAHA-LIFE-STAGE-2019 / WSAVA-VACC-2024","Table 2（journal p.270–274）、Table 4（journal p.276） / Vaccines as Part of Comprehensive Preventative Health Care（p.6）","幼犬期是一生中随访最密集的阶段：AAHA 生命阶段指南在幼犬列要求与家长讨论""每 3–4 周复诊一次""的频率，并要在这一年里完成核心疫苗首免（16–20 周龄结束）、4 次粪便检查、按产品标签允许的最早月龄开始心丝虫与跳蚤/蜱预防、口腔护理适应训练、以及按品种的先天性问题筛查。","6","3","PENDING_REVIEW","",""
"预防与体检节奏","prev-002","成年犬的健康检查：6–12 个月一次，都查什么","预防","高（写错会延误或伤人）","","两个机构互相印证","3","AAHA-LIFE-STAGE-2019 / WSAVA-VACC-2024 / WSAVA-NUTRITION","journal p.269 正文；Table 2（Young adult / Mature adult 列）；Table 4（journal p.276） / Comprehensive Preventative Health Care（p.6） / Principles of Wellness 2025, p.4/6","成年犬的复诊频率，AAHA 生命阶段指南给的是""每 6–12 个月一次""，并建议成熟成年犬每年至少做一次""最低数据库""（minimum database）化验；WSAVA 则强调年度健康检查不是""疫苗咨询""，同一次就诊里还要讨论体内外寄生虫、口腔、营养与行为，并按个体需要安排更频繁的检查。","6","3","PENDING_REVIEW","",""
"预防与体检节奏","prev-003","什么年龄算老年：为什么老年犬至少要半年查一次","预防","高（写错会延误或伤人）","","两个机构互相印证","4","AAHA-LIFE-STAGE-2019 / WSAVA-NUTRITION / AAHA-SENIOR-2023 / WSAVA-VACC-2024","Table 1（journal p.269）；journal p.269 正文；Table 2 Senior 列（p.270） / Principles of Wellness 2025, p.4 体检频率表与 p.6 / 工具包信息图 p.3 / Comprehensive Preventative Health Care（p.6）","AAHA 生命阶段指南不用固定年龄定义老年，而是把它定义为""估计寿命的最后 25%""（取决于品种与体型）；对老年犬的检查节奏，指南给的明确下限是""至少每半年一次体检与最低数据库检查""，AAHA 老年护理工具包则强调老年方案不能一刀切——健康与不健康的老年宠物需要不同的管理方式。","6","3","PENDING_REVIEW","",""
"预防与体检节奏","prev-004","老年犬专项筛查包含哪些系统","预防","中","","单一来源","2","AAHA-SENIOR-2023 / AAHA-LIFE-STAGE-2019","工具包 Table 2（按身体系统的诊断路径）；信息图 p.3（senior care is multifaceted：医疗与介入、行为管理、共病识别、环境改造；""老年方案不能一刀切""） / Table 4 Senior 列（journal p.276）；Table 2 Imaging/ECG 行（p.274）","老年犬的筛查不是""多抽几管血""，而是按身体系统逐项过一遍：AAHA 老年护理工具包把老年犬的诊断路径按系统列出，多数系统的基线都是""老年血液学/生化组合 + 尿检""，再按发现加做专项；AAHA 生命阶段指南的 Table 4 则给出老年犬 6–12 个月的化验节奏。","6","3","PENDING_REVIEW","",""
"预防与体检节奏","prev-005","口腔检查与洗牙节奏：多久查一次、什么时候该洗牙","预防","高（写错会延误或伤人）","","两个机构互相印证","3","AAHA-DENTAL-2019 / WSAVA-DENTAL / AAHA-LIFE-STAGE-2019","p.5（1–2 岁前首次牙科预防）、p.6（清醒评估低估）、p.7（麻醉 + 口内 X 光、28% 数据）、p.9（PD1–PD4 分期）、p.12（麻醉下洁牙的必要性、不麻醉洁牙不可接受）、p.17（每次就诊讨论、每 6 个月清醒口腔检查）、p.19（10–14 天复查） / GDC Toothbrushing Toolkit p.1–2 / Table 2 Dentistry 行（journal p.274）","AAHA 牙科护理指南给的节奏是：口腔健康从第一次就诊起、之后每次就诊都要讨论，每 6 个月做一次清醒状态下的口腔检查是合适的；首次真正意义的洁牙（含抛光与口内 X 光）建议在小型与中型犬 1 岁前、较大体型犬 2 岁前完成，此后终生定期做麻醉下口腔检查与洁牙。家庭护理方面，WSAVA 建议每天刷牙一次，从恒牙萌出后（约 6–7 月龄）或专业洁牙后开始。","6","3","PENDING_REVIEW","",""
"预防与体检节奏","prev-006","肾病早期筛查：为什么要查尿、UPC 与血压","预防","高（写错会延误或伤人）","","两个机构互相印证","2","IRIS-CKD-2026 / AAHA-LIFE-STAGE-2019","Staging p.1（至少两次测定）、p.2（肌酐筛查不敏感、SDMA）、p.4（UPC 前提与 2 周/2 个月）、p.5–6（血压测定与持续性）；Dog recs p.2–3（各期测血压与 UPC、稳定后至少每 3 个月）、p.10（血钙血磷 4–6 周→12 周） / Table 4（journal p.276）","肾病的早期发现靠""按生命阶段的常规化验 + 对异常的确认""，而不是一次抽血：AAHA 生命阶段指南把尿检（含尿比重、尿沉渣、蛋白）列为成年犬每年一次、老年犬每 6–12 个月一次，生化最低组合里包含肌酐与（如有）SDMA；IRIS 指南解释了为什么单次结果不能下结论——分期要在补水、稳定状态下至少两次测定，尿蛋白与血压也必须在排除干扰因素后重复确认。","6","3","PENDING_REVIEW","",""
"预防与体检节奏","prev-007","体重与体况评分：该多久量一次、BCS 怎么摸","复查","中","","两个机构互相印证","2","AAHA-2021-NUTRITION / WSAVA-NUTRITION","journal p.154（每次就诊每只宠物筛查）、p.153（每次检查都做营养评估）、p.155（9 分制、BCS 与 MCS 分开）、p.157（BCS<4/9 或 >5/9 等触发进阶评估） / Body Condition Score Dog 2025 挂图；Muscle Condition Score Dog 挂图；Nutrition Assessment Guidelines 2011 p.3/p.5/p.9","体重、体况评分（BCS）与肌况评分（MCS）属于""每次就诊都要做""的筛查：AAHA 营养与体重管理指南写""每次就诊、每只宠物都要做筛查评估""，WSAVA 营养评估指南同样把营养筛查写成""每一只动物都要做""；BCS 必须靠触诊，光看体型和中长毛的外表会误判。","6","3","PENDING_REVIEW","",""
"预防与体检节奏","prev-008","疫苗与免疫记录该怎样留档","免疫","中","","两个机构互相印证","2","WSAVA-VACC-2024 / CN-EPIDEMIC-LAW","Medical records documentation（p.6） / 强制免疫相关条款","免疫记录不只是""打过几针""：WSAVA 要求接种时在病历中记录接种日期、执行人、疫苗名称/批号或序列号/有效期/厂商，以及接种的解剖部位与途径；并建议疫苗证书上除接种日期外，写明""预期保护到什么时候""。家长侧应把这些信息连同免疫证明一起保存——看病、出行、寄养都要用。","6","3","PENDING_REVIEW","",""
"预防与体检节奏","prev-009","寄生虫预防：为什么不能照搬网上的驱虫攻略","预防","中","","两个机构互相印证","2","AAHA-LIFE-STAGE-2019 / WSAVA-VACC-2024","Table 2 Parasitology 行（journal p.273）、Table 4（p.276） / Comprehensive Preventative Health Care（p.6）","体内外寄生虫的预防要按""当地流行 + 这只狗的生活方式""由兽医定，而不是照搬网上的月历：AAHA 生命阶段指南把肠道寄生虫的粪便检查写成幼犬第一年 4 次、成年后每年 1–4 次（取决于生活方式与是否在使用预防性产品），把心丝虫与蜱媒病检测写成每年一次；WSAVA 也把寄生虫的检测、治疗与预防列为个体化预防保健的一部分。本知识库不展开具体驱虫药物方案。","6","3","PENDING_REVIEW","",""
"预防与体检节奏","prev-010","品种遗传病筛查的时机","预防","中","","两个机构互相印证","2","WSAVA-HEREDITARY / AAHA-LIFE-STAGE-2019","p.1–2 / journal p.284（第一次就诊即开始品种教育、每个生命阶段做针对性检查、至少 2/3 犬种有已知遗传病）；Table 2 Breed-specific screening 行（p.274）；Table 4 Imaging/ECG 行（p.276）","遗传病筛查的时机分两层：一是""繁殖前""——WSAVA 遗传病委员会要求做繁殖前的体检、品种相关基因检测与遗传咨询；二是养犬家庭——AAHA 生命阶段指南按生命阶段给出该查什么：幼犬期看牙列、门体分流、骨科、呼吸与心血管；青年期看骨科、眼科、肾与肝；成年后关注肿瘤风险、肾、肝、内分泌与心血管；老年期转向肿瘤与晚发病的筛查。","6","3","PENDING_REVIEW","",""
"预防与体检节奏","prev-011","术前 / 麻醉前检查：为什么没有统一套餐，为什么仍要谈","预防","中","","单一来源","3","AAHA-LIFE-STAGE-2019 / AAHA-DENTAL-2019 / AAHA-SENIOR-2023","Table 4 脚注（journal p.276：""…do not include recommendations for preanesthetic bloodwork""）；Table 2 General 行（p.270） / p.12 / 工具包信息图 p.3","指南没有给出统一的""麻醉前检查套餐""：AAHA 生命阶段指南的最低数据库（Table 4）脚注明确写着这些建议针对看起来健康的犬、且""不包含麻醉前化验""——麻醉前查什么要由兽医按这只狗的年龄、已有疾病与拟行手术单独决定。同时指南也提醒，麻醉或镇静本身是一次做更全面体检的机会。","6","3","PENDING_REVIEW","",""
"预防与体检节奏","prev-012","家里该做哪些定期自查：从头到脚一张清单","预防","中","","单一来源","1","AAHA-SENIOR-2023","Your Senior Pet · From Head to Toe — Home Monitoring Tips（工具包 p.11）","AAHA 老年护理工具包给家长准备了一份""从头到脚""的家庭监测清单（Your Senior Pet From Head to Toe — Home Monitoring Tips），覆盖口腔、心/肺/胸部、神经、耳/皮肤/被毛/指甲、泌尿、消化、内分泌与淋巴血液、肌肉关节骨骼；指南的要求是""养成定期在家自查的习惯""，并明确说这不是全部症状的清单。","6","3","PENDING_REVIEW","",""
"预防与体检节奏","prev-013","体检报告该怎样归档与对比","解读","低","","两个机构互相印证","2","AAHA-LIFE-STAGE-2019 / WSAVA-VACC-2024","journal p.269 正文（可检索病历系统、记录并复核重要参数趋势、标准化评分）；journal p.285（基线才能看趋势，部分疾病在超出参考区间之前就已被发现）；Table 2 General 行（p.270） / Medical records documentation（p.6）","指南要求把病史与体检信息记录在""可检索的病历系统""里，能够清楚呈现体重、生命征与化验值随时间的走势，并明确要求""记录并复核重要临床参数的趋势""。对家长来说，最实用的做法是按日期保存每次报告，把长期关注的指标抄成一行，复诊时把这条趋势给医生看。","6","3","PENDING_REVIEW","",""
"预防与体检节奏","prev-014","疼痛的定期评估：老年犬最容易被漏掉的一项","复查","高（写错会延误或伤人）","","两个机构互相印证","3","WSAVA-PAIN-2022 / AAHA-LIFE-STAGE-2019 / AAHA-SENIOR-2023","第一部分「疼痛的识别与评估」及「急性疼痛的识别与评估」（中文版 p.11–16）：表 4（犬猫急性疼痛评估工具与量表名）、表 5（犬/猫疼痛相关行为变化）、图 7（猫面部疼痛量表）、图 11–12（疼痛姿势与""安静疼痛""易被误认） / journal p.269（五项生命征评估、疼痛评分、标准化评分记录）；Table 2 General 行（骨关节炎教育、家长观察、体检中评估 OA 分期）；Table 2 Behavior 行 senior 列（认知变化常规评估） / 工具包 Table 2 Integument 行（""Evaluate for pain""）；Your Senior Pet Booklet p.11（肌肉关节与骨骼的家庭观察清单、与兽医讨论疼痛管理）","疼痛是 AAHA 生命阶段指南规定的""五项生命征""之一，与体温、脉搏、呼吸、营养并列——也就是说每次体检都要评估，并用标准化评分记录以便看趋势；WSAVA 疼痛指南进一步要求疼痛评估要反复测量、而不是只看某一次的数字评分，并指出不熟悉疼痛行为的人很容易把""安静疼痛""误当成在休息。","5","3","PENDING_REVIEW","",""
"预防与体检节奏","prev-015","慢性病的复诊节奏由谁定","复查","中","","三个以上机构","3","IRIS-CKD-2026 / WSAVA-VACC-2024 / AAHA-LIFE-STAGE-2019","Dog recs p.3（稳定后至少每 3 个月）、p.10（血钙血磷 4–6 周→12 周）；Staging p.4（≥2 个尿样、≥2 周；临界蛋白尿 2 个月内复查）、p.7（分期随变化修订） / Comprehensive Preventative Health Care（p.6） / Table 2 Senior 列（journal p.270）","慢性病的复诊节奏没有一张通用时间表：它由主诊兽医按疾病、分期、用药与稳定程度决定。指南给出的思路是""分层""——例如 IRIS 肾病指南对正在治疗的高血压犬要求稳定后至少每 3 个月监测一次，对部分指标给出""每 4–6 周至稳定、之后每 12 周""的节奏；生命阶段指南则把""是否需要更频繁、更有针对性的检查""写进每次体检的讨论项。","6","3","PENDING_REVIEW","",""
"日常护理","nurse-001","刷牙：方法、顺序与每天一次的频率","预防","高（写错会延误或伤人）","","两个机构互相印证","2","WSAVA-DENTAL / AAHA-DENTAL-2019","居家照护－工具与刷牙方式／刷牙技巧（PDF p.85–86）；GDC 刷牙工具包 STEP 1–5 / Recommending Home Oral Hygiene and Products（p.17）","刷牙是目前去除牙菌斑最有效的方法，理想频率是每天一次；已确诊牙周病的犬需要每天刷，兽医可能建议每天两次。有效的关键不是力度而是位置与动作：牙刷与牙齿长轴成 45 度角，刷毛放在牙龈缘，沿牙弓做圆周运动，优先刷颊侧面。","6","3","PENDING_REVIEW","",""
"日常护理","nurse-002","牙刷与牙膏怎么选：为什么不能用人的牙膏","预防","中","","单一来源","1","WSAVA-DENTAL","居家照护－工具与刷牙方式／牙膏（PDF p.85–86）；VOHC 认证（PDF p.87）","唯一真正重要的工具是牙刷，按体型与配合度选：小型犬可用软毛儿童牙刷，玩具犬和幼犬用婴儿牙刷常常比大号宠物牙刷更好用。不要用人用牙膏 —— 通常含清洁剂、氟化物与小苏打，被吞下可能引起胃部不适或氟中毒；宠物专用牙膏主要作用是提高接受度，真正去除牙菌斑的是牙刷的机械动作。","6","3","PENDING_REVIEW","",""
"日常护理","nurse-003","牙结石与口臭：在家看什么、什么时候要看医生","分诊","中","尽快就医","两个机构互相印证","2","WSAVA-DENTAL / AAHA-DENTAL-2019","临床特征（PDF p.17）；重点整理（PDF p.23）；居家照护（PDF p.85） / Addressing Pain（p.15）；Nonanesthetic Scaling of Teeth（p.17）","在家能判断的是""牙龈有没有发炎""，不是""结石有多少""。牙结石本身基本不致病：正常牙龈呈珊瑚粉色、边缘细薄光滑，没有明显菌斑与结石；出现牙龈发红 → 水肿 → 口臭的顺序，说明已经在发炎。更早的信号是刷牙或啃咬时牙龈出血。看到牙龈发红、出血或持续口臭，就应该安排就诊。","6","3","PENDING_REVIEW","",""
"日常护理","nurse-004","耳朵多久清一次：多数时候""能不管就不管""","预防","中","","三个以上机构","3","WSAVA-NUTRITION / SACN5 / AAHA-SENIOR-2023","Principles of Wellness 2025－Principles of Dermatology（p.8） / 第 31 章 食物不良反应－马拉色菌皮炎、外耳炎 / Home Monitoring Tips：Inner and Outer Ear Flaps, Skin, Fur, Nails, and Nail Beds","健康耳道多数不需要频繁清洗。家长该做的是把耳廓与耳道开口纳入定期的体表检查（至少每周一次），看有没有红肿、异味、分泌物、抓挠或摇头；真正需要清洗时的频次与方式由兽医按个体决定，没有适用于所有犬的固定间隔，频繁洗耳本身也可能刺激耳道。","6","3","PENDING_REVIEW","",""
"日常护理","nurse-005","清耳手法与边界：什么时候绝对不能自己掏","安全","高（写错会延误或伤人）","","三个以上机构","3","SACN5 / WSAVA-NUTRITION / AAHA-SENIOR-2023","第 31 章 食物不良反应－耳道属于潮湿贴合皮肤面、外耳炎诊断 / Principles of Wellness 2025－Principles of Dermatology（p.8） / Home Monitoring Tips：Brain, Spinal Cord, and Nervous System","家庭能安全做的只有外耳廓与耳道开口可见部分的清洁；耳道深部的清理、冲洗与用药都必须由兽医完成。出现疼痛（碰耳就躲或叫）、耳道红肿、脓性分泌物、明显异味、频繁摇头抓耳时，不要自己掏耳，也不要往耳道里滴任何液体。","6","3","PENDING_REVIEW","",""
"日常护理","nurse-006","洗澡频率没有统一答案：先别洗太勤","预防","中","","单一来源","1","WSAVA-NUTRITION","Principles of Wellness 2025－Skin and Coat Care（p.5）、Principles of Dermatology（p.8）","洗澡频率取决于品种、被毛类型、皮肤状况与生活方式，没有统一答案；总原则是不要洗得太勤 —— 不必要的频繁洗澡会伤害被毛与皮肤，合适的间隔应与兽医讨论后确定。洗澡只是被毛护理的一部分，日常更重要的是规律梳理与检查。","6","3","PENDING_REVIEW","",""
"日常护理","nurse-007","洗完必须吹干：潮湿是皮肤问题的帮凶","预防","中","","两个机构互相印证","3","SACN5 / WSAVA-NUTRITION / WSAVA-WELFARE","第 31 章 食物不良反应－马拉色菌皮炎 / Principles of Wellness 2025－Principles of Dermatology（p.8） / The need for a suitable environment（p.36）","潮湿是皮肤问题的帮凶：酵母菌等微生物容易在潮湿、皮肤互相贴合的部位的增殖，耳道、腋下、腹股沟、趾间与皮肤褶皱正属于这类部位。所以洗澡、淋雨、游泳或踩水之后，要把这些地方彻底擦干、吹干，而不只是把表面被毛吹到不滴水。","6","3","PENDING_REVIEW","",""
"日常护理","nurse-008","被毛梳理：双层毛、长毛、卷毛犬的差别","预防","中","","两个机构互相印证","2","WSAVA-NUTRITION / SACN5","Principles of Wellness 2025－Principles of Dermatology（p.8） / 第 32 章－Box 32-1 毛囊结构与毛发周期","梳理不只是为了好看，更是检查皮肤的机会。被毛类型决定重点：长毛犬的皮肤问题容易被毛盖住，必须拨开被毛看皮肤；持续生长型（如贵宾、雪纳瑞）毛发几乎不停生长，需要定期修剪与梳理，否则容易打结；北欧类等静止期长的品种换毛集中，换毛期需要更勤地梳理。","6","3","PENDING_REVIEW","",""
"日常护理","nurse-009","剪指甲：按长度而不是按天数，血线看不清就别硬剪","安全","高（写错会延误或伤人）","","两个机构互相印证","2","AAHA-SENIOR-2023 / WSAVA-NUTRITION","Home Monitoring Tips：Inner and Outer Ear Flaps, Skin, Fur, Nails, and Nail Beds / Principles of Wellness 2025－Principles of Dermatology（p.8）","修剪频率按""长度""决定，而不是按固定天数：标准是指甲不影响站立与行走、不卷曲扎进肉垫。指甲内部有血管与神经（血线），剪过头会出血疼痛；深色指甲看不清血线时，每次只剪极小一段、分次完成，没有把握就交给兽医或专业美容师。","6","3","PENDING_REVIEW","",""
"日常护理","nurse-010","指甲过长对步态的影响：别把变化都当成""老了""","预防","中","","两个机构互相印证","2","AAHA-SENIOR-2023 / SACN5","Home Monitoring Tips：Muscles, Joints, and Bones／Brain, Spinal Cord, and Nervous System / 第 34 章 骨关节炎－活动能力与体重控制","指甲过长会改变脚掌着地方式与步态。家长能观察到的相关信号包括：走路拖着后脚、指甲在地面刮擦、上下楼梯或跳上车犹豫、起身僵硬、活动量下降。这些信号既可能来自指甲过长，也可能来自关节或神经问题，因此不要只在家剪指甲了事。","6","3","PENDING_REVIEW","",""
"日常护理","nurse-011","足垫与趾间护理：最容易被忽略的高发区","预防","中","","两个机构互相印证","2","SACN5 / AAHA-SENIOR-2023","第 31 章（趾间等贴合皮肤面易增殖微生物）；第 32 章（脚垫是接触与摩擦、易受损部位） / Table 2 Integument（p.2）；Home Monitoring Tips：Nails, Nail Beds","足垫与趾间是""接触与摩擦最多、又容易存水""的部位，属于皮肤问题的高发区。日常要做的就是三件事：定期看（有没有红肿、脱毛、破皮、异味、分泌物）、保持干爽、外出后清洁并擦干；发现犬频繁舔脚、走路不敢着地或趾间有异味，应尽快就医。","6","3","PENDING_REVIEW","",""
"日常护理","nurse-012","眼周清洁与泪痕：只做清洁和观察，别乱滴东西","预防","中","","两个机构互相印证","2","SACN5 / WSAVA-NUTRITION","第 32 章 犬猫皮肤与毛发疾病－毛发色素异常的外部来源与鉴别考虑 / Principles of Wellness 2025－Principles of Dermatology（p.8）","眼周日常护理只有两件事：轻柔清洁与观察变化。用干净的湿棉片或纱布从内眼角向外擦拭眼周毛发与皮肤，动作要轻，不要碰到眼球；不使用人用眼药水或刺激性清洁剂。泪痕本身不等于疾病，但持续加重或分泌物性状改变时需要就医。","6","3","PENDING_REVIEW","",""
"日常护理","nurse-013","皮肤褶皱犬的褶皱护理：清洁之后必须弄干","预防","高（写错会延误或伤人）","","两个机构互相印证","3","SACN5 / WSAVA-NUTRITION / WSAVA-WELFARE","第 31 章 食物不良反应－马拉色菌皮炎 / Principles of Wellness 2025－Principles of Dermatology（p.8） / The need for a suitable environment（p.36）","皮肤褶皱（唇褶、鼻褶等皮肤互相贴合的缝隙）潮湿、通风差，是酵母菌等微生物容易增殖的部位。面部褶皱多的犬需要更频繁的检查与护理：清洁褶皱内部之后一定要把水分弄干，只清洁不擦干等于给微生物创造环境；发现发红、异味、分泌物或犬频繁蹭脸抓脸，就要找兽医。","6","3","PENDING_REVIEW","",""
"日常护理","nurse-014","肛周与尾部护理：先看排便，再看局部","分诊","中","尽快就医","两个机构互相印证","2","SACN5 / AAHA-SENIOR-2023","第 64 章 便秘与排便障碍－会阴/肛周疾病与便秘的相互影响 / Home Monitoring Tips：Stomach, Intestines, Liver, and Gall Bladder","肛周与尾根是容易被忽略的部位。日常护理就是观察排便过程与肛周外观、保持该区域清洁干燥（长毛犬尤其要避免粪便粘附）。排便费力或疼痛、持续便秘、肛周红肿破溃或有分泌物、频繁舔咬该区域，都需要尽快就医。","6","3","PENDING_REVIEW","",""
"日常护理","nurse-015","老年犬卧床护理：减压、干燥、每天查皮肤","预防","高（写错会延误或伤人）","","两个机构互相印证","2","AAHA-SENIOR-2023 / WSAVA-WELFARE","Home Monitoring Tips：Muscles, Joints, and Bones（骨科床垫、加热垫警示）；Skin, Fur / The need for a suitable environment（p.36）","长期卧床或起身困难的犬，护理核心是三件事：减压（合适的支撑垫 + 定时帮助变换姿势）、干燥清洁（尿便污染会加速皮肤损伤）、每天检查皮肤。骨突处是重点观察部位，一旦出现压不褪色的发红、破皮、渗液或异味，就要就医。","6","3","PENDING_REVIEW","",""
"日常护理","nurse-016","慢性病犬的居家观察记录：饮水、尿量、体重怎么记","复查","中","","两个机构互相印证","2","WSAVA-NUTRITION / AAHA-SENIOR-2023","Principles of Wellness 2025－Principles of Nutrition（p.9）；WSAVA 营养评估准则中文版－监测（p.13） / Home Monitoring Tips：Urinary Tract and Kidneys／Endocrine Glands","居家监测不需要专业设备，关键是固定方法、连续记录：饮水量、排尿情况、体重、食欲、粪便与精神活动。记录的价值在于趋势 —— 单次数字意义有限，连续几周的变化才是兽医调整方案时最需要的信息。","6","3","PENDING_REVIEW","",""
"日常护理","nurse-017","在家做体况评分（BCS）：靠摸，不靠看","解读","中","","两个机构互相印证","2","WSAVA-NUTRITION / AAHA-2021-NUTRITION","BCS Dog 2025 评分卡；MCS Dog 评分卡；WSAVA 营养评估准则中文版 p.4–5 / BCS/MCS 评估（JAAHA 57(4):155–157）","体况评分（BCS）评估的是体脂，9 分制的目标通常是 4–5 分。BCS 必须靠看加摸：隔着被毛摸肋骨、腰椎、骨盆与腹部脂肪，中长毛犬尤其要摸。也要单独评估肌肉状况（MCS）—— 超重的犬同样可能有明显肌肉丢失。单次分数只是参考，隔一段时间重复测才有意义。","6","3","PENDING_REVIEW","",""
"日常护理","nurse-018","防滑与环境改造：老年犬与术后犬的居家安全","预防","中","","两个机构互相印证","3","WSAVA-WELFARE / AAHA-LIFE-STAGE-2019 / AAHA-SENIOR-2023","The need for a suitable environment（p.36） / Table 2－Environment：evaluate necessary environmental adaptations for mobility, sight, and hearing / Home Monitoring Tips：Muscles, Joints, and Bones","对行动不便的老年犬或术后犬，家里最容易出问题的是地面。核心改造三条：防滑（地垫、地毯、防滑垫）、减台阶（用坡道代替跳上跳下）、易达（水碗、休息处、排便点都在短距离内且不用跨门槛）。","6","3","PENDING_REVIEW","",""
"日常护理","nurse-019","幼犬到家：基础护理与适应期该建立的习惯","预防","中","","两个机构互相印证","3","AAHA-LIFE-STAGE-2019 / WSAVA-NUTRITION / WSAVA-DENTAL","Table 2－Behavior／Environment（Puppy 列） / Principles of Wellness 2025－Principles of Nutrition（p.10） / GDC 刷牙工具包：何时开始刷牙、从第一天开始训练","幼犬到家的头几周，护理重点是把""以后要做一辈子的事""变成习惯：固定作息与排泄点、逐步换粮（7–10 天过渡）、从第一天开始做摸脸摸爪摸耳吹风的脱敏、家里做幼犬安全排查。这个阶段的体验，会影响它一辈子对护理的接受度。","6","3","PENDING_REVIEW","",""
"日常护理","nurse-020","皮肤与被毛：什么算异常、什么情况要看医生","分诊","高（写错会延误或伤人）","尽快就医","两个机构互相印证","2","WSAVA-NUTRITION / AAHA-SENIOR-2023","Principles of Wellness 2025－Principles of Dermatology（p.8） / Home Monitoring Tips：Skin, Fur, Nails, and Nail Beds；Muscles, Joints, and Bones","皮肤与被毛的问题，家长能做的是定期看、记录变化、及时就医。需要联系兽医的信号包括：皮肤发红、肿胀、脱毛、皮屑或结痂、渗出、异味、被毛油腻，指甲与甲床的变化，以及剧烈或持续加重的瘙痒（严重瘙痒本身是重大福利问题）。不要长期靠换洗护产品或保健品自行处理。","6","3","PENDING_REVIEW","",""
"就诊前准备","visit-001","就诊前先记""可观察事实""，不要记主人的判断","安全","中","","两个机构互相印证","3","AAHA-LIFE-STAGE-2019 / WSAVA-NUTRITION / AAHA-SENIOR-2023","Table 2「General」栏 / 全球营养评估准则（2011）「监测」段 / Home Monitoring Tips for Senior Pets","同样一件事，""今天吐了三次，都在饭后十分钟左右""比""我觉得它得了肠胃炎""有用得多。要记的是四类可观察事实：什么时候开始、多久一次、什么情况下发生、比前几天是好还是坏——判断留给医生。","6","3","PENDING_REVIEW","",""
"就诊前准备","visit-002","去医院带上这五样：免疫记录、既往报告、用药清单、照片视频、现在吃的粮","安全","中","","三个以上机构","4","WSAVA-VACC-2024 / CN-EPIDEMIC-LAW / AAHA-LIFE-STAGE-2019 / AAHA-SENIOR-2023","Medical records documentation / 第三十条 / Table 2「General」栏 / Home Monitoring Tips for Senior Pets","同一只狗的接种史、既往检查、正在用的药，决定了这次该查什么、要不要重复查，也关系到用药安全。出门前按五样核对一遍，比到院后凭记忆回想可靠得多。","6","3","PENDING_REVIEW","",""
"就诊前准备","visit-003","一段话讲清病情：时间线叙述法","安全","中","","三个以上机构","3","AAHA-LIFE-STAGE-2019 / WSAVA-NUTRITION / MERCK-CLINICAL-BIOCHEM","Table 2「Behavior」栏 / Short Diet History Form「Fed since」栏 / 病史与临床检查（history and clinical examination）","把病情说清楚有个固定顺序：什么时候开始 → 现在什么频率 → 比之前好了还是差了 → 已经做了什么。四句说完再补充其他，医生能在最短时间里抓住重点；至于""是什么病、要不要紧""，那是医生的部分。","6","3","PENDING_REVIEW","",""
"就诊前准备","visit-004","医生通常会先问这几件事：食欲、饮水、排尿排便、精神、体重、有没有误食","安全","中","","两个机构互相印证","3","WSAVA-NUTRITION / AAHA-SENIOR-2023 / AAHA-LIFE-STAGE-2019","Nutritional Assessment Checklist／2011 准则「监测」段 / Home Monitoring Tips for Senior Pets / Table 2 与 Pet Lifestyle and Safety Assessment","这几项是面诊时几乎一定会被问到的""基础六问""：它们同时反映消化、泌尿、内分泌等多个方向，也决定要不要加做检查。提前把答案想好（最好带上记录或数字），面诊能快很多。","6","3","PENDING_REVIEW","",""
"就诊前准备","visit-005","急诊先说三句：最危急的表现、开始时间、基础病与正在用的药","分诊","高（写错会延误或伤人）","立即就医","两个机构互相印证","3","AAHA-LIFE-STAGE-2019 / WSAVA-WELFARE / AAHA-SENIOR-2023","Table 2「General」栏 / Chapter 3: Pre-arrival／Receiving area（triage） / Seek immediate veterinary care 清单","到了急诊（或打电话求助），先说三句：① 现在最危险的表现是什么 ② 从什么时候开始 ③ 有没有基础病、正在用什么药。这三句决定接下来是先抢救还是先检查；其余细节等医生问。","6","3","PENDING_REVIEW","",""
"就诊前准备","visit-006","慢性病复诊前准备：家庭监测数据、用药依从情况、这段时间的变化","复查","中","","三个以上机构","3","WSAVA-NUTRITION / AAHA-LIFE-STAGE-2019 / IRIS-CKD-2026","2011 准则「监测」段／Nutritional Assessment Checklist / Table 2「General」栏；Table 4 / 监测与复查","慢性病复诊看的是趋势，而趋势的一半数据来自家里。带上家庭监测记录、这段时间的用药情况、以及变化从什么时候开始，医生才能判断方案要不要调整。","6","3","PENDING_REVIEW","",""
"就诊前准备","visit-007","体检／化验前要不要禁食、要不要停药：按医院要求，不要自己停","预防","高（写错会延误或伤人）","","三个以上机构","3","WSAVA-NUTRITION / AAHA-LIFE-STAGE-2019 / MERCK-CLINICAL-BIOCHEM","Nutritional Assessment Checklist：Nutritional screening risk factors / Table 2「General」栏 / 影响分析物的因素（进食、运动、应激、用药）","要不要空腹、空腹多久、要不要停药，只有一个依据：这家医院对这次检查的具体要求。不同项目要求不同；长期用药尤其不要自行停——先打电话问开药的兽医，并把用药清单交给医院，由医生决定。","6","3","PENDING_REVIEW","",""
"就诊前准备","visit-008","看完之后：把医嘱记下来，知道什么情况要提前回来","复查","中","","两个机构互相印证","3","WSAVA-WELFARE / AAHA-LIFE-STAGE-2019 / WSAVA-NUTRITION","Chapter 3: Record keeping / Table 2「General」栏 / Nutritional Assessment Checklist：Recommendations for monitoring","离院前把三件事写下来：下次什么时候复诊、这段时间在家重点观察什么、出现什么情况要提前回来。回家按日期记观察结果，复诊时带上——这样""有没有效果""才有依据。","6","3","PENDING_REVIEW","",""
"品种遗传风险","breed-001","髋关节与肘关节发育不良：大型犬的品种相关骨科筛查（拉布拉多、金毛、德牧等）","预防","高（写错会延误或伤人）","","三个以上机构","3","SACN5 / AAHA-LIFE-STAGE-2019 / WSAVA-PAIN-2022","第34章 骨关节炎 · Risk Factors / Dogs 节 / Breed-specific screening 行；Table 4 Imaging 行 / Degenerative joint disease topic sheet（改编自 Mathews et al. 2014）","发育性骨科疾病（含髋关节与肘关节发育不良）在大型、快速生长的犬中更常见，SACN5 举出的高风险品种是德国牧羊犬（German shepherd dog）、罗威纳（Rottweiler）、拉布拉多寻回犬（Labrador Retriever）与金毛寻回犬（Golden Retriever）。髋关节发育不良是多基因遗传病，营养与生活方式能明显影响它的发生率与严重程度——也就是说，风险高不等于会发病，但值得从幼犬期就做体重与生长管理，并在兽医建议的年龄做影像学筛查。","6","3","PENDING_REVIEW","",""
"品种遗传风险","breed-002","椎间盘疾病：软骨发育不良型品种（腊肠犬、法国斗牛犬）","预防","高（写错会延误或伤人）","","三个以上机构","4","ACVIM-CONSENSUS / WSAVA-REPRO / WSAVA-HEREDITARY / AAHA-SENIOR-2023","ACVIM 2022 犬胸腰段椎间盘突出共识 · Introduction 与再发率段落 / 5.1.3 Orthopaedic diseases / The role of genetic testing / The importance of genetic counselling / Home Monitoring Tips for Senior Pets · Muscles, Joints, and Bones","在软骨发育不良型（chondrodystrophic）品种中，椎间盘退变发生得更早、更重。ACVIM 2022 胸腰段椎间盘突出共识指出，这一过程与 12 号染色体上的 FGF4 逆转录基因相关，而胸腰段椎间盘突出正是犬急性轻瘫与瘫痪最常见的原因——原因就在于这类品种的流行度高。非软骨发育不良品种也会发生，但频率低得多。","6","3","PENDING_REVIEW","",""
"品种遗传风险","breed-003","膝关节与后肢跛行：品种相关骨科筛查原则（本条不含品种名单）","预防","中","","三个以上机构","4","AAHA-LIFE-STAGE-2019 / WSAVA-HEREDITARY / WSAVA-PAIN-2022 / SACN5","Breed-specific screening 行；Table 4（Imaging / ECG 行） / Health-conscious breeding / Degenerative joint disease topic sheet / 第34章 骨关节炎 · 引言与风险因素","膝关节问题是犬跛行最常见的原因之一：SACN5 指出前十字韧带断裂是犬跛行最常见的原因、也是犬骨关节炎最常见的创伤性原因。骨科问题在品种之间分布不同、应按品种筛查，这一点来源是支持的；但""哪个品种易患髌骨脱位""的名单不在我们的来源里，因此本条正文不写具体品种，改为写清筛查原则与观察要点。","6","3","PENDING_REVIEW","",""
"品种遗传风险","breed-004","短头颅（扁脸）犬的气道与口腔风险：巴哥、法国斗牛犬、英国斗牛犬、波士顿梗","预防","高（写错会延误或伤人）","","三个以上机构","6","WSAVA-HEREDITARY / WSAVA-WELFARE / ACVIM-CONSENSUS / AAHA-DENTAL-2019 / AAHA-LIFE-STAGE-2019 / SACN5","Health-conscious breeding / Chapter 4 · Selective breeding of companion animals；Chapter 3 · suitable diet（饲喂器具适配短头颅动物） / ACVIM 2020 肺动脉高压共识 · Group 3a1 气管/主支气管塌陷、BOAS 条目与 T8 建议 / 麻醉与口腔评估章节 / Breed-specific screening / 牙科护理段落 / 第47章 牙周病 · Breed 节","极短的面部（brachycephaly）被 WSAVA 遗传病委员会明确列为""容易致病的解剖特征""之一，选育方向应当是更温和、更不极端的面部结构。短头颅犬的气道结构与牙齿拥挤会带来一系列可预期的风险：麻醉与苏醒期需要特别防范低氧与呼吸困难，咬合异常与牙齿拥挤让口腔护理更难，上气道阻塞还可能与肺动脉高压相关。","6","3","PENDING_REVIEW","",""
"品种遗传风险","breed-005","二尖瓣退变（心内膜病）：骑士查理王小猎犬与小型犬的品种相关心脏筛查","预防","高（写错会延误或伤人）","","三个以上机构","4","SACN5 / AAHA-LIFE-STAGE-2019 / ACVIM-CONSENSUS / AAHA-SENIOR-2023","第36章 心血管疾病 · 获得性心脏病与品种段落 / Breed-specific screening 行；Table 4（ECG 行） / ACVIM 2020 肺动脉高压共识 · Group 2 与 MMVD 相关段落 / Home Monitoring Tips for Senior Pets · Heart","慢性二尖瓣瓣膜病（心内膜病）是犬最常见的获得性心脏异常，影响超过三分之一的 10 岁以上犬，在小体型犬中发生频率相对更高；SACN5 记录骑士查理王小猎犬（Cavalier King Charles Spaniel）中二尖瓣疾病在英国、瑞典、美国被检出的比例超过 50%。建议从中年起把""听诊有无心脏杂音""作为每次体检的固定项目。","6","3","PENDING_REVIEW","",""
"品种遗传风险","breed-006","扩张型心肌病：杜宾、拳师与大型犬的品种相关心脏风险","预防","高（写错会延误或伤人）","","三个以上机构","4","SACN5 / AAHA-LIFE-STAGE-2019 / WSAVA-HEREDITARY / AAHA-SENIOR-2023","第36章 心血管疾病 · 心肌疾病与 Risk Factors 段 / Breed-specific screening 行；Table 4 / The importance of genetic counselling / Home Monitoring Tips for Senior Pets","SACN5 指出，大型犬（尤其公犬）更容易发生扩张型心肌病（DCM），其中杜宾犬（Doberman Pinscher）特别易感；拳师犬（Boxer）中常见的是致心律失常性右心室心肌病（ARVC）。SACN5 把心血管疾病的危险因素总结为品种、性别、肥胖、肾脏病、药物、内分泌病与心丝虫感染，其中品种与性别是最重要的两个。","6","3","PENDING_REVIEW","",""
"品种遗传风险","breed-007","先天性心脏结构异常（含主动脉瓣狭窄）：幼犬期筛查原则（本条不含品种名单）","预防","中","","三个以上机构","4","SACN5 / AAHA-LIFE-STAGE-2019 / AAHA-DENTAL-2019 / WSAVA-HEREDITARY","第36章 心血管疾病 · Risk Factors 段 / Breed-specific screening 行（Puppy 列） / 麻醉与全身风险因素段落 / Health-conscious breeding / The importance of genetic counselling","SACN5 明确""品种与性别看来是犬心血管疾病最重要的危险因素""，并指出若干品种对多种先天性心血管畸形风险更高，主动脉瓣狭窄是其中之一。这类畸形多数在幼犬期就能通过听诊发现线索，因此幼犬每次体检都应做心脏听诊。""哪个品种对应哪种畸形""的名单不在我们的来源里，品种级对应关系请与兽医核对。","6","3","PENDING_REVIEW","",""
"品种遗传风险","breed-008","铜蓄积性肝病：贝灵顿梗、拉布拉多等品种的肝铜风险","预防","高（写错会延误或伤人）","","三个以上机构","3","ACVIM-CONSENSUS / SACN5 / AAHA-LIFE-STAGE-2019","ACVIM 2019 犬慢性肝炎共识 · 铜相关慢性肝炎段落 / 第68章 肝胆疾病 · Canine Copper-Associated Hepatotoxicosis / Breed-specific screening 行（Mature Adult / Senior 列）","铜相关慢性肝炎（CuCH）可以发生在任何品种（包括混血犬），但贝灵顿梗（Bedlington Terrier）、达尔马提亚犬、拉布拉多寻回犬、杜宾犬与西高地白梗被认为更容易发生；贝灵顿梗是研究得最清楚的遗传性铜中毒模型。异常铜蓄积来自胆汁排铜障碍、膳食铜过多，或两者兼有。风险更高不等于会发病，但值得在体检中关注肝酶，必要时评估肝铜。","6","3","PENDING_REVIEW","",""
"品种遗传风险","breed-009","门体分流与门静脉发育不良：约克夏、马尔济斯等小型犬的血管异常","预防","高（写错会延误或伤人）","","三个以上机构","3","SACN5 / AAHA-LIFE-STAGE-2019 / MERCK-HEPATIC","第68章 肝胆疾病 · Portosystemic Shunts in Dogs and Cats（含 Primary portal vein hypoplasia） / Breed-specific screening 行（Puppy 列） / 胆汁酸与门体分流判读（背景与警示）","先天性门体分流（PSS）分为肝内型（多见于大型犬）与肝外型（多见于小型犬）；爱尔兰猎狼犬中已确认存在遗传基础。SACN5 还记录，原发性门静脉发育不良（微血管发育不良）常见于凯恩梗、约克夏梗与马尔济斯。幼年患犬可能生长迟缓、体重不增，部分会出现肝性脑病或尿酸盐结石。AAHA 生命阶段指南把门体分流列入幼犬阶段应筛查的异常之一。","6","3","PENDING_REVIEW","",""
"品种遗传风险","breed-010","膀胱结石与尿酸结石：达尔马提亚犬、英国斗牛犬等品种的结石成分线索","预防","中","","三个以上机构","3","SACN5 / AAHA-LIFE-STAGE-2019 / ACVIM-CONSENSUS","第38章 表38-11；第39章 Purine Uroliths；第42章 Cystine Uroliths；第43章 Struvite / Table 4（Urinalysis 行） / ACVIM 2024 犬尿失禁共识 · 影像学与尿石排查建议","SACN5 的尿石判读表把品种列为预测结石成分的线索之一：尿酸/尿酸盐结石最常见于达尔马提亚犬（Dalmatian）与英国斗牛犬（English Bulldog），胱氨酸结石以英国斗牛犬、腊肠、巴吉度猎犬与纽芬兰犬为代表，草酸钙结石以迷你雪纳瑞等为代表。雄性犬在多数结石类型中占明显多数。品种只是线索，确诊必须靠结石分析。","6","3","PENDING_REVIEW","",""
"品种遗传风险","breed-011","遗传性凝血障碍与血管性血友病：杜宾、苏格兰梗等易感品种的术前提示","预防","中","","两个机构互相印证","2","ACVIM-CONSENSUS / MERCK-HEME","ACVIM 2019 犬慢性肝炎共识 · 肝活检前出血风险评估（vWF 活性与易感品种表注） / 血小板与凝血项目解读（背景与警示）","血管性血友病（von Willebrand disease）是最常见的犬遗传性出血性疾病之一。ACVIM 犬慢性肝炎共识在讨论""肝活检前的出血风险评估""时明确列出易感品种：杜宾犬（Doberman Pinscher）、苏格兰梗（Scottish Terrier）、喜乐蒂牧羊犬、金毛寻回犬、古代英国牧羊犬、罗威纳、德国牧羊犬、雪纳瑞、柯基与切萨皮克湾寻回犬，并建议在易感品种中检测血管性血友病。知道品种风险的意义在于：任何手术或活检前，先让兽医评估出血风险。","6","3","PENDING_REVIEW","",""
"品种遗传风险","breed-012","糖尿病与甲状腺功能减退的品种倾向：萨摩耶、澳洲梗、杜宾等","预防","中","","三个以上机构","4","SACN5 / WSAVA-REPRO / AAHA-LIFE-STAGE-2019 / AAHA-SENIOR-2023","第29章 · Diabetes Mellitus 品种段与 Hypothyroidism 段 / 5.1.4 Metabolic and endocrine disorders / Breed-specific screening 行；Table 4 / Home Monitoring Tips for Senior Pets · Endocrine Glands","SACN5 列出糖尿病风险更高的犬品种，包括澳洲梗（Australian Terrier）、标准与迷你雪纳瑞、比熊、狐狸梗、迷你与玩具贵宾、萨摩耶（Samoyed）、凯恩梗、荷兰毛狮犬、马尔济斯、拉萨犬与约克夏梗。甲状腺功能减退方面，WSAVA 犬猫生殖管理指南记录杜宾犬与金毛寻回犬存在品种倾向，且性腺切除会增加风险。这些是""值得在体检中留意""的提示，不是判决。","6","3","PENDING_REVIEW","",""
"品种遗传风险","breed-013","品种相关眼病的筛查与遗传咨询（原则，本条不含品种—疾病名单）","预防","中","","两个机构互相印证","2","AAHA-LIFE-STAGE-2019 / WSAVA-HEREDITARY","Breed-specific screening 行；Table 4（Mature Adult 列 ophthalmic） / The role of genetic testing / The importance of genetic counselling / Further information","眼科遗传病是品种筛查的经典领域：AAHA 2019 犬生命阶段指南把""柯利犬眼筛查（collie eye screening）""与髋关节筛查并列，作为品种特异性筛查结果应公开入库的例子，并要求在成熟成年阶段筛查眼部异常。WSAVA 遗传病委员会则强调，基因检测必须针对具体疾病与具体品种验证过，遗传咨询必须个体化。","6","3","PENDING_REVIEW","",""
"品种遗传风险","breed-014","皮肤与被毛的品种遗传倾向：西高地、沙皮、英国斗牛犬等","预防","高（写错会延误或伤人）","","三个以上机构","3","SACN5 / WSAVA-HEREDITARY / AAHA-LIFE-STAGE-2019","第32章 表32-2 与 Atopy 段；第31章 Adverse Reactions to Food 段 / Health-conscious breeding / Breed-specific screening 行（Puppy 列）","SACN5 皮肤与被毛疾病章节给出""非肿瘤性皮肤病品种倾向""表与特应性皮炎易感品种名单：西高地白梗（West Highland White Terrier）、沙皮犬（Chinese Shar-Pei）、英国斗牛犬（English Bulldog）、拳师犬、拉布拉多、金毛、波士顿梗、达尔马提亚犬、巴哥犬等都在不同项目上被列出。WSAVA 遗传病委员会还把""皮肤褶皱""明确列为容易致病的解剖特征，呼吁选育更温和的结构。","6","3","PENDING_REVIEW","",""
"品种遗传风险","breed-015","免疫介导性疾病的品种倾向：德国牧羊犬、沙皮、拳师犬等易感品种概览","预防","高（写错会延误或伤人）","","三个以上机构","3","ACVIM-CONSENSUS / SACN5 / WSAVA-REPRO","ACVIM 2026 犬慢性肠病共识 · 品种易感性段；ACVIM 2022 现状综述 · 遗传与免疫段 / 第61章 表61-3；第29章 Hypothyroidism；第31章 Adverse Reactions to Food / 5.1.4 与性腺切除长期影响章节","多类免疫相关疾病都有品种倾向。可引用的来源包括：ACVIM 犬慢性肠病共识列出德国牧羊犬（German Shepherd Dog）、软毛麦色梗与中国沙皮犬（Chinese Shar-Pei）等易感品种；拳师犬与法国斗牛犬的肉芽肿性结肠炎与黏膜侵袭性大肠杆菌相关；SACN5 记录拳师犬与组织细胞性结肠炎相关，并指出淋巴细胞性甲状腺炎（免疫介导）存在品种倾向；WSAVA 犬猫生殖管理指南记录性腺切除与某些免疫疾病发生率升高相关。","6","3","PENDING_REVIEW","",""
"品种遗传风险","breed-016","肿瘤的品种倾向与筛查原则：金毛、拳师、苏格兰梗等","预防","中","","三个以上机构","4","SACN5 / AAHA-LIFE-STAGE-2019 / AAHA-SENIOR-2023 / WSAVA-HEREDITARY","第30章 肿瘤 · Etiopathogenesis（品种特异性倾向段） / Breed-specific screening 行；Table 4 / Home Monitoring Tips for Senior Pets · Lymph Nodes and Blood Cells / The role of genetic testing / The importance of genetic counselling","SACN5 肿瘤章节指出，虽然对使宠物易患肿瘤的品种特异性遗传改变了解仍少，但某些犬品种的肿瘤发生率确实更高；在肿瘤病例群体中被""过度代表""的品种包括拳师犬（Boxer）、罗威纳、德国牧羊犬、苏格兰梗（Scottish Terrier）与金毛寻回犬（Golden Retriever）。SACN5 还记录苏格兰梗易患膀胱移行细胞癌，德国牧羊犬的肾囊腺癌伴结节性皮肤纤维化是研究得较清楚的遗传性肿瘤模型。AAHA 生命阶段指南要求在成年后期与老年阶段筛查肿瘤风险。","6","3","PENDING_REVIEW","",""
"行为与认知","behav-001","老年认知障碍（CDS）的早期信号：DISHAA 六类表现","定义","中","","两个机构互相印证","3","SACN5 / AAHA-SENIOR-2023 / AAHA-LIFE-STAGE-2019","第35章 临床重要性、表35-1、风险因素 / 工具包第2页（指南摘要与缩写表） / Behavior · For the senior dog","老年犬的认知功能障碍（CDS）常从细微、间歇、只在特定场景才出现的行为变化开始：定向障碍、与人或其他动物的互动改变、睡眠-觉醒周期改变、失去居家排便等已学会的行为、活动量改变，以及焦虑/不安增加。AAHA 2023 老年护理指南把这一类表现归纳为 DISHAA，并列出 CADES（犬痴呆量表）、CCD（犬认知功能障碍）等术语与工具。看到这些信号应当记录下来并安排兽医评估，而不是等它变严重。","6","2","PENDING_REVIEW","",""
"行为与认知","behav-002","""老了就这样""是最大的误区：行为变化不是正常衰老","定义","中","","三个以上机构","4","AAHA-SENIOR-2023 / SACN5 / AAHA-LIFE-STAGE-2019 / WSAVA-PAIN-2022","工具包第2页 指南摘要 / 第14章 引言；第35章 病例35-1 讨论与风险因素 / Behavior 章节 / 第1部分 · 实用的慢性疼痛评估和识别","把行为变化归因于""老了就这样""，是老年犬最常被错过的一类问题：家长往往已经注意到了变化，却没有告诉兽医，于是一拖再拖。AAHA 2023 老年护理指南摘要明确""old age is not a disease（老年不是疾病）""，并把""老年宠物必然出现身体、精神与行为的衰退""列为需要纠正的家长认知；SACN5 同样提醒不应接受""健康不佳与年老同义""的观念。","6","2","PENDING_REVIEW","",""
"行为与认知","behav-003","行为变了先查身体：疼痛、感官退化、牙病与内科病","分诊","高（写错会延误或伤人）","尽快就医","三个以上机构","5","SACN5 / AAHA-SENIOR-2023 / AAHA-LIFE-STAGE-2019 / WSAVA-WELFARE / WSAVA-PAIN-2022","第35章 患者评估、风险因素、再评估 / 工具包第11页 居家监测指南（各系统信号） / Safety；Behavior · For the senior dog / Five Animal Welfare Needs 第5项 / 准则（第5页）；表5（犬急性疼痛行为）；表8（犬慢性疼痛行为）","老年犬出现行为变化时，第一步不是""纠正行为""，而是排查身体原因：疼痛（尤其关节炎、牙痛）、视力与听力下降、肾病、高血压、内分泌疾病、口腔问题都可能表现为行为改变。认知功能障碍（CDS）只有在排除其他医学问题之后才能成立；发现异常请尽快安排就诊，并带上在家的行为记录与用药清单。","6","3","PENDING_REVIEW","",""
"行为与认知","behav-004","居家配合：固定作息与路线、益智与嗅闻、保持社交与温和运动","预防","中","","三个以上机构","3","SACN5 / WSAVA-WELFARE / AAHA-LIFE-STAGE-2019","第35章 辅助治疗 · 行为丰富化；再评估 / Five Animal Welfare Needs / Safety 章节","对已经出现认知或行为变化的老年犬，除了就医排查，家里能做的是""把生活变得可预期、让脑子与鼻子有事做、让身体保持活动、不要减少社交""。SACN5 引述的实验室研究显示，环境丰富化（增加活动、提供玩具与同伴、规律进行认知互动）与抗氧化食品联合使用，对延缓老年犬认知下降的效果优于任一单一措施；WSAVA 动物福利指南则把""能表现正常行为""""有安静固定的休息处与规律排泄安排""列为基本福利需求。","5","3","PENDING_REVIEW","",""
"行为与认知","behav-005","环境改造与安全：防滑、楼梯、家具摆放与离家安排","安全","中","","两个机构互相印证","3","AAHA-LIFE-STAGE-2019 / AAHA-SENIOR-2023 / WSAVA-WELFARE","Safety 章节（老年犬段） / 工具包第11页 居家监测指南 / Five Animal Welfare Needs 第1项","老年犬的活动力、视力、听力与认知下降之后，原本没问题的地面、楼梯和家具都会变成风险。AAHA 生命阶段指南的建议是：地面与楼梯提供防滑、必要时调整日常安排减少上下楼梯、对会无目的走动的认知障碍犬减少地面杂物；同时提前安排离家与突发情况时的照护，并确保身份标识清晰可读，降低走失与意外的风险。","6","2","PENDING_REVIEW","",""
"行为与认知","behav-006","老年犬睡眠节律变化：夜里转圈、叫唤、白天睡得多","解读","中","","两个机构互相印证","2","SACN5 / AAHA-SENIOR-2023","第35章 表35-1 第8类、表35-2、临床重要性 / 工具包第11页 居家监测指南 · 神经系统","""晚上不睡、白天睡得多""是老年犬常见的认知与行为信号，但也可能是疼痛、感官退化或内科病造成的夜间不安。SACN5 把""不安稳的睡眠或夜里醒来""""白天睡眠增加""列为评估老年犬年龄相关认知下降的条目，并把""睡眠-觉醒周期被打乱""对应到临床上的""夜间徘徊""。出现新的、持续的夜间不安，应当尽快让兽医评估，而不是""再熬一熬""。","6","2","PENDING_REVIEW","",""
"行为与认知","behav-007","食欲与行为的联动：吃不下、吃法变了也是信号","解读","中","","三个以上机构","3","SACN5 / AAHA-SENIOR-2023 / WSAVA-PAIN-2022","第35章 表35-1 第5类 / 工具包第11页 居家监测指南 / 表5 犬栏","食欲变化本身就是老年犬行为评估的一部分：SACN5 把""食欲增加、食欲下降、在食盆前出现焦虑-冲突行为""单列为一类；AAHA 老年工具包则把""掉食、对食物兴趣下降、护着头或嘴、流口水、吞咽困难""列为需要联系兽医的口腔信号，把""不吃或食欲下降、体重与肌肉变化""列为消化道相关信号。吃不下往往不是""挑食""，而可能与疼痛、牙病或内科问题有关。","6","3","PENDING_REVIEW","",""
"行为与认知","behav-008","老年犬的焦虑与分离问题：黏人、夜里不安、破坏与叫唤","解读","中","","三个以上机构","4","SACN5 / WSAVA-WELFARE / AAHA-LIFE-STAGE-2019 / WSAVA-PAIN-2022","第35章 临床重要性；表35-1 第4类 / Behavioural responses to stress / Behavior 章节 / 表5 犬栏；1.5 犬急性疼痛的识别","老年犬的焦虑常被误认为""变娇气""或""脾气变坏""。SACN5 引述的行为专科门诊常见主诉里，分离焦虑、随地排便、恐惧症、夜里醒来与过度叫唤都排在前面；在针对老年犬行为问题的专家会诊回顾中，激越与焦虑相关表现占了很大比例。焦虑既可能是脑老化（认知功能障碍）的表现，也可能是疼痛或内科病的结果，需要兽医评估。","6","2","PENDING_REVIEW","",""
"行为与认知","behav-009","怎么记行为日志：记频率、记场景，才有判断价值","解读","中","","三个以上机构","4","WSAVA-WELFARE / SACN5 / AAHA-LIFE-STAGE-2019 / AAHA-SENIOR-2023","Behavioural responses to stress；福利评估章节 / 第35章 表35-1、患者评估 / Behavior · For the senior dog / 工具包第11页 居家监测指南","同一个行为，一天一次和一天十次、只在家里发生和在陌生环境也发生，意义完全不同。WSAVA 动物福利指南强调行为不能脱离场景判断——要看""做了什么、什么时候、怎么做、在哪里、为什么""；SACN5 也指出老年犬的行为变化常常间歇出现、起病细微、只在诊室外才看得到，所以家长带去的记录往往比诊室里的几分钟更有价值。","6","2","PENDING_REVIEW","",""
"行为与认知","behav-010","什么时候该看医生：行为变化的就医时机","分诊","高（写错会延误或伤人）","尽快就医","三个以上机构","5","WSAVA-WELFARE / SACN5 / AAHA-SENIOR-2023 / AAHA-LIFE-STAGE-2019 / WSAVA-PAIN-2022","Recognition of animal pain；Conclusion / 第35章 再评估；病例35-1 讨论 / 工具包第11页 居家监测指南 / Behavior 章节 / 准则（第5页）；1.6–1.7 慢性疼痛的识别","行为变化本身就需要兽医评估：WSAVA 动物福利指南明确指出，疼痛常常是通过行为改变被识别出来的，行为改变往往是动物不舒服的最早线索。以下几种情况不要等：突然出现的行为变化、已经影响进食或睡眠、出现攻击或自伤、出现抽搐或站不起来等神经表现。","6","2","PENDING_REVIEW","",""
"行为与认知","behav-011","行为变化与长期用药：把用药清单带给医生","解读","高（写错会延误或伤人）","","两个机构互相印证","2","SACN5 / AAHA-LIFE-STAGE-2019","第35章 患者评估；病例35-2 讨论 / 表2 生命阶段检查清单 · 用药与补充剂询问","老年犬常同时管理多个健康问题，可能同时使用多种处方药、保健品或外用产品，其中一些可能与行为变化有关。SACN5 在排查老年犬行为问题时，把""正在使用的药物治疗""列为可能的影响因素之一；AAHA 生命阶段指南把""询问当前使用的药物与补充剂（含保健品、草药）""列入就诊内容。做法很简单：把完整用药清单带给兽医，由兽医判断相关性——不要自行停药或改剂量。","5","3","PENDING_REVIEW","",""
"行为与认知","behav-012","变化是慢慢来的：每 3 个月做一次简单行为自查","复查","中","","两个机构互相印证","2","SACN5 / AAHA-LIFE-STAGE-2019","第35章 风险因素、再评估、表35-1 / 就诊频率与生命阶段评估（老年犬段）","老年犬的认知与行为变化通常进展缓慢：起初没有异常的老犬在 12–18 个月后可能有 22% 出现至少一项 CDS 征象，起初已有一项异常的犬有 48% 会发展到两个及以上类别（SACN5）。因此建议每 3 个月（约 12 周）对照一份简单清单自查一次、与上一次对比并记录；正式的筛查与体检频率由兽医安排，老年犬通常至少每 6 个月一次。","6","3","PENDING_REVIEW","",""
